transaction_ref,customer_ref,customer_name,customer_success_rate,amount,payment_method,failure_code,retry_count,predicted_recovery_probability,recommended_action,actual_outcome,amount_recovered,timestamp
SIM-TXN-00001,CUST-0493,Amit Joshi,52.59,3631.39,NETBANKING,BANK_ERROR,1,60.0,NOTIFY,FAILED,0.0,2026-08-10 20:33:33.043570
SIM-TXN-00002,CUST-0197,Aditya More,51.11,2185.04,UPI,INSUFFICIENT_FUNDS,0,38.0,ESCALATE,SUCCESS,2185.04,2026-08-18 03:02:33.043570
SIM-TXN-00003,CUST-0295,Rohan Deshmukh,69.65,4097.58,NETBANKING,BANK_TIMEOUT,0,83.0,RETRY,FAILED,0.0,2026-08-31 17:55:33.043570
SIM-TXN-00004,CUST-0203,Amit Joshi,55.07,8253.76,UPI,BANK_TIMEOUT,2,53.0,STOP,NOT_ATTEMPTED,0.0,2026-08-24 09:31:33.043570
SIM-TXN-00005,CUST-0427,Aditya More,78.15,2023.69,NETBANKING,UNKNOWN,0,35.0,ESCALATE,FAILED,0.0,2026-08-17 19:47:33.043570
SIM-TXN-00006,CUST-0113,Amit Joshi,68.49,2023.72,NETBANKING,AUTH_FAILED,2,22.0,STOP,NOT_ATTEMPTED,0.0,2026-08-31 18:58:33.043570
SIM-TXN-00007,CUST-0349,Kunal Patil,59.65,8633.2,UPI,INSUFFICIENT_FUNDS,2,13.0,STOP,NOT_ATTEMPTED,0.0,2026-08-31 04:56:33.043570
SIM-TXN-00008,CUST-0021,Rahul Sharma,88.96,4509.53,WALLET,BANK_ERROR,0,75.0,RETRY,SUCCESS,4509.53,2026-08-07 18:30:33.043570
SIM-TXN-00009,CUST-0047,Aditya More,73.57,1676.43,NETBANKING,UNKNOWN,2,10.0,STOP,NOT_ATTEMPTED,0.0,2026-08-20 16:48:33.043570
SIM-TXN-00010,CUST-0090,Ananya Kulkarni,56.91,3767.05,NETBANKING,BANK_TIMEOUT,2,53.0,STOP,NOT_ATTEMPTED,0.0,2026-08-24 15:03:33.043570
SIM-TXN-00011,CUST-0468,Pooja Jadhav,45.81,1684.57,CARD,BANK_TIMEOUT,1,73.0,RETRY,FAILED,0.0,2026-08-23 17:16:33.043570
SIM-TXN-00012,CUST-0496,Neha Shah,92.64,1681.46,NETBANKING,INSUFFICIENT_FUNDS,0,48.0,ESCALATE,FAILED,0.0,2026-08-05 05:12:33.043570
SIM-TXN-00013,CUST-0073,Amit Joshi,62.18,2961.85,CARD,INSUFFICIENT_FUNDS,2,18.0,STOP,NOT_ATTEMPTED,0.0,2026-08-19 21:02:33.043570
SIM-TXN-00014,CUST-0496,Neha Shah,92.64,528.15,NETBANKING,INSUFFICIENT_FUNDS,0,48.0,ESCALATE,FAILED,0.0,2026-08-02 10:10:33.043570
SIM-TXN-00015,CUST-0136,Neha Shah,47.11,614.04,WALLET,AUTH_FAILED,1,37.0,ESCALATE,FAILED,0.0,2026-08-13 17:19:33.043570
SIM-TXN-00016,CUST-0300,Ananya Kulkarni,75.67,1556.46,NETBANKING,BANK_ERROR,0,70.0,RETRY,SUCCESS,1556.46,2026-08-23 05:56:33.043570
SIM-TXN-00017,CUST-0013,Amit Joshi,59.73,1085.43,NETBANKING,AUTH_FAILED,2,17.0,STOP,NOT_ATTEMPTED,0.0,2026-08-11 20:45:33.043570
SIM-TXN-00018,CUST-0332,Priya Patil,95.25,3138.18,WALLET,BANK_TIMEOUT,2,63.0,STOP,NOT_ATTEMPTED,0.0,2026-08-15 13:02:33.043570
SIM-TXN-00019,CUST-0333,Amit Joshi,57.79,1180.37,CARD,BANK_ERROR,0,65.0,NOTIFY,FAILED,0.0,2026-08-15 15:24:33.043570
SIM-TXN-00020,CUST-0253,Amit Joshi,59.55,788.52,CARD,BANK_TIMEOUT,2,53.0,STOP,NOT_ATTEMPTED,0.0,2026-08-07 23:08:33.043570
SIM-TXN-00021,CUST-0199,Kunal Patil,47.03,7883.44,WALLET,BANK_ERROR,2,40.0,STOP,NOT_ATTEMPTED,0.0,2026-08-08 19:44:33.043570
SIM-TXN-00022,CUST-0454,Sneha Kulkarni,73.54,2037.3,UPI,BANK_ERROR,1,65.0,NOTIFY,SUCCESS,2037.3,2026-08-14 12:31:33.043570
SIM-TXN-00023,CUST-0017,Aditya More,77.0,2576.08,CARD,INSUFFICIENT_FUNDS,1,38.0,ESCALATE,FAILED,0.0,2026-08-12 12:51:33.043570
SIM-TXN-00024,CUST-0438,Pooja Jadhav,79.33,780.71,NETBANKING,BANK_ERROR,2,45.0,STOP,NOT_ATTEMPTED,0.0,2026-08-31 03:17:33.043570
SIM-TXN-00025,CUST-0184,Sneha Kulkarni,86.47,1578.92,NETBANKING,BANK_TIMEOUT,0,88.0,RETRY,FAILED,0.0,2026-08-22 11:38:33.043570
SIM-TXN-00026,CUST-0047,Aditya More,73.57,2667.08,UPI,AUTH_FAILED,0,47.0,ESCALATE,FAILED,0.0,2026-08-12 21:00:33.043570
SIM-TXN-00027,CUST-0065,Rohan Deshmukh,96.51,971.85,CARD,INSUFFICIENT_FUNDS,0,48.0,ESCALATE,FAILED,0.0,2026-08-27 00:18:33.043570
SIM-TXN-00028,CUST-0107,Aditya More,48.21,3296.31,CARD,AUTH_FAILED,1,37.0,ESCALATE,FAILED,0.0,2026-08-28 21:56:33.043570
SIM-TXN-00029,CUST-0002,Priya Patil,57.98,1509.43,CARD,BANK_TIMEOUT,0,78.0,RETRY,SUCCESS,1509.43,2026-08-09 17:33:33.043570
SIM-TXN-00030,CUST-0057,Aditya More,73.04,1932.65,UPI,AUTH_FAILED,0,47.0,ESCALATE,SUCCESS,1932.65,2026-08-12 14:51:33.043570
SIM-TXN-00031,CUST-0302,Priya Patil,66.02,1508.14,CARD,BANK_ERROR,1,65.0,NOTIFY,SUCCESS,1508.14,2026-08-20 22:46:33.043570
SIM-TXN-00032,CUST-0270,Ananya Kulkarni,87.39,10740.99,UPI,BANK_TIMEOUT,1,83.0,RETRY,SUCCESS,10740.99,2026-08-18 06:24:33.043570
SIM-TXN-00033,CUST-0263,Amit Joshi,65.64,2414.39,WALLET,AUTH_FAILED,2,22.0,STOP,NOT_ATTEMPTED,0.0,2026-08-11 20:57:33.043570
SIM-TXN-00034,CUST-0485,Rohan Deshmukh,60.55,1047.15,NETBANKING,AUTH_FAILED,1,42.0,ESCALATE,FAILED,0.0,2026-08-03 04:59:33.043570
SIM-TXN-00035,CUST-0032,Priya Patil,77.28,4712.79,WALLET,UNKNOWN,1,30.0,ESCALATE,FAILED,0.0,2026-08-24 02:28:33.043570
SIM-TXN-00036,CUST-0365,Rohan Deshmukh,66.24,919.04,UPI,UNKNOWN,0,35.0,ESCALATE,FAILED,0.0,2026-08-08 12:59:33.043570
SIM-TXN-00037,CUST-0034,Sneha Kulkarni,53.66,2884.45,NETBANKING,BANK_TIMEOUT,1,73.0,RETRY,FAILED,0.0,2026-08-25 22:28:33.043570
SIM-TXN-00038,CUST-0151,Rahul Sharma,89.19,508.91,WALLET,BANK_ERROR,0,75.0,RETRY,FAILED,0.0,2026-08-06 23:56:33.043570
SIM-TXN-00039,CUST-0437,Aditya More,69.46,843.41,CARD,AUTH_FAILED,1,42.0,ESCALATE,FAILED,0.0,2026-08-12 04:32:33.043570
SIM-TXN-00040,CUST-0212,Priya Patil,62.29,2856.89,WALLET,BANK_ERROR,1,65.0,NOTIFY,SUCCESS,2856.89,2026-08-06 02:49:33.043570
SIM-TXN-00041,CUST-0161,Rahul Sharma,90.2,4406.22,NETBANKING,BANK_ERROR,1,70.0,RETRY,FAILED,0.0,2026-08-23 08:59:33.043570
SIM-TXN-00042,CUST-0035,Rohan Deshmukh,59.31,2799.22,UPI,BANK_TIMEOUT,0,78.0,RETRY,SUCCESS,2799.22,2026-08-18 17:59:33.043570
SIM-TXN-00043,CUST-0416,Neha Shah,66.82,2224.93,UPI,BANK_TIMEOUT,2,58.0,STOP,NOT_ATTEMPTED,0.0,2026-08-27 08:22:33.043570
SIM-TXN-00044,CUST-0288,Pooja Jadhav,56.88,1918.15,UPI,BANK_ERROR,1,60.0,NOTIFY,SUCCESS,1918.15,2026-08-21 00:55:33.043570
SIM-TXN-00045,CUST-0445,Rohan Deshmukh,71.94,747.84,UPI,UNKNOWN,1,30.0,ESCALATE,FAILED,0.0,2026-08-17 19:03:33.043570
SIM-TXN-00046,CUST-0054,Sneha Kulkarni,86.98,1372.14,CARD,AUTH_FAILED,0,52.0,NOTIFY,FAILED,0.0,2026-08-11 23:54:33.043570
SIM-TXN-00047,CUST-0434,Sneha Kulkarni,74.19,1688.32,NETBANKING,BANK_TIMEOUT,0,83.0,RETRY,SUCCESS,1688.32,2026-08-27 22:02:33.043570
SIM-TXN-00048,CUST-0116,Neha Shah,94.1,5685.63,UPI,INSUFFICIENT_FUNDS,2,23.0,STOP,NOT_ATTEMPTED,0.0,2026-08-31 17:29:33.043570
SIM-TXN-00049,CUST-0425,Rohan Deshmukh,54.94,3212.79,UPI,INSUFFICIENT_FUNDS,0,38.0,ESCALATE,SUCCESS,3212.79,2026-08-15 20:27:33.043570
SIM-TXN-00050,CUST-0472,Priya Patil,79.44,595.6,UPI,BANK_ERROR,0,70.0,RETRY,FAILED,0.0,2026-08-27 13:32:33.043570
SIM-TXN-00051,CUST-0337,Aditya More,49.93,3162.97,CARD,BANK_ERROR,2,40.0,STOP,NOT_ATTEMPTED,0.0,2026-08-30 14:33:33.043570
SIM-TXN-00052,CUST-0498,Pooja Jadhav,53.37,1793.52,CARD,BANK_TIMEOUT,1,73.0,RETRY,SUCCESS,1793.52,2026-08-17 07:18:33.043570
SIM-TXN-00053,CUST-0081,Rahul Sharma,79.97,1420.07,NETBANKING,BANK_ERROR,2,45.0,STOP,NOT_ATTEMPTED,0.0,2026-08-28 22:12:33.043570
SIM-TXN-00054,CUST-0044,Sneha Kulkarni,65.97,3981.21,CARD,UNKNOWN,0,35.0,ESCALATE,FAILED,0.0,2026-08-04 01:19:33.043570
SIM-TXN-00055,CUST-0346,Neha Shah,61.72,5568.05,WALLET,BANK_TIMEOUT,2,58.0,STOP,NOT_ATTEMPTED,0.0,2026-08-21 02:06:33.043570
SIM-TXN-00056,CUST-0249,Kunal Patil,68.85,5141.11,WALLET,AUTH_FAILED,1,42.0,ESCALATE,SUCCESS,5141.11,2026-08-25 02:35:33.043570
SIM-TXN-00057,CUST-0059,Kunal Patil,81.06,1247.16,UPI,BANK_ERROR,1,70.0,RETRY,SUCCESS,1247.16,2026-08-28 18:49:33.043570
SIM-TXN-00058,CUST-0250,Ananya Kulkarni,89.51,1905.75,NETBANKING,AUTH_FAILED,0,52.0,NOTIFY,SUCCESS,1905.75,2026-08-29 01:35:33.043570
SIM-TXN-00059,CUST-0029,Kunal Patil,53.62,3181.19,NETBANKING,BANK_TIMEOUT,0,78.0,RETRY,SUCCESS,3181.19,2026-08-13 10:03:33.043570
SIM-TXN-00060,CUST-0149,Kunal Patil,91.6,5326.43,UPI,BANK_ERROR,1,70.0,RETRY,FAILED,0.0,2026-08-09 18:52:33.043570
SIM-TXN-00061,CUST-0067,Aditya More,91.14,1663.47,CARD,BANK_ERROR,2,50.0,STOP,NOT_ATTEMPTED,0.0,2026-08-27 05:14:33.043570
SIM-TXN-00062,CUST-0427,Aditya More,78.15,2103.74,NETBANKING,AUTH_FAILED,0,47.0,ESCALATE,SUCCESS,2103.74,2026-08-03 17:10:33.043570
SIM-TXN-00063,CUST-0224,Sneha Kulkarni,79.92,1007.2,UPI,BANK_TIMEOUT,1,78.0,RETRY,SUCCESS,1007.2,2026-08-27 21:16:33.043570
SIM-TXN-00064,CUST-0208,Pooja Jadhav,95.29,937.33,WALLET,INSUFFICIENT_FUNDS,1,43.0,ESCALATE,SUCCESS,937.33,2026-08-02 17:44:33.043570
SIM-TXN-00065,CUST-0495,Rohan Deshmukh,58.53,4675.17,WALLET,BANK_ERROR,2,40.0,STOP,NOT_ATTEMPTED,0.0,2026-08-18 06:12:33.043570
SIM-TXN-00066,CUST-0046,Neha Shah,58.07,7222.76,UPI,BANK_ERROR,0,65.0,NOTIFY,SUCCESS,7222.76,2026-08-20 00:21:33.043570
SIM-TXN-00067,CUST-0269,Kunal Patil,73.53,2303.98,NETBANKING,BANK_TIMEOUT,2,58.0,STOP,NOT_ATTEMPTED,0.0,2026-08-17 05:48:33.043570
SIM-TXN-00068,CUST-0114,Sneha Kulkarni,50.19,5447.03,CARD,BANK_ERROR,0,65.0,NOTIFY,SUCCESS,5447.03,2026-08-06 23:30:33.043570
SIM-TXN-00069,CUST-0272,Priya Patil,68.1,3259.43,NETBANKING,AUTH_FAILED,1,42.0,ESCALATE,FAILED,0.0,2026-08-31 03:57:33.043570
SIM-TXN-00070,CUST-0418,Pooja Jadhav,88.12,1456.66,UPI,BANK_TIMEOUT,0,88.0,RETRY,SUCCESS,1456.66,2026-08-09 16:28:33.043570
SIM-TXN-00071,CUST-0309,Kunal Patil,48.65,3258.81,UPI,BANK_TIMEOUT,0,78.0,RETRY,FAILED,0.0,2026-08-30 08:51:33.043570
SIM-TXN-00072,CUST-0253,Amit Joshi,59.55,8353.44,WALLET,BANK_ERROR,2,40.0,STOP,NOT_ATTEMPTED,0.0,2026-08-27 11:32:33.043570
SIM-TXN-00073,CUST-0330,Ananya Kulkarni,82.16,2371.65,NETBANKING,AUTH_FAILED,2,27.0,STOP,NOT_ATTEMPTED,0.0,2026-08-16 04:16:33.043570
SIM-TXN-00074,CUST-0078,Pooja Jadhav,49.54,8533.16,WALLET,BANK_ERROR,1,60.0,NOTIFY,SUCCESS,8533.16,2026-08-14 06:59:33.043570
SIM-TXN-00075,CUST-0303,Amit Joshi,49.03,300.13,UPI,BANK_TIMEOUT,1,73.0,RETRY,SUCCESS,300.13,2026-08-03 12:02:33.043570
SIM-TXN-00076,CUST-0030,Ananya Kulkarni,56.1,4710.37,NETBANKING,BANK_ERROR,0,65.0,NOTIFY,SUCCESS,4710.37,2026-08-05 21:35:33.043570
SIM-TXN-00077,CUST-0315,Rohan Deshmukh,54.34,2616.62,WALLET,AUTH_FAILED,1,37.0,ESCALATE,FAILED,0.0,2026-08-03 15:46:33.043570
SIM-TXN-00078,CUST-0231,Rahul Sharma,97.15,1921.37,CARD,UNKNOWN,1,35.0,ESCALATE,FAILED,0.0,2026-08-24 14:35:33.043570
SIM-TXN-00079,CUST-0078,Pooja Jadhav,49.54,2626.5,WALLET,UNKNOWN,0,30.0,ESCALATE,FAILED,0.0,2026-08-17 10:05:33.043570
SIM-TXN-00080,CUST-0366,Neha Shah,75.58,497.67,CARD,BANK_TIMEOUT,0,83.0,RETRY,SUCCESS,497.67,2026-08-21 17:06:33.043570
SIM-TXN-00081,CUST-0225,Rohan Deshmukh,72.32,2047.27,CARD,AUTH_FAILED,1,42.0,ESCALATE,SUCCESS,2047.27,2026-08-14 15:57:33.043570
SIM-TXN-00082,CUST-0199,Kunal Patil,47.03,3247.66,NETBANKING,BANK_ERROR,2,40.0,STOP,NOT_ATTEMPTED,0.0,2026-08-29 00:01:33.043570
SIM-TXN-00083,CUST-0027,Aditya More,65.15,7961.04,NETBANKING,INSUFFICIENT_FUNDS,0,43.0,ESCALATE,SUCCESS,7961.04,2026-08-27 04:24:33.043570
SIM-TXN-00084,CUST-0348,Pooja Jadhav,55.15,1612.25,NETBANKING,BANK_ERROR,2,40.0,STOP,NOT_ATTEMPTED,0.0,2026-08-31 16:06:33.043570
SIM-TXN-00085,CUST-0494,Sneha Kulkarni,78.81,1278.2,CARD,UNKNOWN,1,30.0,ESCALATE,SUCCESS,1278.2,2026-08-08 05:26:33.043570
SIM-TXN-00086,CUST-0470,Ananya Kulkarni,48.97,1633.69,WALLET,BANK_ERROR,0,65.0,NOTIFY,SUCCESS,1633.69,2026-08-05 15:30:33.043570
SIM-TXN-00087,CUST-0159,Kunal Patil,56.16,5076.22,NETBANKING,AUTH_FAILED,0,42.0,ESCALATE,FAILED,0.0,2026-08-25 17:55:33.043570
SIM-TXN-00088,CUST-0048,Pooja Jadhav,67.71,3174.8,WALLET,AUTH_FAILED,2,22.0,STOP,NOT_ATTEMPTED,0.0,2026-08-18 06:10:33.043570
SIM-TXN-00089,CUST-0010,Ananya Kulkarni,76.23,1597.49,CARD,BANK_ERROR,0,70.0,RETRY,SUCCESS,1597.49,2026-08-23 22:06:33.043570
SIM-TXN-00090,CUST-0099,Kunal Patil,83.34,3679.8,CARD,BANK_TIMEOUT,0,88.0,RETRY,SUCCESS,3679.8,2026-08-06 09:26:33.043570
SIM-TXN-00091,CUST-0260,Ananya Kulkarni,66.99,2637.7,UPI,INSUFFICIENT_FUNDS,2,18.0,STOP,NOT_ATTEMPTED,0.0,2026-08-17 02:48:33.043570
SIM-TXN-00092,CUST-0449,Kunal Patil,59.16,5297.11,CARD,INSUFFICIENT_FUNDS,2,13.0,STOP,NOT_ATTEMPTED,0.0,2026-08-18 22:26:33.043570
SIM-TXN-00093,CUST-0079,Kunal Patil,88.25,1391.81,CARD,BANK_TIMEOUT,2,63.0,STOP,NOT_ATTEMPTED,0.0,2026-08-21 17:01:33.043570
SIM-TXN-00094,CUST-0023,Amit Joshi,75.6,1877.83,CARD,BANK_ERROR,1,65.0,NOTIFY,SUCCESS,1877.83,2026-08-22 05:18:33.043570
SIM-TXN-00095,CUST-0120,Ananya Kulkarni,65.09,1783.47,NETBANKING,AUTH_FAILED,1,42.0,ESCALATE,FAILED,0.0,2026-08-10 14:53:33.043570
SIM-TXN-00096,CUST-0189,Kunal Patil,55.58,756.87,WALLET,AUTH_FAILED,1,37.0,ESCALATE,FAILED,0.0,2026-08-19 04:04:33.043570
SIM-TXN-00097,CUST-0258,Pooja Jadhav,65.3,3093.0,CARD,AUTH_FAILED,0,47.0,ESCALATE,FAILED,0.0,2026-08-08 02:08:33.043570
SIM-TXN-00098,CUST-0447,Aditya More,85.95,3007.44,WALLET,BANK_TIMEOUT,1,83.0,RETRY,SUCCESS,3007.44,2026-08-06 11:01:33.043570
SIM-TXN-00099,CUST-0365,Rohan Deshmukh,66.24,2450.61,UPI,INSUFFICIENT_FUNDS,1,38.0,ESCALATE,SUCCESS,2450.61,2026-08-09 02:04:33.043570
SIM-TXN-00100,CUST-0140,Ananya Kulkarni,80.5,2022.99,CARD,BANK_ERROR,1,70.0,RETRY,SUCCESS,2022.99,2026-08-11 21:29:33.043570
SIM-TXN-00101,CUST-0419,Kunal Patil,46.94,786.59,NETBANKING,BANK_ERROR,0,65.0,NOTIFY,SUCCESS,786.59,2026-08-19 20:00:33.043570
SIM-TXN-00102,CUST-0258,Pooja Jadhav,65.3,1743.21,WALLET,BANK_ERROR,0,70.0,RETRY,SUCCESS,1743.21,2026-08-03 01:45:33.043570
SIM-TXN-00103,CUST-0164,Sneha Kulkarni,88.96,1855.35,NETBANKING,UNKNOWN,0,40.0,ESCALATE,SUCCESS,1855.35,2026-08-14 20:18:33.043570
SIM-TXN-00104,CUST-0470,Ananya Kulkarni,48.97,1284.57,CARD,INSUFFICIENT_FUNDS,2,13.0,STOP,NOT_ATTEMPTED,0.0,2026-08-23 03:21:33.043570
SIM-TXN-00105,CUST-0230,Ananya Kulkarni,46.29,2145.16,UPI,AUTH_FAILED,0,42.0,ESCALATE,SUCCESS,2145.16,2026-08-08 14:16:33.043570
SIM-TXN-00106,CUST-0281,Rahul Sharma,65.09,3371.93,WALLET,UNKNOWN,0,35.0,ESCALATE,FAILED,0.0,2026-08-12 14:31:33.043570
SIM-TXN-00107,CUST-0155,Rohan Deshmukh,94.76,11036.34,CARD,BANK_TIMEOUT,1,83.0,RETRY,SUCCESS,11036.34,2026-08-30 03:14:33.043570
SIM-TXN-00108,CUST-0235,Rohan Deshmukh,71.2,2806.41,WALLET,BANK_TIMEOUT,2,58.0,STOP,NOT_ATTEMPTED,0.0,2026-08-26 04:28:33.043570
SIM-TXN-00109,CUST-0009,Kunal Patil,67.23,2999.02,CARD,AUTH_FAILED,2,22.0,STOP,NOT_ATTEMPTED,0.0,2026-08-08 07:47:33.043570
SIM-TXN-00110,CUST-0150,Ananya Kulkarni,60.1,2299.49,NETBANKING,BANK_ERROR,0,70.0,RETRY,SUCCESS,2299.49,2026-08-10 07:33:33.043570
SIM-TXN-00111,CUST-0341,Rahul Sharma,73.14,525.83,NETBANKING,AUTH_FAILED,0,47.0,ESCALATE,FAILED,0.0,2026-08-26 13:14:33.043570
SIM-TXN-00112,CUST-0260,Ananya Kulkarni,66.99,2389.38,UPI,INSUFFICIENT_FUNDS,1,38.0,ESCALATE,FAILED,0.0,2026-08-03 18:31:33.043570
SIM-TXN-00113,CUST-0326,Neha Shah,90.1,2561.08,NETBANKING,BANK_ERROR,1,70.0,RETRY,FAILED,0.0,2026-08-18 01:00:33.043570
SIM-TXN-00114,CUST-0404,Sneha Kulkarni,57.13,17511.16,CARD,BANK_TIMEOUT,2,53.0,STOP,NOT_ATTEMPTED,0.0,2026-08-31 16:41:33.043570
SIM-TXN-00115,CUST-0322,Priya Patil,59.78,2092.49,NETBANKING,BANK_TIMEOUT,0,78.0,RETRY,SUCCESS,2092.49,2026-08-26 15:21:33.043570
SIM-TXN-00116,CUST-0174,Sneha Kulkarni,61.34,3106.46,CARD,INSUFFICIENT_FUNDS,2,18.0,STOP,NOT_ATTEMPTED,0.0,2026-08-22 22:27:33.043570
SIM-TXN-00117,CUST-0357,Aditya More,60.48,2373.76,CARD,BANK_ERROR,0,70.0,RETRY,SUCCESS,2373.76,2026-08-22 14:52:33.043570
SIM-TXN-00118,CUST-0019,Kunal Patil,51.62,958.2,UPI,BANK_TIMEOUT,0,78.0,RETRY,FAILED,0.0,2026-08-16 03:40:33.043570
SIM-TXN-00119,CUST-0478,Pooja Jadhav,78.45,6089.12,WALLET,BANK_ERROR,2,45.0,STOP,NOT_ATTEMPTED,0.0,2026-08-23 08:02:33.043570
SIM-TXN-00120,CUST-0130,Ananya Kulkarni,53.34,4453.95,CARD,BANK_TIMEOUT,1,73.0,RETRY,SUCCESS,4453.95,2026-08-03 23:10:33.043570
SIM-TXN-00121,CUST-0444,Sneha Kulkarni,65.33,4595.47,NETBANKING,AUTH_FAILED,0,47.0,ESCALATE,FAILED,0.0,2026-08-21 16:14:33.043570
SIM-TXN-00122,CUST-0456,Neha Shah,64.99,1179.08,WALLET,BANK_ERROR,1,65.0,NOTIFY,SUCCESS,1179.08,2026-08-10 07:01:33.043570
SIM-TXN-00123,CUST-0255,Rohan Deshmukh,59.4,7496.83,NETBANKING,INSUFFICIENT_FUNDS,2,13.0,STOP,NOT_ATTEMPTED,0.0,2026-08-13 22:17:33.043570
SIM-TXN-00124,CUST-0411,Rahul Sharma,78.64,795.14,WALLET,BANK_TIMEOUT,0,83.0,RETRY,SUCCESS,795.14,2026-08-10 00:04:33.043570
SIM-TXN-00125,CUST-0280,Ananya Kulkarni,54.63,3902.94,UPI,BANK_TIMEOUT,0,78.0,RETRY,SUCCESS,3902.94,2026-08-15 05:53:33.043570
SIM-TXN-00126,CUST-0157,Aditya More,84.35,14077.94,WALLET,BANK_ERROR,0,75.0,RETRY,SUCCESS,14077.94,2026-08-17 18:56:33.043570
SIM-TXN-00127,CUST-0229,Kunal Patil,87.75,1104.97,NETBANKING,BANK_TIMEOUT,2,63.0,STOP,NOT_ATTEMPTED,0.0,2026-08-21 14:02:33.043570
SIM-TXN-00128,CUST-0141,Rahul Sharma,57.65,1551.48,UPI,AUTH_FAILED,0,42.0,ESCALATE,FAILED,0.0,2026-08-20 06:39:33.043570
SIM-TXN-00129,CUST-0187,Aditya More,65.27,2643.14,CARD,AUTH_FAILED,0,47.0,ESCALATE,SUCCESS,2643.14,2026-08-29 10:35:33.043570
SIM-TXN-00130,CUST-0348,Pooja Jadhav,55.15,1631.44,UPI,INSUFFICIENT_FUNDS,0,38.0,ESCALATE,SUCCESS,1631.44,2026-08-31 03:39:33.043570
SIM-TXN-00131,CUST-0188,Pooja Jadhav,90.51,705.9,UPI,BANK_ERROR,2,50.0,STOP,NOT_ATTEMPTED,0.0,2026-08-08 18:33:33.043570
SIM-TXN-00132,CUST-0348,Pooja Jadhav,55.15,2578.21,NETBANKING,BANK_ERROR,1,60.0,NOTIFY,SUCCESS,2578.21,2026-08-05 06:56:33.043570
SIM-TXN-00133,CUST-0294,Sneha Kulkarni,74.89,1043.31,NETBANKING,BANK_TIMEOUT,1,78.0,RETRY,SUCCESS,1043.31,2026-08-14 11:22:33.043570
SIM-TXN-00134,CUST-0128,Pooja Jadhav,48.03,3564.84,UPI,UNKNOWN,2,5.0,STOP,NOT_ATTEMPTED,0.0,2026-08-10 06:10:33.043570
SIM-TXN-00135,CUST-0256,Neha Shah,92.33,1169.65,UPI,AUTH_FAILED,1,47.0,ESCALATE,FAILED,0.0,2026-08-22 02:24:33.043570
SIM-TXN-00136,CUST-0110,Ananya Kulkarni,73.42,8433.33,NETBANKING,UNKNOWN,2,10.0,STOP,NOT_ATTEMPTED,0.0,2026-08-24 03:29:33.043570
SIM-TXN-00137,CUST-0103,Amit Joshi,79.93,1304.27,UPI,BANK_TIMEOUT,1,78.0,RETRY,SUCCESS,1304.27,2026-08-22 01:08:33.043570
SIM-TXN-00138,CUST-0045,Rohan Deshmukh,52.57,1886.26,NETBANKING,INSUFFICIENT_FUNDS,2,13.0,STOP,NOT_ATTEMPTED,0.0,2026-08-17 14:26:33.043570
SIM-TXN-00139,CUST-0364,Sneha Kulkarni,51.05,4678.88,NETBANKING,BANK_TIMEOUT,1,73.0,RETRY,SUCCESS,4678.88,2026-08-30 19:30:33.043570
SIM-TXN-00140,CUST-0090,Ananya Kulkarni,56.91,911.7,CARD,INSUFFICIENT_FUNDS,0,38.0,ESCALATE,FAILED,0.0,2026-08-08 02:39:33.043570
SIM-TXN-00141,CUST-0122,Priya Patil,60.12,2927.69,UPI,INSUFFICIENT_FUNDS,1,38.0,ESCALATE,FAILED,0.0,2026-08-18 13:54:33.043570
SIM-TXN-00142,CUST-0240,Ananya Kulkarni,69.62,6944.56,CARD,INSUFFICIENT_FUNDS,2,18.0,STOP,NOT_ATTEMPTED,0.0,2026-08-05 17:08:33.043570
SIM-TXN-00143,CUST-0034,Sneha Kulkarni,53.66,674.53,WALLET,BANK_ERROR,2,40.0,STOP,NOT_ATTEMPTED,0.0,2026-08-20 11:39:33.043570
SIM-TXN-00144,CUST-0394,Sneha Kulkarni,87.01,2829.08,UPI,BANK_ERROR,0,75.0,RETRY,FAILED,0.0,2026-08-31 00:34:33.043570
SIM-TXN-00145,CUST-0038,Pooja Jadhav,57.14,3004.62,NETBANKING,BANK_ERROR,0,65.0,NOTIFY,FAILED,0.0,2026-08-26 21:08:33.043570
SIM-TXN-00146,CUST-0328,Pooja Jadhav,87.29,4561.73,CARD,AUTH_FAILED,1,47.0,ESCALATE,FAILED,0.0,2026-08-04 07:29:33.043570
SIM-TXN-00147,CUST-0426,Neha Shah,78.0,907.27,CARD,BANK_TIMEOUT,1,78.0,RETRY,SUCCESS,907.27,2026-08-16 11:23:33.043570
SIM-TXN-00148,CUST-0479,Kunal Patil,97.86,848.64,NETBANKING,INSUFFICIENT_FUNDS,2,23.0,STOP,NOT_ATTEMPTED,0.0,2026-08-14 17:13:33.043570
SIM-TXN-00149,CUST-0434,Sneha Kulkarni,74.19,3705.43,CARD,BANK_TIMEOUT,2,58.0,STOP,NOT_ATTEMPTED,0.0,2026-08-26 20:37:33.043570
SIM-TXN-00150,CUST-0141,Rahul Sharma,57.65,3095.14,NETBANKING,BANK_TIMEOUT,2,53.0,STOP,NOT_ATTEMPTED,0.0,2026-08-26 01:40:33.043570
SIM-TXN-00151,CUST-0048,Pooja Jadhav,67.71,2982.13,CARD,AUTH_FAILED,2,22.0,STOP,NOT_ATTEMPTED,0.0,2026-08-28 05:11:33.043570
SIM-TXN-00152,CUST-0079,Kunal Patil,88.25,3220.07,NETBANKING,BANK_TIMEOUT,2,63.0,STOP,NOT_ATTEMPTED,0.0,2026-08-03 15:57:33.043570
SIM-TXN-00153,CUST-0423,Amit Joshi,79.86,1416.55,UPI,INSUFFICIENT_FUNDS,0,43.0,ESCALATE,FAILED,0.0,2026-08-28 00:57:33.043570
SIM-TXN-00154,CUST-0136,Neha Shah,47.11,2938.94,WALLET,AUTH_FAILED,2,17.0,STOP,NOT_ATTEMPTED,0.0,2026-08-30 20:54:33.043570
SIM-TXN-00155,CUST-0016,Neha Shah,50.13,3085.47,NETBANKING,BANK_ERROR,2,40.0,STOP,NOT_ATTEMPTED,0.0,2026-08-15 12:56:33.043570
SIM-TXN-00156,CUST-0248,Pooja Jadhav,84.41,1378.18,WALLET,BANK_TIMEOUT,1,83.0,RETRY,SUCCESS,1378.18,2026-08-04 12:24:33.043570
SIM-TXN-00157,CUST-0081,Rahul Sharma,79.97,10857.59,WALLET,BANK_ERROR,1,65.0,NOTIFY,SUCCESS,10857.59,2026-08-29 09:36:33.043570
SIM-TXN-00158,CUST-0074,Sneha Kulkarni,50.93,3565.52,NETBANKING,BANK_ERROR,2,40.0,STOP,NOT_ATTEMPTED,0.0,2026-08-17 12:12:33.043570
SIM-TXN-00159,CUST-0500,Ananya Kulkarni,60.86,941.01,NETBANKING,BANK_ERROR,2,45.0,STOP,NOT_ATTEMPTED,0.0,2026-08-27 08:26:33.043570
SIM-TXN-00160,CUST-0055,Rohan Deshmukh,76.61,4126.74,WALLET,BANK_ERROR,0,70.0,RETRY,SUCCESS,4126.74,2026-08-13 01:45:33.043570
SIM-TXN-00161,CUST-0073,Amit Joshi,62.18,1119.07,NETBANKING,BANK_TIMEOUT,1,78.0,RETRY,FAILED,0.0,2026-08-20 19:40:33.043570
SIM-TXN-00162,CUST-0128,Pooja Jadhav,48.03,4580.98,CARD,UNKNOWN,1,25.0,ESCALATE,FAILED,0.0,2026-08-16 00:32:33.043570
SIM-TXN-00163,CUST-0098,Pooja Jadhav,56.35,6166.44,WALLET,INSUFFICIENT_FUNDS,2,13.0,STOP,NOT_ATTEMPTED,0.0,2026-08-23 00:51:33.043570
SIM-TXN-00164,CUST-0256,Neha Shah,92.33,1265.79,WALLET,INSUFFICIENT_FUNDS,0,48.0,ESCALATE,SUCCESS,1265.79,2026-08-19 16:29:33.043570
SIM-TXN-00165,CUST-0259,Kunal Patil,82.44,5274.83,CARD,BANK_ERROR,0,75.0,RETRY,SUCCESS,5274.83,2026-08-04 00:06:33.043570
SIM-TXN-00166,CUST-0026,Neha Shah,90.33,3395.56,WALLET,BANK_TIMEOUT,1,83.0,RETRY,SUCCESS,3395.56,2026-08-06 16:22:33.043570
SIM-TXN-00167,CUST-0221,Rahul Sharma,69.64,4710.97,NETBANKING,BANK_TIMEOUT,2,58.0,STOP,NOT_ATTEMPTED,0.0,2026-08-18 10:29:33.043570
SIM-TXN-00168,CUST-0392,Priya Patil,93.15,11130.39,UPI,BANK_ERROR,1,70.0,RETRY,SUCCESS,11130.39,2026-08-27 08:37:33.043570
SIM-TXN-00169,CUST-0100,Ananya Kulkarni,75.54,2005.58,NETBANKING,BANK_ERROR,0,70.0,RETRY,SUCCESS,2005.58,2026-08-22 06:52:33.043570
SIM-TXN-00170,CUST-0392,Priya Patil,93.15,1335.43,UPI,AUTH_FAILED,0,52.0,NOTIFY,FAILED,0.0,2026-08-19 17:12:33.043570
SIM-TXN-00171,CUST-0192,Priya Patil,66.12,1197.98,NETBANKING,INSUFFICIENT_FUNDS,2,18.0,STOP,NOT_ATTEMPTED,0.0,2026-08-18 10:18:33.043570
SIM-TXN-00172,CUST-0387,Aditya More,48.77,1270.74,WALLET,BANK_TIMEOUT,2,53.0,STOP,NOT_ATTEMPTED,0.0,2026-08-03 14:56:33.043570
SIM-TXN-00173,CUST-0024,Sneha Kulkarni,47.43,2294.61,NETBANKING,BANK_TIMEOUT,1,73.0,RETRY,SUCCESS,2294.61,2026-08-08 13:38:33.043570
SIM-TXN-00174,CUST-0311,Rahul Sharma,88.58,3206.46,CARD,UNKNOWN,1,35.0,ESCALATE,FAILED,0.0,2026-08-16 06:53:33.043570
SIM-TXN-00175,CUST-0084,Sneha Kulkarni,96.11,3045.29,NETBANKING,BANK_ERROR,2,50.0,STOP,NOT_ATTEMPTED,0.0,2026-08-17 02:22:33.043570
SIM-TXN-00176,CUST-0260,Ananya Kulkarni,66.99,4730.31,WALLET,INSUFFICIENT_FUNDS,2,18.0,STOP,NOT_ATTEMPTED,0.0,2026-08-27 09:49:33.043570
SIM-TXN-00177,CUST-0154,Sneha Kulkarni,60.87,2466.12,UPI,BANK_ERROR,1,65.0,NOTIFY,SUCCESS,2466.12,2026-08-06 18:41:33.043570
SIM-TXN-00178,CUST-0214,Sneha Kulkarni,67.28,7807.4,UPI,AUTH_FAILED,2,22.0,STOP,NOT_ATTEMPTED,0.0,2026-08-23 09:20:33.043570
SIM-TXN-00179,CUST-0136,Neha Shah,47.11,1974.9,CARD,UNKNOWN,2,5.0,STOP,NOT_ATTEMPTED,0.0,2026-08-04 03:03:33.043570
SIM-TXN-00180,CUST-0299,Kunal Patil,96.13,21507.03,WALLET,BANK_ERROR,0,75.0,RETRY,FAILED,0.0,2026-08-12 19:30:33.043570
SIM-TXN-00181,CUST-0017,Aditya More,77.0,4026.02,UPI,AUTH_FAILED,0,47.0,ESCALATE,SUCCESS,4026.02,2026-08-16 01:36:33.043570
SIM-TXN-00182,CUST-0215,Rohan Deshmukh,80.9,1229.39,CARD,BANK_TIMEOUT,1,83.0,RETRY,SUCCESS,1229.39,2026-08-29 14:51:33.043570
SIM-TXN-00183,CUST-0472,Priya Patil,79.44,1036.17,UPI,BANK_ERROR,2,45.0,STOP,NOT_ATTEMPTED,0.0,2026-08-08 01:47:33.043570
SIM-TXN-00184,CUST-0266,Neha Shah,65.16,3590.25,NETBANKING,BANK_TIMEOUT,2,58.0,STOP,NOT_ATTEMPTED,0.0,2026-08-23 13:28:33.043570
SIM-TXN-00185,CUST-0270,Ananya Kulkarni,87.39,2041.07,CARD,BANK_ERROR,1,70.0,RETRY,FAILED,0.0,2026-08-17 08:52:33.043570
SIM-TXN-00186,CUST-0280,Ananya Kulkarni,54.63,4320.82,NETBANKING,BANK_ERROR,2,40.0,STOP,NOT_ATTEMPTED,0.0,2026-08-23 19:49:33.043570
SIM-TXN-00187,CUST-0099,Kunal Patil,83.34,3563.83,NETBANKING,UNKNOWN,2,15.0,STOP,NOT_ATTEMPTED,0.0,2026-08-15 09:00:33.043570
SIM-TXN-00188,CUST-0116,Neha Shah,94.1,2302.47,NETBANKING,UNKNOWN,1,35.0,ESCALATE,FAILED,0.0,2026-08-24 01:05:33.043570
SIM-TXN-00189,CUST-0163,Amit Joshi,49.89,1239.63,NETBANKING,BANK_ERROR,1,60.0,NOTIFY,SUCCESS,1239.63,2026-08-26 12:16:33.043570
SIM-TXN-00190,CUST-0195,Rohan Deshmukh,66.18,726.42,WALLET,UNKNOWN,1,30.0,ESCALATE,FAILED,0.0,2026-08-08 10:57:33.043570
SIM-TXN-00191,CUST-0149,Kunal Patil,91.6,1707.5,UPI,BANK_TIMEOUT,1,83.0,RETRY,FAILED,0.0,2026-08-31 15:27:33.043570
SIM-TXN-00192,CUST-0132,Priya Patil,48.63,4842.17,CARD,INSUFFICIENT_FUNDS,0,38.0,ESCALATE,FAILED,0.0,2026-08-14 03:06:33.043570
SIM-TXN-00193,CUST-0478,Pooja Jadhav,78.45,2896.55,NETBANKING,AUTH_FAILED,0,47.0,ESCALATE,SUCCESS,2896.55,2026-08-28 11:56:33.043570
SIM-TXN-00194,CUST-0123,Amit Joshi,80.08,900.91,CARD,BANK_TIMEOUT,2,63.0,STOP,NOT_ATTEMPTED,0.0,2026-08-12 09:17:33.043570
SIM-TXN-00195,CUST-0027,Aditya More,65.15,2803.28,NETBANKING,BANK_TIMEOUT,2,58.0,STOP,NOT_ATTEMPTED,0.0,2026-08-23 06:57:33.043570
SIM-TXN-00196,CUST-0052,Priya Patil,85.06,3321.77,CARD,INSUFFICIENT_FUNDS,0,48.0,ESCALATE,FAILED,0.0,2026-08-08 23:28:33.043570
SIM-TXN-00197,CUST-0209,Kunal Patil,78.03,1203.41,WALLET,AUTH_FAILED,1,42.0,ESCALATE,FAILED,0.0,2026-08-14 20:42:33.043570
SIM-TXN-00198,CUST-0165,Rohan Deshmukh,45.19,2759.98,UPI,BANK_TIMEOUT,0,78.0,RETRY,SUCCESS,2759.98,2026-08-12 08:36:33.043570
SIM-TXN-00199,CUST-0274,Sneha Kulkarni,83.38,2556.94,UPI,INSUFFICIENT_FUNDS,0,48.0,ESCALATE,FAILED,0.0,2026-08-09 18:58:33.043570
SIM-TXN-00200,CUST-0479,Kunal Patil,97.86,978.11,WALLET,UNKNOWN,1,35.0,ESCALATE,SUCCESS,978.11,2026-08-14 23:08:33.043570
SIM-TXN-00201,CUST-0449,Kunal Patil,59.16,3249.41,NETBANKING,BANK_TIMEOUT,2,53.0,STOP,NOT_ATTEMPTED,0.0,2026-08-29 05:21:33.043570
SIM-TXN-00202,CUST-0055,Rohan Deshmukh,76.61,3822.38,NETBANKING,UNKNOWN,1,30.0,ESCALATE,FAILED,0.0,2026-08-30 23:27:33.043570
SIM-TXN-00203,CUST-0279,Kunal Patil,52.19,5804.8,CARD,AUTH_FAILED,2,17.0,STOP,NOT_ATTEMPTED,0.0,2026-08-23 02:10:33.043570
SIM-TXN-00204,CUST-0140,Ananya Kulkarni,80.5,5670.55,UPI,BANK_TIMEOUT,1,83.0,RETRY,SUCCESS,5670.55,2026-08-22 16:13:33.043570
SIM-TXN-00205,CUST-0332,Priya Patil,95.25,810.67,CARD,BANK_TIMEOUT,0,88.0,RETRY,SUCCESS,810.67,2026-08-15 05:12:33.043570
SIM-TXN-00206,CUST-0291,Rahul Sharma,55.57,1152.56,CARD,AUTH_FAILED,0,42.0,ESCALATE,FAILED,0.0,2026-08-30 20:37:33.043570
SIM-TXN-00207,CUST-0460,Ananya Kulkarni,47.31,3685.01,WALLET,BANK_ERROR,2,40.0,STOP,NOT_ATTEMPTED,0.0,2026-08-16 17:09:33.043570
SIM-TXN-00208,CUST-0045,Rohan Deshmukh,52.57,3681.33,UPI,BANK_ERROR,0,65.0,NOTIFY,FAILED,0.0,2026-08-23 12:28:33.043570
SIM-TXN-00209,CUST-0166,Neha Shah,78.77,3685.05,UPI,UNKNOWN,1,30.0,ESCALATE,FAILED,0.0,2026-08-22 02:55:33.043570
SIM-TXN-00210,CUST-0386,Neha Shah,82.26,53219.77,NETBANKING,BANK_TIMEOUT,1,83.0,RETRY,SUCCESS,53219.77,2026-08-27 20:42:33.043570
SIM-TXN-00211,CUST-0006,Neha Shah,56.59,3853.4,NETBANKING,BANK_TIMEOUT,2,53.0,STOP,NOT_ATTEMPTED,0.0,2026-08-12 13:04:33.043570
SIM-TXN-00212,CUST-0032,Priya Patil,77.28,6053.87,WALLET,AUTH_FAILED,1,42.0,ESCALATE,SUCCESS,6053.87,2026-08-24 15:51:33.043570
SIM-TXN-00213,CUST-0473,Amit Joshi,90.17,5235.42,NETBANKING,UNKNOWN,2,15.0,STOP,NOT_ATTEMPTED,0.0,2026-08-07 03:12:33.043570
SIM-TXN-00214,CUST-0328,Pooja Jadhav,87.29,4109.73,NETBANKING,UNKNOWN,1,35.0,ESCALATE,FAILED,0.0,2026-08-11 18:18:33.043570
SIM-TXN-00215,CUST-0491,Rahul Sharma,77.84,1896.54,CARD,BANK_TIMEOUT,1,78.0,RETRY,SUCCESS,1896.54,2026-08-29 08:35:33.043570
SIM-TXN-00216,CUST-0192,Priya Patil,66.12,4479.09,WALLET,BANK_ERROR,2,45.0,STOP,NOT_ATTEMPTED,0.0,2026-08-11 17:31:33.043570
SIM-TXN-00217,CUST-0391,Rahul Sharma,56.91,1315.19,UPI,BANK_TIMEOUT,2,53.0,STOP,NOT_ATTEMPTED,0.0,2026-08-22 02:56:33.043570
SIM-TXN-00218,CUST-0271,Rahul Sharma,70.88,2019.38,UPI,INSUFFICIENT_FUNDS,2,18.0,STOP,NOT_ATTEMPTED,0.0,2026-08-06 21:31:33.043570
SIM-TXN-00219,CUST-0032,Priya Patil,77.28,1655.25,CARD,INSUFFICIENT_FUNDS,2,18.0,STOP,NOT_ATTEMPTED,0.0,2026-08-26 05:08:33.043570
SIM-TXN-00220,CUST-0077,Aditya More,91.53,2605.81,WALLET,BANK_TIMEOUT,0,88.0,RETRY,SUCCESS,2605.81,2026-08-28 07:55:33.043570
SIM-TXN-00221,CUST-0251,Rahul Sharma,85.59,15548.62,WALLET,BANK_TIMEOUT,0,88.0,RETRY,SUCCESS,15548.62,2026-08-25 03:34:33.043570
SIM-TXN-00222,CUST-0213,Amit Joshi,74.38,547.95,UPI,BANK_ERROR,2,45.0,STOP,NOT_ATTEMPTED,0.0,2026-08-22 20:00:33.043570
SIM-TXN-00223,CUST-0345,Rohan Deshmukh,57.22,4225.99,UPI,INSUFFICIENT_FUNDS,1,33.0,ESCALATE,SUCCESS,4225.99,2026-08-01 22:15:33.043570
SIM-TXN-00224,CUST-0382,Priya Patil,48.98,671.71,UPI,BANK_TIMEOUT,0,78.0,RETRY,SUCCESS,671.71,2026-08-04 16:36:33.043570
SIM-TXN-00225,CUST-0278,Pooja Jadhav,49.45,1673.14,UPI,UNKNOWN,1,25.0,ESCALATE,SUCCESS,1673.14,2026-08-20 09:33:33.043570
SIM-TXN-00226,CUST-0093,Amit Joshi,45.38,5832.26,WALLET,INSUFFICIENT_FUNDS,1,33.0,ESCALATE,FAILED,0.0,2026-08-19 04:44:33.043570
SIM-TXN-00227,CUST-0230,Ananya Kulkarni,46.29,2569.39,WALLET,INSUFFICIENT_FUNDS,1,33.0,ESCALATE,SUCCESS,2569.39,2026-08-26 08:01:33.043570
SIM-TXN-00228,CUST-0069,Kunal Patil,77.28,1030.5,NETBANKING,AUTH_FAILED,0,47.0,ESCALATE,SUCCESS,1030.5,2026-08-26 05:47:33.043570
SIM-TXN-00229,CUST-0202,Priya Patil,51.13,1377.13,CARD,AUTH_FAILED,0,42.0,ESCALATE,FAILED,0.0,2026-08-15 08:51:33.043570
SIM-TXN-00230,CUST-0238,Pooja Jadhav,86.26,4203.52,WALLET,AUTH_FAILED,2,27.0,STOP,NOT_ATTEMPTED,0.0,2026-08-19 01:14:33.043570
SIM-TXN-00231,CUST-0422,Priya Patil,90.84,1360.63,WALLET,BANK_TIMEOUT,1,83.0,RETRY,SUCCESS,1360.63,2026-08-10 08:50:33.043570
SIM-TXN-00232,CUST-0480,Ananya Kulkarni,68.0,2902.03,UPI,INSUFFICIENT_FUNDS,0,43.0,ESCALATE,FAILED,0.0,2026-08-20 20:53:33.043570
SIM-TXN-00233,CUST-0315,Rohan Deshmukh,54.34,2531.22,UPI,INSUFFICIENT_FUNDS,0,38.0,ESCALATE,SUCCESS,2531.22,2026-08-06 09:10:33.043570
SIM-TXN-00234,CUST-0305,Rohan Deshmukh,90.07,1449.13,UPI,BANK_TIMEOUT,0,88.0,RETRY,SUCCESS,1449.13,2026-08-20 02:20:33.043570
SIM-TXN-00235,CUST-0225,Rohan Deshmukh,72.32,13563.74,CARD,BANK_TIMEOUT,0,83.0,RETRY,SUCCESS,13563.74,2026-08-14 22:55:33.043570
SIM-TXN-00236,CUST-0120,Ananya Kulkarni,65.09,4052.69,NETBANKING,INSUFFICIENT_FUNDS,2,18.0,STOP,NOT_ATTEMPTED,0.0,2026-08-29 00:03:33.043570
SIM-TXN-00237,CUST-0396,Neha Shah,93.82,482.94,NETBANKING,AUTH_FAILED,0,52.0,NOTIFY,SUCCESS,482.94,2026-08-08 07:26:33.043570
SIM-TXN-00238,CUST-0339,Kunal Patil,61.23,2833.2,WALLET,AUTH_FAILED,1,42.0,ESCALATE,SUCCESS,2833.2,2026-08-27 03:03:33.043570
SIM-TXN-00239,CUST-0486,Neha Shah,67.83,1437.37,CARD,AUTH_FAILED,2,22.0,STOP,NOT_ATTEMPTED,0.0,2026-08-21 05:35:33.043570
SIM-TXN-00240,CUST-0285,Rohan Deshmukh,58.37,4826.84,NETBANKING,BANK_ERROR,2,40.0,STOP,NOT_ATTEMPTED,0.0,2026-08-19 03:17:33.043570
SIM-TXN-00241,CUST-0403,Amit Joshi,58.27,1294.63,WALLET,AUTH_FAILED,1,37.0,ESCALATE,SUCCESS,1294.63,2026-08-18 22:09:33.043570
SIM-TXN-00242,CUST-0095,Rohan Deshmukh,92.99,2226.56,WALLET,INSUFFICIENT_FUNDS,0,48.0,ESCALATE,FAILED,0.0,2026-08-15 11:27:33.043570
SIM-TXN-00243,CUST-0440,Ananya Kulkarni,71.97,3655.51,WALLET,INSUFFICIENT_FUNDS,0,43.0,ESCALATE,FAILED,0.0,2026-08-20 17:54:33.043570
SIM-TXN-00244,CUST-0286,Neha Shah,69.93,4878.55,WALLET,AUTH_FAILED,0,47.0,ESCALATE,SUCCESS,4878.55,2026-08-16 19:42:33.043570
SIM-TXN-00245,CUST-0332,Priya Patil,95.25,934.27,WALLET,BANK_TIMEOUT,1,83.0,RETRY,SUCCESS,934.27,2026-08-10 11:01:33.043570
SIM-TXN-00246,CUST-0027,Aditya More,65.15,1867.58,UPI,BANK_TIMEOUT,0,83.0,RETRY,SUCCESS,1867.58,2026-08-28 12:45:33.043570
SIM-TXN-00247,CUST-0371,Rahul Sharma,77.13,1669.11,CARD,AUTH_FAILED,1,42.0,ESCALATE,SUCCESS,1669.11,2026-08-16 22:39:33.043570
SIM-TXN-00248,CUST-0156,Neha Shah,59.02,1447.13,UPI,UNKNOWN,0,30.0,ESCALATE,FAILED,0.0,2026-08-07 03:06:33.043570
SIM-TXN-00249,CUST-0383,Amit Joshi,66.65,10020.25,WALLET,UNKNOWN,0,35.0,ESCALATE,FAILED,0.0,2026-08-11 02:20:33.043570
SIM-TXN-00250,CUST-0204,Sneha Kulkarni,82.57,3374.44,NETBANKING,UNKNOWN,1,35.0,ESCALATE,FAILED,0.0,2026-08-26 01:51:33.043570
SIM-TXN-00251,CUST-0333,Amit Joshi,57.79,890.06,NETBANKING,BANK_ERROR,1,60.0,NOTIFY,SUCCESS,890.06,2026-08-24 10:07:33.043570
SIM-TXN-00252,CUST-0239,Kunal Patil,54.32,5086.22,WALLET,BANK_TIMEOUT,1,73.0,RETRY,FAILED,0.0,2026-08-18 15:52:33.043570
SIM-TXN-00253,CUST-0161,Rahul Sharma,90.2,13329.37,CARD,BANK_ERROR,2,50.0,STOP,NOT_ATTEMPTED,0.0,2026-08-08 10:21:33.043570
SIM-TXN-00254,CUST-0009,Kunal Patil,67.23,5574.58,WALLET,BANK_TIMEOUT,1,78.0,RETRY,SUCCESS,5574.58,2026-08-16 19:16:33.043570
SIM-TXN-00255,CUST-0118,Pooja Jadhav,70.51,723.79,CARD,BANK_ERROR,1,65.0,NOTIFY,SUCCESS,723.79,2026-08-17 03:40:33.043570
SIM-TXN-00256,CUST-0132,Priya Patil,48.63,1656.75,WALLET,INSUFFICIENT_FUNDS,2,13.0,STOP,NOT_ATTEMPTED,0.0,2026-08-30 23:52:33.043570
SIM-TXN-00257,CUST-0379,Kunal Patil,78.15,6724.61,CARD,BANK_ERROR,2,45.0,STOP,NOT_ATTEMPTED,0.0,2026-08-17 19:38:33.043570
SIM-TXN-00258,CUST-0087,Aditya More,97.74,1385.57,WALLET,BANK_TIMEOUT,0,88.0,RETRY,FAILED,0.0,2026-08-26 11:07:33.043570
SIM-TXN-00259,CUST-0329,Kunal Patil,59.82,3480.93,UPI,UNKNOWN,0,30.0,ESCALATE,FAILED,0.0,2026-08-03 23:57:33.043570
SIM-TXN-00260,CUST-0392,Priya Patil,93.15,4535.58,CARD,BANK_TIMEOUT,2,63.0,STOP,NOT_ATTEMPTED,0.0,2026-08-12 07:45:33.043570
SIM-TXN-00261,CUST-0035,Rohan Deshmukh,59.31,1162.65,UPI,INSUFFICIENT_FUNDS,0,38.0,ESCALATE,FAILED,0.0,2026-08-18 18:36:33.043570
SIM-TXN-00262,CUST-0031,Rahul Sharma,82.2,2327.1,WALLET,AUTH_FAILED,2,27.0,STOP,NOT_ATTEMPTED,0.0,2026-08-23 23:50:33.043570
SIM-TXN-00263,CUST-0009,Kunal Patil,67.23,200.0,WALLET,BANK_TIMEOUT,0,83.0,RETRY,SUCCESS,200.0,2026-08-14 07:03:33.043570
SIM-TXN-00264,CUST-0275,Rohan Deshmukh,93.74,1075.45,UPI,UNKNOWN,2,15.0,STOP,NOT_ATTEMPTED,0.0,2026-08-21 09:16:33.043570
SIM-TXN-00265,CUST-0413,Amit Joshi,63.44,1994.09,CARD,UNKNOWN,0,35.0,ESCALATE,FAILED,0.0,2026-08-25 15:44:33.043570
SIM-TXN-00266,CUST-0077,Aditya More,91.53,899.44,NETBANKING,BANK_TIMEOUT,1,83.0,RETRY,SUCCESS,899.44,2026-08-19 20:29:33.043570
SIM-TXN-00267,CUST-0041,Rahul Sharma,93.4,9008.55,WALLET,BANK_ERROR,1,70.0,RETRY,SUCCESS,9008.55,2026-08-12 01:39:33.043570
SIM-TXN-00268,CUST-0154,Sneha Kulkarni,60.87,777.35,UPI,INSUFFICIENT_FUNDS,2,18.0,STOP,NOT_ATTEMPTED,0.0,2026-08-31 08:49:33.043570
SIM-TXN-00269,CUST-0389,Kunal Patil,76.26,1716.37,WALLET,BANK_TIMEOUT,1,78.0,RETRY,SUCCESS,1716.37,2026-08-23 10:53:33.043570
SIM-TXN-00270,CUST-0029,Kunal Patil,53.62,2709.7,CARD,AUTH_FAILED,0,42.0,ESCALATE,FAILED,0.0,2026-08-21 12:54:33.043570
SIM-TXN-00271,CUST-0331,Rahul Sharma,74.46,7731.19,UPI,INSUFFICIENT_FUNDS,2,18.0,STOP,NOT_ATTEMPTED,0.0,2026-08-03 17:26:33.043570
SIM-TXN-00272,CUST-0118,Pooja Jadhav,70.51,773.8,WALLET,BANK_TIMEOUT,1,78.0,RETRY,SUCCESS,773.8,2026-08-05 04:10:33.043570
SIM-TXN-00273,CUST-0351,Rahul Sharma,76.63,6189.01,UPI,UNKNOWN,0,35.0,ESCALATE,FAILED,0.0,2026-08-16 02:28:33.043570
SIM-TXN-00274,CUST-0009,Kunal Patil,67.23,2460.66,CARD,UNKNOWN,2,10.0,STOP,NOT_ATTEMPTED,0.0,2026-08-19 22:00:33.043570
SIM-TXN-00275,CUST-0476,Neha Shah,91.24,1112.98,CARD,BANK_TIMEOUT,2,63.0,STOP,NOT_ATTEMPTED,0.0,2026-08-12 17:37:33.043570
SIM-TXN-00276,CUST-0291,Rahul Sharma,55.57,3532.22,WALLET,INSUFFICIENT_FUNDS,2,13.0,STOP,NOT_ATTEMPTED,0.0,2026-08-26 09:24:33.043570
SIM-TXN-00277,CUST-0170,Ananya Kulkarni,48.99,2861.92,CARD,BANK_ERROR,2,40.0,STOP,NOT_ATTEMPTED,0.0,2026-08-05 08:37:33.043570
SIM-TXN-00278,CUST-0257,Aditya More,52.33,1509.94,NETBANKING,INSUFFICIENT_FUNDS,0,38.0,ESCALATE,SUCCESS,1509.94,2026-08-12 08:31:33.043570
SIM-TXN-00279,CUST-0430,Ananya Kulkarni,68.22,2580.77,WALLET,BANK_TIMEOUT,1,78.0,RETRY,SUCCESS,2580.77,2026-08-14 05:30:33.043570
SIM-TXN-00280,CUST-0402,Priya Patil,83.93,1793.19,WALLET,UNKNOWN,0,40.0,ESCALATE,FAILED,0.0,2026-08-18 21:01:33.043570
SIM-TXN-00281,CUST-0222,Priya Patil,80.81,2672.62,WALLET,BANK_TIMEOUT,0,88.0,RETRY,SUCCESS,2672.62,2026-08-15 05:35:33.043570
SIM-TXN-00282,CUST-0409,Kunal Patil,93.55,4145.19,UPI,BANK_TIMEOUT,0,88.0,RETRY,SUCCESS,4145.19,2026-08-19 02:01:33.043570
SIM-TXN-00283,CUST-0365,Rohan Deshmukh,66.24,8680.32,CARD,INSUFFICIENT_FUNDS,2,18.0,STOP,NOT_ATTEMPTED,0.0,2026-08-19 12:32:33.043570
SIM-TXN-00284,CUST-0163,Amit Joshi,49.89,906.64,UPI,BANK_ERROR,0,65.0,NOTIFY,FAILED,0.0,2026-08-22 00:44:33.043570
SIM-TXN-00285,CUST-0185,Rohan Deshmukh,87.52,13445.86,UPI,INSUFFICIENT_FUNDS,0,48.0,ESCALATE,SUCCESS,13445.86,2026-08-21 09:42:33.043570
SIM-TXN-00286,CUST-0230,Ananya Kulkarni,46.29,512.0,WALLET,AUTH_FAILED,0,42.0,ESCALATE,SUCCESS,512.0,2026-08-17 21:32:33.043570
SIM-TXN-00287,CUST-0284,Sneha Kulkarni,59.75,2161.53,NETBANKING,BANK_TIMEOUT,1,73.0,RETRY,SUCCESS,2161.53,2026-08-20 14:57:33.043570
SIM-TXN-00288,CUST-0199,Kunal Patil,47.03,3907.5,CARD,INSUFFICIENT_FUNDS,2,13.0,STOP,NOT_ATTEMPTED,0.0,2026-08-25 12:09:33.043570
SIM-TXN-00289,CUST-0087,Aditya More,97.74,3055.79,CARD,INSUFFICIENT_FUNDS,0,48.0,ESCALATE,SUCCESS,3055.79,2026-08-14 00:08:33.043570
SIM-TXN-00290,CUST-0253,Amit Joshi,59.55,1483.03,CARD,BANK_TIMEOUT,1,73.0,RETRY,SUCCESS,1483.03,2026-08-15 10:22:33.043570
SIM-TXN-00291,CUST-0248,Pooja Jadhav,84.41,2066.27,NETBANKING,INSUFFICIENT_FUNDS,1,43.0,ESCALATE,FAILED,0.0,2026-08-30 05:40:33.043570
SIM-TXN-00292,CUST-0254,Sneha Kulkarni,82.82,1645.17,CARD,AUTH_FAILED,1,47.0,ESCALATE,SUCCESS,1645.17,2026-08-15 15:44:33.043570
SIM-TXN-00293,CUST-0004,Sneha Kulkarni,49.61,1523.11,NETBANKING,UNKNOWN,2,5.0,STOP,NOT_ATTEMPTED,0.0,2026-08-19 01:54:33.043570
SIM-TXN-00294,CUST-0412,Priya Patil,96.36,4815.92,WALLET,INSUFFICIENT_FUNDS,1,43.0,ESCALATE,FAILED,0.0,2026-08-31 10:04:33.043570
SIM-TXN-00295,CUST-0499,Kunal Patil,95.1,3247.41,NETBANKING,AUTH_FAILED,1,47.0,ESCALATE,FAILED,0.0,2026-08-10 22:21:33.043570
SIM-TXN-00296,CUST-0246,Neha Shah,67.62,1402.02,WALLET,BANK_ERROR,1,65.0,NOTIFY,SUCCESS,1402.02,2026-08-30 14:15:33.043570
SIM-TXN-00297,CUST-0252,Priya Patil,70.68,5012.45,CARD,UNKNOWN,1,30.0,ESCALATE,FAILED,0.0,2026-08-19 16:09:33.043570
SIM-TXN-00298,CUST-0187,Aditya More,65.27,3120.78,CARD,BANK_TIMEOUT,2,58.0,STOP,NOT_ATTEMPTED,0.0,2026-08-26 14:56:33.043570
SIM-TXN-00299,CUST-0093,Amit Joshi,45.38,4676.43,UPI,INSUFFICIENT_FUNDS,2,13.0,STOP,NOT_ATTEMPTED,0.0,2026-08-22 19:10:33.043570
SIM-TXN-00300,CUST-0483,Amit Joshi,92.88,4038.8,WALLET,INSUFFICIENT_FUNDS,1,43.0,ESCALATE,FAILED,0.0,2026-08-04 22:30:33.043570
SIM-TXN-00301,CUST-0420,Ananya Kulkarni,61.67,1257.4,WALLET,INSUFFICIENT_FUNDS,2,18.0,STOP,NOT_ATTEMPTED,0.0,2026-08-24 12:20:33.043570
SIM-TXN-00302,CUST-0072,Priya Patil,93.68,1559.09,CARD,AUTH_FAILED,1,47.0,ESCALATE,FAILED,0.0,2026-08-21 01:08:33.043570
SIM-TXN-00303,CUST-0405,Rohan Deshmukh,76.12,4437.45,WALLET,BANK_ERROR,2,45.0,STOP,NOT_ATTEMPTED,0.0,2026-08-23 14:25:33.043570
SIM-TXN-00304,CUST-0299,Kunal Patil,96.13,3977.05,WALLET,BANK_ERROR,2,50.0,STOP,NOT_ATTEMPTED,0.0,2026-08-03 11:07:33.043570
SIM-TXN-00305,CUST-0405,Rohan Deshmukh,76.12,2400.13,UPI,UNKNOWN,0,35.0,ESCALATE,FAILED,0.0,2026-08-31 17:14:33.043570
SIM-TXN-00306,CUST-0341,Rahul Sharma,73.14,2680.78,UPI,BANK_ERROR,2,45.0,STOP,NOT_ATTEMPTED,0.0,2026-08-31 03:30:33.043570
SIM-TXN-00307,CUST-0347,Aditya More,95.4,6782.71,NETBANKING,AUTH_FAILED,1,47.0,ESCALATE,SUCCESS,6782.71,2026-08-06 06:40:33.043570
SIM-TXN-00308,CUST-0133,Amit Joshi,80.79,1520.42,CARD,BANK_TIMEOUT,1,83.0,RETRY,SUCCESS,1520.42,2026-08-22 20:45:33.043570
SIM-TXN-00309,CUST-0396,Neha Shah,93.82,3780.75,CARD,AUTH_FAILED,1,47.0,ESCALATE,FAILED,0.0,2026-08-23 18:16:33.043570
SIM-TXN-00310,CUST-0054,Sneha Kulkarni,86.98,2076.1,UPI,BANK_TIMEOUT,0,88.0,RETRY,SUCCESS,2076.1,2026-08-08 05:42:33.043570
SIM-TXN-00311,CUST-0179,Kunal Patil,96.61,2050.53,WALLET,BANK_ERROR,0,75.0,RETRY,SUCCESS,2050.53,2026-08-17 15:24:33.043570
SIM-TXN-00312,CUST-0244,Sneha Kulkarni,76.56,5878.29,WALLET,BANK_TIMEOUT,1,78.0,RETRY,SUCCESS,5878.29,2026-08-03 19:46:33.043570
SIM-TXN-00313,CUST-0415,Rohan Deshmukh,90.46,4723.63,UPI,INSUFFICIENT_FUNDS,1,43.0,ESCALATE,FAILED,0.0,2026-08-09 06:29:33.043570
SIM-TXN-00314,CUST-0477,Aditya More,77.73,4678.85,CARD,UNKNOWN,2,10.0,STOP,NOT_ATTEMPTED,0.0,2026-08-09 17:30:33.043570
SIM-TXN-00315,CUST-0283,Amit Joshi,85.35,6935.32,WALLET,BANK_TIMEOUT,1,83.0,RETRY,SUCCESS,6935.32,2026-08-20 05:23:33.043570
SIM-TXN-00316,CUST-0323,Amit Joshi,57.92,2481.96,WALLET,BANK_TIMEOUT,1,73.0,RETRY,SUCCESS,2481.96,2026-08-29 17:44:33.043570
SIM-TXN-00317,CUST-0453,Amit Joshi,90.86,4211.45,WALLET,BANK_TIMEOUT,1,83.0,RETRY,SUCCESS,4211.45,2026-08-11 13:34:33.043570
SIM-TXN-00318,CUST-0106,Neha Shah,80.69,1904.14,UPI,BANK_TIMEOUT,2,63.0,STOP,NOT_ATTEMPTED,0.0,2026-08-06 10:06:33.043570
SIM-TXN-00319,CUST-0410,Ananya Kulkarni,97.84,3163.18,CARD,INSUFFICIENT_FUNDS,1,43.0,ESCALATE,SUCCESS,3163.18,2026-08-22 14:44:33.043570
SIM-TXN-00320,CUST-0059,Kunal Patil,81.06,2199.28,WALLET,BANK_TIMEOUT,2,63.0,STOP,NOT_ATTEMPTED,0.0,2026-08-30 21:02:33.043570
SIM-TXN-00321,CUST-0161,Rahul Sharma,90.2,2637.53,WALLET,AUTH_FAILED,2,27.0,STOP,NOT_ATTEMPTED,0.0,2026-08-06 23:44:33.043570
SIM-TXN-00322,CUST-0179,Kunal Patil,96.61,3928.94,WALLET,BANK_ERROR,2,50.0,STOP,NOT_ATTEMPTED,0.0,2026-08-09 15:24:33.043570
SIM-TXN-00323,CUST-0417,Aditya More,60.28,1268.29,NETBANKING,AUTH_FAILED,2,22.0,STOP,NOT_ATTEMPTED,0.0,2026-08-28 15:35:33.043570
SIM-TXN-00324,CUST-0044,Sneha Kulkarni,65.97,13015.68,NETBANKING,AUTH_FAILED,0,47.0,ESCALATE,SUCCESS,13015.68,2026-08-07 02:42:33.043570
SIM-TXN-00325,CUST-0094,Sneha Kulkarni,48.12,1091.37,CARD,BANK_ERROR,2,40.0,STOP,NOT_ATTEMPTED,0.0,2026-08-19 11:16:33.043570
SIM-TXN-00326,CUST-0215,Rohan Deshmukh,80.9,923.94,WALLET,AUTH_FAILED,1,47.0,ESCALATE,SUCCESS,923.94,2026-08-30 17:06:33.043570
SIM-TXN-00327,CUST-0276,Neha Shah,73.31,6164.05,CARD,INSUFFICIENT_FUNDS,2,18.0,STOP,NOT_ATTEMPTED,0.0,2026-08-09 09:13:33.043570
SIM-TXN-00328,CUST-0251,Rahul Sharma,85.59,4597.79,CARD,BANK_TIMEOUT,1,83.0,RETRY,SUCCESS,4597.79,2026-08-29 23:31:33.043570
SIM-TXN-00329,CUST-0028,Pooja Jadhav,78.69,4021.04,UPI,INSUFFICIENT_FUNDS,1,38.0,ESCALATE,SUCCESS,4021.04,2026-08-19 06:20:33.043570
SIM-TXN-00330,CUST-0494,Sneha Kulkarni,78.81,4034.66,WALLET,AUTH_FAILED,1,42.0,ESCALATE,FAILED,0.0,2026-08-20 16:56:33.043570
SIM-TXN-00331,CUST-0364,Sneha Kulkarni,51.05,2416.81,WALLET,INSUFFICIENT_FUNDS,0,38.0,ESCALATE,SUCCESS,2416.81,2026-08-03 04:40:33.043570
SIM-TXN-00332,CUST-0408,Pooja Jadhav,69.94,1190.58,NETBANKING,INSUFFICIENT_FUNDS,0,43.0,ESCALATE,SUCCESS,1190.58,2026-08-26 06:10:33.043570
SIM-TXN-00333,CUST-0148,Pooja Jadhav,94.46,2593.19,WALLET,BANK_TIMEOUT,2,63.0,STOP,NOT_ATTEMPTED,0.0,2026-08-24 07:58:33.043570
SIM-TXN-00334,CUST-0282,Priya Patil,69.1,1419.8,UPI,AUTH_FAILED,1,42.0,ESCALATE,FAILED,0.0,2026-08-18 11:40:33.043570
SIM-TXN-00335,CUST-0278,Pooja Jadhav,49.45,5324.62,UPI,INSUFFICIENT_FUNDS,2,13.0,STOP,NOT_ATTEMPTED,0.0,2026-08-21 21:03:33.043570
SIM-TXN-00336,CUST-0280,Ananya Kulkarni,54.63,2169.72,WALLET,BANK_TIMEOUT,0,78.0,RETRY,SUCCESS,2169.72,2026-08-31 12:57:33.043570
SIM-TXN-00337,CUST-0385,Rohan Deshmukh,57.27,1260.93,UPI,BANK_TIMEOUT,1,73.0,RETRY,SUCCESS,1260.93,2026-08-05 17:58:33.043570
SIM-TXN-00338,CUST-0225,Rohan Deshmukh,72.32,1887.28,UPI,INSUFFICIENT_FUNDS,0,43.0,ESCALATE,SUCCESS,1887.28,2026-08-28 13:08:33.043570
SIM-TXN-00339,CUST-0353,Amit Joshi,57.06,3395.97,WALLET,BANK_ERROR,0,65.0,NOTIFY,SUCCESS,3395.97,2026-08-11 04:39:33.043570
SIM-TXN-00340,CUST-0417,Aditya More,60.28,1554.67,UPI,BANK_TIMEOUT,2,58.0,STOP,NOT_ATTEMPTED,0.0,2026-08-17 18:09:33.043570
SIM-TXN-00341,CUST-0273,Amit Joshi,65.61,1264.24,CARD,BANK_TIMEOUT,1,78.0,RETRY,FAILED,0.0,2026-08-15 02:36:33.043570
SIM-TXN-00342,CUST-0149,Kunal Patil,91.6,2965.94,UPI,AUTH_FAILED,0,52.0,NOTIFY,FAILED,0.0,2026-08-20 12:32:33.043570
SIM-TXN-00343,CUST-0471,Rahul Sharma,62.94,2968.98,NETBANKING,BANK_TIMEOUT,2,58.0,STOP,NOT_ATTEMPTED,0.0,2026-08-07 13:33:33.043570
SIM-TXN-00344,CUST-0360,Ananya Kulkarni,75.43,1626.92,CARD,INSUFFICIENT_FUNDS,0,43.0,ESCALATE,FAILED,0.0,2026-08-13 01:21:33.043570
SIM-TXN-00345,CUST-0390,Ananya Kulkarni,67.53,1674.33,WALLET,INSUFFICIENT_FUNDS,1,38.0,ESCALATE,SUCCESS,1674.33,2026-08-30 13:43:33.043570
SIM-TXN-00346,CUST-0138,Pooja Jadhav,74.96,2938.46,WALLET,AUTH_FAILED,1,42.0,ESCALATE,SUCCESS,2938.46,2026-08-06 00:39:33.043570
SIM-TXN-00347,CUST-0207,Aditya More,64.3,766.27,NETBANKING,AUTH_FAILED,2,22.0,STOP,NOT_ATTEMPTED,0.0,2026-08-18 14:05:33.043570
SIM-TXN-00348,CUST-0233,Amit Joshi,69.14,791.58,NETBANKING,UNKNOWN,2,10.0,STOP,NOT_ATTEMPTED,0.0,2026-08-01 21:40:33.043570
SIM-TXN-00349,CUST-0445,Rohan Deshmukh,71.94,1373.67,UPI,INSUFFICIENT_FUNDS,2,18.0,STOP,NOT_ATTEMPTED,0.0,2026-08-22 15:42:33.043570
SIM-TXN-00350,CUST-0326,Neha Shah,90.1,2057.49,NETBANKING,AUTH_FAILED,0,52.0,NOTIFY,FAILED,0.0,2026-08-19 21:22:33.043570
SIM-TXN-00351,CUST-0112,Priya Patil,69.52,3129.81,CARD,UNKNOWN,1,30.0,ESCALATE,SUCCESS,3129.81,2026-08-14 16:43:33.043570
SIM-TXN-00352,CUST-0173,Amit Joshi,67.78,7944.9,CARD,AUTH_FAILED,2,22.0,STOP,NOT_ATTEMPTED,0.0,2026-08-23 21:05:33.043570
SIM-TXN-00353,CUST-0404,Sneha Kulkarni,57.13,4847.06,UPI,BANK_ERROR,0,65.0,NOTIFY,SUCCESS,4847.06,2026-08-22 16:57:33.043570
SIM-TXN-00354,CUST-0009,Kunal Patil,67.23,2147.48,CARD,BANK_TIMEOUT,1,78.0,RETRY,SUCCESS,2147.48,2026-08-21 06:14:33.043570
SIM-TXN-00355,CUST-0104,Sneha Kulkarni,67.45,2403.75,CARD,UNKNOWN,2,10.0,STOP,NOT_ATTEMPTED,0.0,2026-08-15 12:41:33.043570
SIM-TXN-00356,CUST-0082,Priya Patil,53.75,1094.42,NETBANKING,INSUFFICIENT_FUNDS,0,38.0,ESCALATE,FAILED,0.0,2026-08-13 04:27:33.043570
SIM-TXN-00357,CUST-0043,Amit Joshi,56.27,2404.72,CARD,BANK_ERROR,0,65.0,NOTIFY,SUCCESS,2404.72,2026-08-15 16:39:33.043570
SIM-TXN-00358,CUST-0372,Priya Patil,56.96,1937.34,CARD,INSUFFICIENT_FUNDS,1,33.0,ESCALATE,FAILED,0.0,2026-08-06 02:55:33.043570
SIM-TXN-00359,CUST-0001,Rahul Sharma,50.9,3159.52,UPI,BANK_TIMEOUT,0,78.0,RETRY,SUCCESS,3159.52,2026-08-25 10:20:33.043570
SIM-TXN-00360,CUST-0349,Kunal Patil,59.65,1259.18,UPI,BANK_ERROR,2,40.0,STOP,NOT_ATTEMPTED,0.0,2026-08-17 10:14:33.043570
SIM-TXN-00361,CUST-0419,Kunal Patil,46.94,3697.74,WALLET,BANK_TIMEOUT,2,53.0,STOP,NOT_ATTEMPTED,0.0,2026-08-07 19:20:33.043570
SIM-TXN-00362,CUST-0245,Rohan Deshmukh,77.47,8318.12,WALLET,BANK_TIMEOUT,0,83.0,RETRY,SUCCESS,8318.12,2026-08-06 10:50:33.043570
SIM-TXN-00363,CUST-0053,Amit Joshi,53.1,2237.23,NETBANKING,BANK_ERROR,0,65.0,NOTIFY,SUCCESS,2237.23,2026-08-07 20:23:33.043570
SIM-TXN-00364,CUST-0329,Kunal Patil,59.82,3365.63,CARD,UNKNOWN,0,30.0,ESCALATE,FAILED,0.0,2026-08-02 04:13:33.043570
SIM-TXN-00365,CUST-0313,Amit Joshi,78.69,4239.14,WALLET,AUTH_FAILED,1,42.0,ESCALATE,FAILED,0.0,2026-08-30 08:59:33.043570
SIM-TXN-00366,CUST-0384,Sneha Kulkarni,69.91,1770.51,WALLET,BANK_TIMEOUT,2,58.0,STOP,NOT_ATTEMPTED,0.0,2026-08-21 22:10:33.043570
SIM-TXN-00367,CUST-0441,Rahul Sharma,67.02,2919.81,UPI,BANK_TIMEOUT,0,83.0,RETRY,SUCCESS,2919.81,2026-08-28 14:56:33.043570
SIM-TXN-00368,CUST-0374,Sneha Kulkarni,60.76,2465.31,WALLET,BANK_ERROR,1,65.0,NOTIFY,FAILED,0.0,2026-08-13 01:36:33.043570
SIM-TXN-00369,CUST-0142,Priya Patil,51.94,2638.96,CARD,AUTH_FAILED,2,17.0,STOP,NOT_ATTEMPTED,0.0,2026-08-29 03:25:33.043570
SIM-TXN-00370,CUST-0308,Pooja Jadhav,73.24,1315.0,NETBANKING,INSUFFICIENT_FUNDS,2,18.0,STOP,NOT_ATTEMPTED,0.0,2026-08-03 00:15:33.043570
SIM-TXN-00371,CUST-0435,Rohan Deshmukh,66.62,2488.93,NETBANKING,INSUFFICIENT_FUNDS,0,43.0,ESCALATE,FAILED,0.0,2026-08-24 23:30:33.043570
SIM-TXN-00372,CUST-0097,Aditya More,59.76,3635.12,NETBANKING,INSUFFICIENT_FUNDS,2,13.0,STOP,NOT_ATTEMPTED,0.0,2026-08-04 06:34:33.043570
SIM-TXN-00373,CUST-0402,Priya Patil,83.93,7792.48,CARD,UNKNOWN,1,35.0,ESCALATE,FAILED,0.0,2026-08-12 18:17:33.043570
SIM-TXN-00374,CUST-0256,Neha Shah,92.33,5257.53,UPI,AUTH_FAILED,2,27.0,STOP,NOT_ATTEMPTED,0.0,2026-08-02 08:08:33.043570
SIM-TXN-00375,CUST-0185,Rohan Deshmukh,87.52,13664.36,CARD,UNKNOWN,1,35.0,ESCALATE,FAILED,0.0,2026-08-27 15:47:33.043570
SIM-TXN-00376,CUST-0216,Neha Shah,77.62,1320.97,CARD,BANK_ERROR,1,65.0,NOTIFY,FAILED,0.0,2026-08-05 02:41:33.043570
SIM-TXN-00377,CUST-0009,Kunal Patil,67.23,4904.25,UPI,AUTH_FAILED,1,42.0,ESCALATE,SUCCESS,4904.25,2026-08-04 13:00:33.043570
SIM-TXN-00378,CUST-0486,Neha Shah,67.83,2826.16,NETBANKING,INSUFFICIENT_FUNDS,2,18.0,STOP,NOT_ATTEMPTED,0.0,2026-08-24 14:14:33.043570
SIM-TXN-00379,CUST-0393,Amit Joshi,48.78,14070.59,WALLET,BANK_ERROR,0,65.0,NOTIFY,SUCCESS,14070.59,2026-08-26 06:13:33.043570
SIM-TXN-00380,CUST-0316,Neha Shah,96.17,1278.4,UPI,BANK_TIMEOUT,1,83.0,RETRY,SUCCESS,1278.4,2026-08-11 00:54:33.043570
SIM-TXN-00381,CUST-0499,Kunal Patil,95.1,1246.66,NETBANKING,INSUFFICIENT_FUNDS,1,43.0,ESCALATE,FAILED,0.0,2026-08-31 08:45:33.043570
SIM-TXN-00382,CUST-0349,Kunal Patil,59.65,1510.94,NETBANKING,AUTH_FAILED,2,17.0,STOP,NOT_ATTEMPTED,0.0,2026-08-21 16:49:33.043570
SIM-TXN-00383,CUST-0374,Sneha Kulkarni,60.76,446.25,CARD,UNKNOWN,0,35.0,ESCALATE,SUCCESS,446.25,2026-08-21 13:32:33.043570
SIM-TXN-00384,CUST-0060,Ananya Kulkarni,81.13,1602.62,UPI,BANK_ERROR,1,70.0,RETRY,SUCCESS,1602.62,2026-08-31 17:44:33.043570
SIM-TXN-00385,CUST-0380,Ananya Kulkarni,80.0,1329.68,UPI,BANK_TIMEOUT,2,63.0,STOP,NOT_ATTEMPTED,0.0,2026-08-08 00:50:33.043570
SIM-TXN-00386,CUST-0360,Ananya Kulkarni,75.43,2752.64,WALLET,BANK_TIMEOUT,1,78.0,RETRY,SUCCESS,2752.64,2026-08-13 14:08:33.043570
SIM-TXN-00387,CUST-0086,Neha Shah,82.79,3208.01,NETBANKING,BANK_ERROR,2,50.0,STOP,NOT_ATTEMPTED,0.0,2026-08-07 03:54:33.043570
SIM-TXN-00388,CUST-0395,Rohan Deshmukh,84.69,10948.27,NETBANKING,UNKNOWN,1,35.0,ESCALATE,SUCCESS,10948.27,2026-08-04 16:43:33.043570
SIM-TXN-00389,CUST-0135,Rohan Deshmukh,58.05,5220.45,UPI,INSUFFICIENT_FUNDS,1,33.0,ESCALATE,FAILED,0.0,2026-08-18 04:19:33.043570
SIM-TXN-00390,CUST-0029,Kunal Patil,53.62,1538.37,CARD,BANK_ERROR,1,60.0,NOTIFY,SUCCESS,1538.37,2026-08-06 11:21:33.043570
SIM-TXN-00391,CUST-0458,Pooja Jadhav,75.31,1189.48,UPI,AUTH_FAILED,0,47.0,ESCALATE,FAILED,0.0,2026-08-01 21:46:33.043570
SIM-TXN-00392,CUST-0023,Amit Joshi,75.6,3617.49,UPI,INSUFFICIENT_FUNDS,0,43.0,ESCALATE,SUCCESS,3617.49,2026-08-18 08:31:33.043570
SIM-TXN-00393,CUST-0197,Aditya More,51.11,848.79,CARD,UNKNOWN,0,30.0,ESCALATE,FAILED,0.0,2026-08-31 15:10:33.043570
SIM-TXN-00394,CUST-0215,Rohan Deshmukh,80.9,10563.57,CARD,BANK_TIMEOUT,1,83.0,RETRY,FAILED,0.0,2026-08-16 08:25:33.043570
SIM-TXN-00395,CUST-0139,Kunal Patil,94.54,6270.13,NETBANKING,INSUFFICIENT_FUNDS,0,48.0,ESCALATE,FAILED,0.0,2026-08-04 04:29:33.043570
SIM-TXN-00396,CUST-0092,Priya Patil,57.2,1676.83,UPI,BANK_TIMEOUT,1,73.0,RETRY,SUCCESS,1676.83,2026-08-22 22:58:33.043570
SIM-TXN-00397,CUST-0444,Sneha Kulkarni,65.33,619.86,NETBANKING,BANK_TIMEOUT,1,78.0,RETRY,SUCCESS,619.86,2026-08-22 13:51:33.043570
SIM-TXN-00398,CUST-0005,Rohan Deshmukh,46.68,7209.09,NETBANKING,BANK_ERROR,2,40.0,STOP,NOT_ATTEMPTED,0.0,2026-08-15 14:55:33.043570
SIM-TXN-00399,CUST-0379,Kunal Patil,78.15,2226.91,WALLET,AUTH_FAILED,1,42.0,ESCALATE,FAILED,0.0,2026-08-24 05:50:33.043570
SIM-TXN-00400,CUST-0396,Neha Shah,93.82,6569.89,CARD,INSUFFICIENT_FUNDS,0,48.0,ESCALATE,SUCCESS,6569.89,2026-08-20 10:50:33.043570
SIM-TXN-00401,CUST-0013,Amit Joshi,59.73,681.61,NETBANKING,BANK_TIMEOUT,2,53.0,STOP,NOT_ATTEMPTED,0.0,2026-08-02 05:26:33.043570
SIM-TXN-00402,CUST-0487,Aditya More,73.15,1510.96,WALLET,BANK_ERROR,2,45.0,STOP,NOT_ATTEMPTED,0.0,2026-08-15 18:51:33.043570
SIM-TXN-00403,CUST-0054,Sneha Kulkarni,86.98,2450.86,CARD,BANK_TIMEOUT,1,83.0,RETRY,SUCCESS,2450.86,2026-08-04 12:23:33.043570
SIM-TXN-00404,CUST-0498,Pooja Jadhav,53.37,2534.08,NETBANKING,UNKNOWN,0,30.0,ESCALATE,SUCCESS,2534.08,2026-08-12 07:47:33.043570
SIM-TXN-00405,CUST-0460,Ananya Kulkarni,47.31,1702.66,WALLET,INSUFFICIENT_FUNDS,2,13.0,STOP,NOT_ATTEMPTED,0.0,2026-08-18 17:49:33.043570
SIM-TXN-00406,CUST-0235,Rohan Deshmukh,71.2,4016.96,UPI,UNKNOWN,2,10.0,STOP,NOT_ATTEMPTED,0.0,2026-08-06 03:21:33.043570
SIM-TXN-00407,CUST-0259,Kunal Patil,82.44,1038.89,WALLET,BANK_TIMEOUT,0,88.0,RETRY,SUCCESS,1038.89,2026-08-04 14:59:33.043570
SIM-TXN-00408,CUST-0223,Amit Joshi,70.08,2177.86,CARD,AUTH_FAILED,0,47.0,ESCALATE,SUCCESS,2177.86,2026-08-16 03:02:33.043570
SIM-TXN-00409,CUST-0475,Rohan Deshmukh,78.22,2687.15,NETBANKING,INSUFFICIENT_FUNDS,1,38.0,ESCALATE,FAILED,0.0,2026-08-12 10:07:33.043570
SIM-TXN-00410,CUST-0039,Kunal Patil,87.67,3683.25,CARD,UNKNOWN,2,15.0,STOP,NOT_ATTEMPTED,0.0,2026-08-06 17:59:33.043570
SIM-TXN-00411,CUST-0080,Ananya Kulkarni,85.59,4312.58,WALLET,BANK_TIMEOUT,1,83.0,RETRY,SUCCESS,4312.58,2026-08-07 06:50:33.043570
SIM-TXN-00412,CUST-0275,Rohan Deshmukh,93.74,992.56,CARD,BANK_ERROR,1,70.0,RETRY,SUCCESS,992.56,2026-08-13 20:25:33.043570
SIM-TXN-00413,CUST-0437,Aditya More,69.46,715.3,CARD,BANK_TIMEOUT,2,58.0,STOP,NOT_ATTEMPTED,0.0,2026-08-15 15:15:33.043570
SIM-TXN-00414,CUST-0424,Sneha Kulkarni,69.48,6782.77,UPI,INSUFFICIENT_FUNDS,0,43.0,ESCALATE,FAILED,0.0,2026-08-16 17:00:33.043570
SIM-TXN-00415,CUST-0076,Neha Shah,57.69,3183.87,CARD,BANK_TIMEOUT,1,73.0,RETRY,SUCCESS,3183.87,2026-08-04 00:26:33.043570
SIM-TXN-00416,CUST-0347,Aditya More,95.4,1341.05,CARD,BANK_TIMEOUT,0,88.0,RETRY,FAILED,0.0,2026-08-22 08:53:33.043570
SIM-TXN-00417,CUST-0285,Rohan Deshmukh,58.37,8441.55,CARD,INSUFFICIENT_FUNDS,0,38.0,ESCALATE,FAILED,0.0,2026-08-08 03:39:33.043570
SIM-TXN-00418,CUST-0063,Amit Joshi,53.38,2677.23,CARD,BANK_TIMEOUT,0,78.0,RETRY,SUCCESS,2677.23,2026-08-20 00:30:33.043570
SIM-TXN-00419,CUST-0191,Rahul Sharma,56.81,6269.41,UPI,INSUFFICIENT_FUNDS,2,13.0,STOP,NOT_ATTEMPTED,0.0,2026-08-28 11:09:33.043570
SIM-TXN-00420,CUST-0133,Amit Joshi,80.79,2576.06,UPI,UNKNOWN,0,40.0,ESCALATE,FAILED,0.0,2026-08-10 18:57:33.043570
SIM-TXN-00421,CUST-0463,Amit Joshi,71.25,12690.37,CARD,AUTH_FAILED,0,47.0,ESCALATE,FAILED,0.0,2026-08-16 21:06:33.043570
SIM-TXN-00422,CUST-0063,Amit Joshi,53.38,9939.51,WALLET,BANK_TIMEOUT,0,78.0,RETRY,SUCCESS,9939.51,2026-08-27 21:48:33.043570
SIM-TXN-00423,CUST-0222,Priya Patil,80.81,1999.85,WALLET,INSUFFICIENT_FUNDS,1,43.0,ESCALATE,SUCCESS,1999.85,2026-08-21 04:59:33.043570
SIM-TXN-00424,CUST-0089,Kunal Patil,68.93,5309.52,CARD,BANK_ERROR,1,65.0,NOTIFY,SUCCESS,5309.52,2026-08-08 13:18:33.043570
SIM-TXN-00425,CUST-0018,Pooja Jadhav,83.68,4090.0,CARD,AUTH_FAILED,2,27.0,STOP,NOT_ATTEMPTED,0.0,2026-08-15 05:18:33.043570
SIM-TXN-00426,CUST-0256,Neha Shah,92.33,7294.71,WALLET,BANK_ERROR,0,75.0,RETRY,SUCCESS,7294.71,2026-08-19 05:19:33.043570
SIM-TXN-00427,CUST-0071,Rahul Sharma,73.59,1127.84,CARD,BANK_ERROR,2,45.0,STOP,NOT_ATTEMPTED,0.0,2026-08-26 12:47:33.043570
SIM-TXN-00428,CUST-0407,Aditya More,75.54,4225.28,WALLET,BANK_TIMEOUT,2,58.0,STOP,NOT_ATTEMPTED,0.0,2026-08-18 03:12:33.043570
SIM-TXN-00429,CUST-0246,Neha Shah,67.62,5691.56,WALLET,AUTH_FAILED,1,42.0,ESCALATE,FAILED,0.0,2026-08-24 15:42:33.043570
SIM-TXN-00430,CUST-0165,Rohan Deshmukh,45.19,597.65,CARD,BANK_ERROR,0,65.0,NOTIFY,SUCCESS,597.65,2026-08-11 18:11:33.043570
SIM-TXN-00431,CUST-0016,Neha Shah,50.13,947.09,NETBANKING,UNKNOWN,0,30.0,ESCALATE,FAILED,0.0,2026-08-23 06:10:33.043570
SIM-TXN-00432,CUST-0272,Priya Patil,68.1,477.52,CARD,BANK_ERROR,0,70.0,RETRY,SUCCESS,477.52,2026-08-31 16:26:33.043570
SIM-TXN-00433,CUST-0124,Sneha Kulkarni,53.2,1967.41,UPI,BANK_TIMEOUT,0,78.0,RETRY,SUCCESS,1967.41,2026-08-19 11:13:33.043570
SIM-TXN-00434,CUST-0182,Priya Patil,91.72,4333.08,CARD,UNKNOWN,0,40.0,ESCALATE,SUCCESS,4333.08,2026-08-16 06:18:33.043570
SIM-TXN-00435,CUST-0413,Amit Joshi,63.44,8118.38,NETBANKING,INSUFFICIENT_FUNDS,2,18.0,STOP,NOT_ATTEMPTED,0.0,2026-08-03 01:46:33.043570
SIM-TXN-00436,CUST-0361,Rahul Sharma,70.37,2589.64,CARD,INSUFFICIENT_FUNDS,2,18.0,STOP,NOT_ATTEMPTED,0.0,2026-08-10 08:34:33.043570
SIM-TXN-00437,CUST-0429,Kunal Patil,51.94,8981.23,WALLET,UNKNOWN,2,5.0,STOP,NOT_ATTEMPTED,0.0,2026-08-15 20:32:33.043570
SIM-TXN-00438,CUST-0090,Ananya Kulkarni,56.91,809.1,UPI,BANK_ERROR,0,65.0,NOTIFY,SUCCESS,809.1,2026-08-11 17:57:33.043570
SIM-TXN-00439,CUST-0011,Rahul Sharma,85.22,624.71,UPI,AUTH_FAILED,1,47.0,ESCALATE,FAILED,0.0,2026-08-10 23:01:33.043570
SIM-TXN-00440,CUST-0413,Amit Joshi,63.44,2334.52,CARD,BANK_TIMEOUT,1,78.0,RETRY,SUCCESS,2334.52,2026-08-08 12:18:33.043570
SIM-TXN-00441,CUST-0301,Rahul Sharma,75.52,3318.45,CARD,INSUFFICIENT_FUNDS,0,43.0,ESCALATE,FAILED,0.0,2026-08-18 09:31:33.043570
SIM-TXN-00442,CUST-0492,Priya Patil,71.38,2377.59,WALLET,BANK_TIMEOUT,2,58.0,STOP,NOT_ATTEMPTED,0.0,2026-08-06 09:19:33.043570
SIM-TXN-00443,CUST-0173,Amit Joshi,67.78,466.87,CARD,BANK_ERROR,0,70.0,RETRY,FAILED,0.0,2026-08-21 16:08:33.043570
SIM-TXN-00444,CUST-0406,Neha Shah,97.98,2272.65,WALLET,AUTH_FAILED,2,27.0,STOP,NOT_ATTEMPTED,0.0,2026-08-16 05:31:33.043570
SIM-TXN-00445,CUST-0090,Ananya Kulkarni,56.91,859.56,NETBANKING,INSUFFICIENT_FUNDS,0,38.0,ESCALATE,FAILED,0.0,2026-08-09 18:29:33.043570
SIM-TXN-00446,CUST-0194,Sneha Kulkarni,63.61,4170.28,NETBANKING,BANK_ERROR,0,70.0,RETRY,SUCCESS,4170.28,2026-08-01 20:55:33.043570
SIM-TXN-00447,CUST-0486,Neha Shah,67.83,3272.4,WALLET,INSUFFICIENT_FUNDS,2,18.0,STOP,NOT_ATTEMPTED,0.0,2026-08-03 06:20:33.043570
SIM-TXN-00448,CUST-0094,Sneha Kulkarni,48.12,1150.67,CARD,AUTH_FAILED,2,17.0,STOP,NOT_ATTEMPTED,0.0,2026-08-27 12:41:33.043570
SIM-TXN-00449,CUST-0054,Sneha Kulkarni,86.98,1617.94,CARD,UNKNOWN,1,35.0,ESCALATE,FAILED,0.0,2026-08-12 14:55:33.043570
SIM-TXN-00450,CUST-0178,Pooja Jadhav,91.86,1045.9,CARD,UNKNOWN,2,15.0,STOP,NOT_ATTEMPTED,0.0,2026-08-05 19:52:33.043570
SIM-TXN-00451,CUST-0421,Rahul Sharma,51.14,2321.24,NETBANKING,INSUFFICIENT_FUNDS,1,33.0,ESCALATE,SUCCESS,2321.24,2026-08-11 07:59:33.043570
SIM-TXN-00452,CUST-0128,Pooja Jadhav,48.03,5240.19,NETBANKING,INSUFFICIENT_FUNDS,1,33.0,ESCALATE,FAILED,0.0,2026-08-01 20:21:33.043570
SIM-TXN-00453,CUST-0025,Rohan Deshmukh,85.97,1109.23,WALLET,BANK_ERROR,0,75.0,RETRY,FAILED,0.0,2026-08-24 05:32:33.043570
SIM-TXN-00454,CUST-0452,Priya Patil,97.94,3652.76,WALLET,BANK_ERROR,0,75.0,RETRY,FAILED,0.0,2026-08-28 02:21:33.043570
SIM-TXN-00455,CUST-0334,Sneha Kulkarni,70.89,1596.86,CARD,INSUFFICIENT_FUNDS,0,43.0,ESCALATE,FAILED,0.0,2026-08-03 07:27:33.043570
SIM-TXN-00456,CUST-0151,Rahul Sharma,89.19,1294.27,NETBANKING,BANK_TIMEOUT,0,88.0,RETRY,SUCCESS,1294.27,2026-08-09 12:46:33.043570
SIM-TXN-00457,CUST-0455,Rohan Deshmukh,62.62,2240.32,UPI,BANK_ERROR,2,45.0,STOP,NOT_ATTEMPTED,0.0,2026-08-06 00:39:33.043570
SIM-TXN-00458,CUST-0174,Sneha Kulkarni,61.34,1066.15,WALLET,AUTH_FAILED,2,22.0,STOP,NOT_ATTEMPTED,0.0,2026-08-03 04:49:33.043570
SIM-TXN-00459,CUST-0221,Rahul Sharma,69.64,1567.25,CARD,UNKNOWN,2,10.0,STOP,NOT_ATTEMPTED,0.0,2026-08-21 13:13:33.043570
SIM-TXN-00460,CUST-0081,Rahul Sharma,79.97,936.08,NETBANKING,BANK_TIMEOUT,0,83.0,RETRY,FAILED,0.0,2026-08-20 10:00:33.043570
SIM-TXN-00461,CUST-0357,Aditya More,60.48,11752.02,NETBANKING,AUTH_FAILED,2,22.0,STOP,NOT_ATTEMPTED,0.0,2026-08-14 14:27:33.043570
SIM-TXN-00462,CUST-0153,Amit Joshi,45.41,2510.43,UPI,BANK_TIMEOUT,1,73.0,RETRY,SUCCESS,2510.43,2026-08-24 03:12:33.043570
SIM-TXN-00463,CUST-0079,Kunal Patil,88.25,1394.4,UPI,BANK_TIMEOUT,1,83.0,RETRY,SUCCESS,1394.4,2026-08-30 05:43:33.043570
SIM-TXN-00464,CUST-0308,Pooja Jadhav,73.24,2896.28,UPI,BANK_ERROR,0,70.0,RETRY,SUCCESS,2896.28,2026-08-30 20:02:33.043570
SIM-TXN-00465,CUST-0150,Ananya Kulkarni,60.1,2230.85,WALLET,UNKNOWN,0,35.0,ESCALATE,SUCCESS,2230.85,2026-08-19 21:06:33.043570
SIM-TXN-00466,CUST-0242,Priya Patil,69.19,2045.15,NETBANKING,BANK_ERROR,0,70.0,RETRY,SUCCESS,2045.15,2026-08-19 10:14:33.043570
SIM-TXN-00467,CUST-0095,Rohan Deshmukh,92.99,3989.15,WALLET,BANK_ERROR,1,70.0,RETRY,SUCCESS,3989.15,2026-08-03 19:42:33.043570
SIM-TXN-00468,CUST-0135,Rohan Deshmukh,58.05,4473.86,NETBANKING,BANK_ERROR,0,65.0,NOTIFY,FAILED,0.0,2026-08-27 11:16:33.043570
SIM-TXN-00469,CUST-0032,Priya Patil,77.28,1596.55,UPI,BANK_TIMEOUT,0,83.0,RETRY,SUCCESS,1596.55,2026-08-26 10:22:33.043570
SIM-TXN-00470,CUST-0212,Priya Patil,62.29,1539.7,CARD,UNKNOWN,2,10.0,STOP,NOT_ATTEMPTED,0.0,2026-08-04 13:34:33.043570
SIM-TXN-00471,CUST-0431,Rahul Sharma,51.44,1958.55,WALLET,BANK_ERROR,2,40.0,STOP,NOT_ATTEMPTED,0.0,2026-08-23 09:36:33.043570
SIM-TXN-00472,CUST-0294,Sneha Kulkarni,74.89,387.01,WALLET,UNKNOWN,1,30.0,ESCALATE,SUCCESS,387.01,2026-08-03 08:53:33.043570
SIM-TXN-00473,CUST-0258,Pooja Jadhav,65.3,726.22,CARD,AUTH_FAILED,0,47.0,ESCALATE,FAILED,0.0,2026-08-22 05:26:33.043570
SIM-TXN-00474,CUST-0089,Kunal Patil,68.93,7284.47,CARD,UNKNOWN,0,35.0,ESCALATE,FAILED,0.0,2026-08-07 12:47:33.043570
SIM-TXN-00475,CUST-0022,Priya Patil,91.93,9099.49,WALLET,BANK_ERROR,0,75.0,RETRY,FAILED,0.0,2026-08-30 08:03:33.043570
SIM-TXN-00476,CUST-0076,Neha Shah,57.69,1999.74,NETBANKING,INSUFFICIENT_FUNDS,1,33.0,ESCALATE,FAILED,0.0,2026-08-04 20:09:33.043570
SIM-TXN-00477,CUST-0045,Rohan Deshmukh,52.57,3870.91,WALLET,BANK_ERROR,2,40.0,STOP,NOT_ATTEMPTED,0.0,2026-08-16 15:11:33.043570
SIM-TXN-00478,CUST-0439,Kunal Patil,71.41,3130.66,WALLET,BANK_TIMEOUT,0,83.0,RETRY,SUCCESS,3130.66,2026-08-30 03:30:33.043570
SIM-TXN-00479,CUST-0301,Rahul Sharma,75.52,28655.61,WALLET,AUTH_FAILED,0,47.0,ESCALATE,SUCCESS,28655.61,2026-08-08 12:50:33.043570
SIM-TXN-00480,CUST-0291,Rahul Sharma,55.57,5976.92,UPI,AUTH_FAILED,0,42.0,ESCALATE,FAILED,0.0,2026-08-06 09:16:33.043570
SIM-TXN-00481,CUST-0403,Amit Joshi,58.27,2203.2,NETBANKING,BANK_TIMEOUT,1,73.0,RETRY,SUCCESS,2203.2,2026-08-31 14:10:33.043570
SIM-TXN-00482,CUST-0249,Kunal Patil,68.85,1136.34,WALLET,AUTH_FAILED,0,47.0,ESCALATE,SUCCESS,1136.34,2026-08-20 03:07:33.043570
SIM-TXN-00483,CUST-0074,Sneha Kulkarni,50.93,675.09,WALLET,AUTH_FAILED,0,42.0,ESCALATE,SUCCESS,675.09,2026-08-16 21:02:33.043570
SIM-TXN-00484,CUST-0354,Sneha Kulkarni,61.02,2872.02,WALLET,BANK_TIMEOUT,1,78.0,RETRY,FAILED,0.0,2026-08-02 17:03:33.043570
SIM-TXN-00485,CUST-0173,Amit Joshi,67.78,1332.64,NETBANKING,INSUFFICIENT_FUNDS,1,38.0,ESCALATE,SUCCESS,1332.64,2026-08-24 03:56:33.043570
SIM-TXN-00486,CUST-0440,Ananya Kulkarni,71.97,782.27,UPI,INSUFFICIENT_FUNDS,0,43.0,ESCALATE,SUCCESS,782.27,2026-08-21 22:57:33.043570
SIM-TXN-00487,CUST-0397,Aditya More,51.59,1454.97,NETBANKING,INSUFFICIENT_FUNDS,2,13.0,STOP,NOT_ATTEMPTED,0.0,2026-08-20 18:11:33.043570
SIM-TXN-00488,CUST-0310,Ananya Kulkarni,45.67,1027.37,CARD,AUTH_FAILED,1,37.0,ESCALATE,SUCCESS,1027.37,2026-08-20 07:42:33.043570
SIM-TXN-00489,CUST-0380,Ananya Kulkarni,80.0,9411.74,NETBANKING,BANK_ERROR,0,75.0,RETRY,SUCCESS,9411.74,2026-08-09 00:36:33.043570
SIM-TXN-00490,CUST-0034,Sneha Kulkarni,53.66,4940.94,WALLET,BANK_ERROR,0,65.0,NOTIFY,FAILED,0.0,2026-08-25 15:37:33.043570
SIM-TXN-00491,CUST-0451,Rahul Sharma,89.39,2425.09,CARD,AUTH_FAILED,0,52.0,NOTIFY,FAILED,0.0,2026-08-10 22:12:33.043570
SIM-TXN-00492,CUST-0429,Kunal Patil,51.94,7974.11,UPI,BANK_TIMEOUT,1,73.0,RETRY,SUCCESS,7974.11,2026-08-18 04:35:33.043570
SIM-TXN-00493,CUST-0361,Rahul Sharma,70.37,2596.44,NETBANKING,BANK_TIMEOUT,1,78.0,RETRY,SUCCESS,2596.44,2026-08-30 17:00:33.043570
SIM-TXN-00494,CUST-0473,Amit Joshi,90.17,1225.34,UPI,BANK_TIMEOUT,0,88.0,RETRY,SUCCESS,1225.34,2026-08-28 19:49:33.043570
SIM-TXN-00495,CUST-0229,Kunal Patil,87.75,8254.38,WALLET,BANK_TIMEOUT,2,63.0,STOP,NOT_ATTEMPTED,0.0,2026-08-26 21:10:33.043570
SIM-TXN-00496,CUST-0180,Ananya Kulkarni,94.07,3756.07,NETBANKING,BANK_ERROR,2,50.0,STOP,NOT_ATTEMPTED,0.0,2026-08-05 21:41:33.043570
SIM-TXN-00497,CUST-0146,Neha Shah,48.88,1064.44,UPI,BANK_TIMEOUT,0,78.0,RETRY,SUCCESS,1064.44,2026-08-11 13:03:33.043570
SIM-TXN-00498,CUST-0439,Kunal Patil,71.41,2095.88,CARD,BANK_TIMEOUT,2,58.0,STOP,NOT_ATTEMPTED,0.0,2026-08-11 04:46:33.043570
SIM-TXN-00499,CUST-0138,Pooja Jadhav,74.96,1211.37,UPI,AUTH_FAILED,2,22.0,STOP,NOT_ATTEMPTED,0.0,2026-08-02 04:41:33.043570
SIM-TXN-00500,CUST-0243,Amit Joshi,80.38,807.35,CARD,UNKNOWN,2,15.0,STOP,NOT_ATTEMPTED,0.0,2026-08-02 04:12:33.043570
SIM-TXN-00501,CUST-0115,Rohan Deshmukh,89.31,5120.17,NETBANKING,BANK_TIMEOUT,2,63.0,STOP,NOT_ATTEMPTED,0.0,2026-08-31 01:00:33.043570
SIM-TXN-00502,CUST-0141,Rahul Sharma,57.65,11243.36,WALLET,BANK_ERROR,1,60.0,NOTIFY,SUCCESS,11243.36,2026-08-11 17:18:33.043570
SIM-TXN-00503,CUST-0239,Kunal Patil,54.32,797.23,WALLET,BANK_ERROR,2,40.0,STOP,NOT_ATTEMPTED,0.0,2026-08-06 10:43:33.043570
SIM-TXN-00504,CUST-0004,Sneha Kulkarni,49.61,3829.06,NETBANKING,AUTH_FAILED,2,17.0,STOP,NOT_ATTEMPTED,0.0,2026-08-31 06:02:33.043570
SIM-TXN-00505,CUST-0305,Rohan Deshmukh,90.07,1450.24,NETBANKING,AUTH_FAILED,2,27.0,STOP,NOT_ATTEMPTED,0.0,2026-08-06 17:02:33.043570
SIM-TXN-00506,CUST-0247,Aditya More,68.63,1652.92,NETBANKING,BANK_TIMEOUT,2,58.0,STOP,NOT_ATTEMPTED,0.0,2026-08-16 14:06:33.043570
SIM-TXN-00507,CUST-0442,Priya Patil,96.95,1519.42,NETBANKING,BANK_TIMEOUT,0,88.0,RETRY,SUCCESS,1519.42,2026-08-12 17:26:33.043570
SIM-TXN-00508,CUST-0461,Rahul Sharma,82.38,1222.69,WALLET,BANK_TIMEOUT,2,63.0,STOP,NOT_ATTEMPTED,0.0,2026-08-16 08:02:33.043570
SIM-TXN-00509,CUST-0349,Kunal Patil,59.65,2537.2,UPI,BANK_TIMEOUT,2,53.0,STOP,NOT_ATTEMPTED,0.0,2026-08-24 10:13:33.043570
SIM-TXN-00510,CUST-0152,Priya Patil,77.42,1255.44,WALLET,BANK_TIMEOUT,1,78.0,RETRY,SUCCESS,1255.44,2026-08-03 09:32:33.043570
SIM-TXN-00511,CUST-0299,Kunal Patil,96.13,3030.14,CARD,INSUFFICIENT_FUNDS,1,43.0,ESCALATE,FAILED,0.0,2026-08-11 21:50:33.043570
SIM-TXN-00512,CUST-0352,Priya Patil,89.13,2344.46,WALLET,AUTH_FAILED,2,27.0,STOP,NOT_ATTEMPTED,0.0,2026-08-18 02:32:33.043570
SIM-TXN-00513,CUST-0260,Ananya Kulkarni,66.99,2015.94,CARD,BANK_ERROR,2,45.0,STOP,NOT_ATTEMPTED,0.0,2026-08-27 04:43:33.043570
SIM-TXN-00514,CUST-0093,Amit Joshi,45.38,1180.8,WALLET,BANK_TIMEOUT,0,78.0,RETRY,SUCCESS,1180.8,2026-08-27 05:34:33.043570
SIM-TXN-00515,CUST-0391,Rahul Sharma,56.91,1538.53,NETBANKING,UNKNOWN,2,5.0,STOP,NOT_ATTEMPTED,0.0,2026-08-05 20:30:33.043570
SIM-TXN-00516,CUST-0114,Sneha Kulkarni,50.19,4466.29,NETBANKING,BANK_ERROR,1,60.0,NOTIFY,FAILED,0.0,2026-08-16 20:51:33.043570
SIM-TXN-00517,CUST-0191,Rahul Sharma,56.81,3643.62,NETBANKING,BANK_TIMEOUT,1,73.0,RETRY,SUCCESS,3643.62,2026-08-23 04:55:33.043570
SIM-TXN-00518,CUST-0028,Pooja Jadhav,78.69,1116.5,UPI,INSUFFICIENT_FUNDS,1,38.0,ESCALATE,FAILED,0.0,2026-08-24 13:37:33.043570
SIM-TXN-00519,CUST-0062,Priya Patil,50.91,2642.46,WALLET,INSUFFICIENT_FUNDS,2,13.0,STOP,NOT_ATTEMPTED,0.0,2026-08-15 08:51:33.043570
SIM-TXN-00520,CUST-0212,Priya Patil,62.29,4452.0,CARD,BANK_TIMEOUT,0,83.0,RETRY,FAILED,0.0,2026-08-17 09:15:33.043570
SIM-TXN-00521,CUST-0210,Ananya Kulkarni,83.15,641.93,WALLET,UNKNOWN,0,40.0,ESCALATE,FAILED,0.0,2026-08-09 23:57:33.043570
SIM-TXN-00522,CUST-0399,Kunal Patil,71.53,3769.46,NETBANKING,BANK_TIMEOUT,2,58.0,STOP,NOT_ATTEMPTED,0.0,2026-08-09 20:06:33.043570
SIM-TXN-00523,CUST-0161,Rahul Sharma,90.2,1436.41,UPI,AUTH_FAILED,1,47.0,ESCALATE,SUCCESS,1436.41,2026-08-09 11:07:33.043570
SIM-TXN-00524,CUST-0296,Neha Shah,85.65,3852.51,WALLET,INSUFFICIENT_FUNDS,0,48.0,ESCALATE,SUCCESS,3852.51,2026-08-21 12:41:33.043570
SIM-TXN-00525,CUST-0325,Rohan Deshmukh,62.83,1325.3,WALLET,BANK_ERROR,1,65.0,NOTIFY,SUCCESS,1325.3,2026-08-03 12:10:33.043570
SIM-TXN-00526,CUST-0274,Sneha Kulkarni,83.38,575.99,NETBANKING,BANK_TIMEOUT,0,88.0,RETRY,FAILED,0.0,2026-08-25 22:59:33.043570
SIM-TXN-00527,CUST-0098,Pooja Jadhav,56.35,663.79,UPI,BANK_TIMEOUT,2,53.0,STOP,NOT_ATTEMPTED,0.0,2026-08-13 02:44:33.043570
SIM-TXN-00528,CUST-0116,Neha Shah,94.1,2536.32,NETBANKING,INSUFFICIENT_FUNDS,1,43.0,ESCALATE,SUCCESS,2536.32,2026-08-19 05:54:33.043570
SIM-TXN-00529,CUST-0258,Pooja Jadhav,65.3,3004.23,CARD,AUTH_FAILED,0,47.0,ESCALATE,FAILED,0.0,2026-08-15 08:40:33.043570
SIM-TXN-00530,CUST-0486,Neha Shah,67.83,1183.87,NETBANKING,BANK_TIMEOUT,1,78.0,RETRY,FAILED,0.0,2026-08-07 21:06:33.043570
SIM-TXN-00531,CUST-0176,Neha Shah,81.15,4067.87,WALLET,UNKNOWN,1,35.0,ESCALATE,FAILED,0.0,2026-08-09 07:03:33.043570
SIM-TXN-00532,CUST-0486,Neha Shah,67.83,645.99,WALLET,UNKNOWN,0,35.0,ESCALATE,SUCCESS,645.99,2026-08-07 18:16:33.043570
SIM-TXN-00533,CUST-0109,Kunal Patil,58.18,2314.93,CARD,INSUFFICIENT_FUNDS,0,38.0,ESCALATE,SUCCESS,2314.93,2026-08-31 09:31:33.043570
SIM-TXN-00534,CUST-0406,Neha Shah,97.98,926.29,NETBANKING,BANK_TIMEOUT,2,63.0,STOP,NOT_ATTEMPTED,0.0,2026-08-30 03:35:33.043570
SIM-TXN-00535,CUST-0025,Rohan Deshmukh,85.97,1448.86,UPI,AUTH_FAILED,2,27.0,STOP,NOT_ATTEMPTED,0.0,2026-08-06 17:03:33.043570
SIM-TXN-00536,CUST-0335,Rohan Deshmukh,81.6,2534.92,UPI,INSUFFICIENT_FUNDS,2,23.0,STOP,NOT_ATTEMPTED,0.0,2026-08-07 01:26:33.043570
SIM-TXN-00537,CUST-0214,Sneha Kulkarni,67.28,1226.19,UPI,BANK_ERROR,2,45.0,STOP,NOT_ATTEMPTED,0.0,2026-08-13 07:01:33.043570
SIM-TXN-00538,CUST-0243,Amit Joshi,80.38,1794.27,CARD,INSUFFICIENT_FUNDS,2,23.0,STOP,NOT_ATTEMPTED,0.0,2026-08-30 11:26:33.043570
SIM-TXN-00539,CUST-0005,Rohan Deshmukh,46.68,5459.07,UPI,BANK_ERROR,2,40.0,STOP,NOT_ATTEMPTED,0.0,2026-08-25 11:16:33.043570
SIM-TXN-00540,CUST-0139,Kunal Patil,94.54,1538.38,CARD,AUTH_FAILED,1,47.0,ESCALATE,FAILED,0.0,2026-08-06 13:33:33.043570
SIM-TXN-00541,CUST-0262,Priya Patil,48.3,4762.62,UPI,INSUFFICIENT_FUNDS,1,33.0,ESCALATE,SUCCESS,4762.62,2026-08-06 15:02:33.043570
SIM-TXN-00542,CUST-0255,Rohan Deshmukh,59.4,988.55,CARD,BANK_TIMEOUT,1,73.0,RETRY,SUCCESS,988.55,2026-08-10 23:14:33.043570
SIM-TXN-00543,CUST-0184,Sneha Kulkarni,86.47,3728.81,NETBANKING,INSUFFICIENT_FUNDS,0,48.0,ESCALATE,SUCCESS,3728.81,2026-08-24 09:07:33.043570
SIM-TXN-00544,CUST-0467,Aditya More,50.28,7733.02,WALLET,BANK_TIMEOUT,1,73.0,RETRY,SUCCESS,7733.02,2026-08-02 08:53:33.043570
SIM-TXN-00545,CUST-0344,Sneha Kulkarni,59.36,337.88,UPI,BANK_TIMEOUT,2,53.0,STOP,NOT_ATTEMPTED,0.0,2026-08-24 06:39:33.043570
SIM-TXN-00546,CUST-0077,Aditya More,91.53,1290.11,UPI,UNKNOWN,2,15.0,STOP,NOT_ATTEMPTED,0.0,2026-08-06 09:36:33.043570
SIM-TXN-00547,CUST-0464,Sneha Kulkarni,51.69,3872.51,CARD,BANK_TIMEOUT,1,73.0,RETRY,FAILED,0.0,2026-08-15 06:18:33.043570
SIM-TXN-00548,CUST-0136,Neha Shah,47.11,2074.68,UPI,BANK_ERROR,0,65.0,NOTIFY,FAILED,0.0,2026-08-15 00:20:33.043570
SIM-TXN-00549,CUST-0185,Rohan Deshmukh,87.52,3284.33,NETBANKING,INSUFFICIENT_FUNDS,1,43.0,ESCALATE,FAILED,0.0,2026-08-06 02:43:33.043570
SIM-TXN-00550,CUST-0436,Neha Shah,97.59,1505.4,UPI,INSUFFICIENT_FUNDS,0,48.0,ESCALATE,FAILED,0.0,2026-08-31 05:52:33.043570
SIM-TXN-00551,CUST-0088,Pooja Jadhav,68.22,2615.66,WALLET,BANK_ERROR,2,45.0,STOP,NOT_ATTEMPTED,0.0,2026-08-14 00:01:33.043570
SIM-TXN-00552,CUST-0450,Ananya Kulkarni,59.99,2154.81,NETBANKING,INSUFFICIENT_FUNDS,1,33.0,ESCALATE,SUCCESS,2154.81,2026-08-20 00:43:33.043570
SIM-TXN-00553,CUST-0205,Rohan Deshmukh,72.56,6211.92,NETBANKING,UNKNOWN,1,30.0,ESCALATE,FAILED,0.0,2026-08-23 13:20:33.043570
SIM-TXN-00554,CUST-0410,Ananya Kulkarni,97.84,2991.52,CARD,BANK_ERROR,0,75.0,RETRY,SUCCESS,2991.52,2026-08-04 11:01:33.043570
SIM-TXN-00555,CUST-0483,Amit Joshi,92.88,3197.36,UPI,INSUFFICIENT_FUNDS,1,43.0,ESCALATE,FAILED,0.0,2026-08-23 18:10:33.043570
SIM-TXN-00556,CUST-0411,Rahul Sharma,78.64,1755.48,WALLET,AUTH_FAILED,0,47.0,ESCALATE,FAILED,0.0,2026-08-18 02:39:33.043570
SIM-TXN-00557,CUST-0314,Sneha Kulkarni,82.49,1652.29,CARD,BANK_TIMEOUT,1,83.0,RETRY,FAILED,0.0,2026-08-06 22:19:33.043570
SIM-TXN-00558,CUST-0455,Rohan Deshmukh,62.62,1726.68,UPI,BANK_ERROR,0,70.0,RETRY,SUCCESS,1726.68,2026-08-16 02:11:33.043570
SIM-TXN-00559,CUST-0007,Aditya More,76.91,3346.14,CARD,INSUFFICIENT_FUNDS,2,18.0,STOP,NOT_ATTEMPTED,0.0,2026-08-17 04:28:33.043570
SIM-TXN-00560,CUST-0266,Neha Shah,65.16,1742.74,UPI,AUTH_FAILED,1,42.0,ESCALATE,FAILED,0.0,2026-08-13 02:28:33.043570
SIM-TXN-00561,CUST-0247,Aditya More,68.63,3077.34,WALLET,BANK_ERROR,0,70.0,RETRY,FAILED,0.0,2026-08-27 04:49:33.043570
SIM-TXN-00562,CUST-0457,Aditya More,91.09,12840.0,UPI,UNKNOWN,0,40.0,ESCALATE,FAILED,0.0,2026-08-08 22:22:33.043570
SIM-TXN-00563,CUST-0259,Kunal Patil,82.44,4899.56,WALLET,INSUFFICIENT_FUNDS,0,48.0,ESCALATE,SUCCESS,4899.56,2026-08-24 03:58:33.043570
SIM-TXN-00564,CUST-0165,Rohan Deshmukh,45.19,1880.29,NETBANKING,BANK_TIMEOUT,0,78.0,RETRY,SUCCESS,1880.29,2026-08-26 20:15:33.043570
SIM-TXN-00565,CUST-0330,Ananya Kulkarni,82.16,6380.3,CARD,BANK_ERROR,0,75.0,RETRY,SUCCESS,6380.3,2026-08-27 20:52:33.043570
SIM-TXN-00566,CUST-0230,Ananya Kulkarni,46.29,1760.83,WALLET,BANK_TIMEOUT,1,73.0,RETRY,SUCCESS,1760.83,2026-08-24 10:13:33.043570
SIM-TXN-00567,CUST-0382,Priya Patil,48.98,477.95,UPI,AUTH_FAILED,1,37.0,ESCALATE,SUCCESS,477.95,2026-08-27 03:30:33.043570
SIM-TXN-00568,CUST-0282,Priya Patil,69.1,1089.56,UPI,BANK_TIMEOUT,2,58.0,STOP,NOT_ATTEMPTED,0.0,2026-08-29 23:09:33.043570
SIM-TXN-00569,CUST-0327,Aditya More,70.84,546.41,CARD,BANK_ERROR,2,45.0,STOP,NOT_ATTEMPTED,0.0,2026-08-22 13:16:33.043570
SIM-TXN-00570,CUST-0487,Aditya More,73.15,1842.34,UPI,BANK_ERROR,0,70.0,RETRY,FAILED,0.0,2026-08-16 21:34:33.043570
SIM-TXN-00571,CUST-0287,Aditya More,47.76,2476.83,WALLET,INSUFFICIENT_FUNDS,2,13.0,STOP,NOT_ATTEMPTED,0.0,2026-08-31 16:46:33.043570
SIM-TXN-00572,CUST-0187,Aditya More,65.27,9331.49,UPI,INSUFFICIENT_FUNDS,0,43.0,ESCALATE,FAILED,0.0,2026-08-11 21:10:33.043570
SIM-TXN-00573,CUST-0002,Priya Patil,57.98,3170.17,NETBANKING,BANK_ERROR,2,40.0,STOP,NOT_ATTEMPTED,0.0,2026-08-25 13:06:33.043570
SIM-TXN-00574,CUST-0192,Priya Patil,66.12,2048.21,UPI,INSUFFICIENT_FUNDS,0,43.0,ESCALATE,FAILED,0.0,2026-08-20 09:56:33.043570
SIM-TXN-00575,CUST-0055,Rohan Deshmukh,76.61,4738.73,CARD,BANK_TIMEOUT,0,83.0,RETRY,SUCCESS,4738.73,2026-08-19 16:06:33.043570
SIM-TXN-00576,CUST-0111,Rahul Sharma,67.36,416.17,CARD,BANK_ERROR,2,45.0,STOP,NOT_ATTEMPTED,0.0,2026-08-17 04:04:33.043570
SIM-TXN-00577,CUST-0056,Neha Shah,65.23,2946.85,UPI,INSUFFICIENT_FUNDS,2,18.0,STOP,NOT_ATTEMPTED,0.0,2026-08-28 14:06:33.043570
SIM-TXN-00578,CUST-0064,Sneha Kulkarni,95.55,4521.92,WALLET,INSUFFICIENT_FUNDS,1,43.0,ESCALATE,FAILED,0.0,2026-08-24 17:41:33.043570
SIM-TXN-00579,CUST-0069,Kunal Patil,77.28,747.8,UPI,UNKNOWN,2,10.0,STOP,NOT_ATTEMPTED,0.0,2026-08-04 00:01:33.043570
SIM-TXN-00580,CUST-0284,Sneha Kulkarni,59.75,6093.65,WALLET,UNKNOWN,2,5.0,STOP,NOT_ATTEMPTED,0.0,2026-08-09 20:31:33.043570
SIM-TXN-00581,CUST-0355,Rohan Deshmukh,51.71,3199.65,CARD,AUTH_FAILED,0,42.0,ESCALATE,SUCCESS,3199.65,2026-08-29 02:55:33.043570
SIM-TXN-00582,CUST-0311,Rahul Sharma,88.58,1750.7,WALLET,UNKNOWN,1,35.0,ESCALATE,FAILED,0.0,2026-08-13 02:06:33.043570
SIM-TXN-00583,CUST-0141,Rahul Sharma,57.65,4049.0,NETBANKING,BANK_ERROR,1,60.0,NOTIFY,SUCCESS,4049.0,2026-08-07 20:38:33.043570
SIM-TXN-00584,CUST-0071,Rahul Sharma,73.59,15011.24,NETBANKING,BANK_ERROR,2,45.0,STOP,NOT_ATTEMPTED,0.0,2026-08-26 17:19:33.043570
SIM-TXN-00585,CUST-0441,Rahul Sharma,67.02,2822.82,CARD,BANK_ERROR,0,70.0,RETRY,SUCCESS,2822.82,2026-08-15 00:21:33.043570
SIM-TXN-00586,CUST-0352,Priya Patil,89.13,2976.72,CARD,BANK_ERROR,2,50.0,STOP,NOT_ATTEMPTED,0.0,2026-08-31 09:02:33.043570
SIM-TXN-00587,CUST-0500,Ananya Kulkarni,60.86,1690.05,NETBANKING,UNKNOWN,2,10.0,STOP,NOT_ATTEMPTED,0.0,2026-08-07 01:01:33.043570
SIM-TXN-00588,CUST-0390,Ananya Kulkarni,67.53,1236.6,WALLET,BANK_ERROR,2,45.0,STOP,NOT_ATTEMPTED,0.0,2026-08-27 18:15:33.043570
SIM-TXN-00589,CUST-0483,Amit Joshi,92.88,4742.26,WALLET,AUTH_FAILED,2,27.0,STOP,NOT_ATTEMPTED,0.0,2026-08-26 02:07:33.043570
SIM-TXN-00590,CUST-0147,Aditya More,71.81,1230.45,WALLET,INSUFFICIENT_FUNDS,0,43.0,ESCALATE,FAILED,0.0,2026-08-02 22:34:33.043570
SIM-TXN-00591,CUST-0196,Neha Shah,62.55,2584.41,UPI,BANK_TIMEOUT,0,83.0,RETRY,SUCCESS,2584.41,2026-08-09 02:45:33.043570
SIM-TXN-00592,CUST-0147,Aditya More,71.81,1665.49,CARD,INSUFFICIENT_FUNDS,0,43.0,ESCALATE,FAILED,0.0,2026-08-15 05:20:33.043570
SIM-TXN-00593,CUST-0105,Rohan Deshmukh,90.78,3580.24,UPI,INSUFFICIENT_FUNDS,1,43.0,ESCALATE,FAILED,0.0,2026-08-06 10:54:33.043570
SIM-TXN-00594,CUST-0316,Neha Shah,96.17,3187.3,CARD,INSUFFICIENT_FUNDS,2,23.0,STOP,NOT_ATTEMPTED,0.0,2026-08-31 05:47:33.043570
SIM-TXN-00595,CUST-0288,Pooja Jadhav,56.88,5597.26,NETBANKING,BANK_ERROR,2,40.0,STOP,NOT_ATTEMPTED,0.0,2026-08-03 22:16:33.043570
SIM-TXN-00596,CUST-0475,Rohan Deshmukh,78.22,1622.93,WALLET,BANK_ERROR,2,45.0,STOP,NOT_ATTEMPTED,0.0,2026-08-16 00:28:33.043570
SIM-TXN-00597,CUST-0495,Rohan Deshmukh,58.53,1966.68,UPI,AUTH_FAILED,2,17.0,STOP,NOT_ATTEMPTED,0.0,2026-08-13 05:29:33.043570
SIM-TXN-00598,CUST-0104,Sneha Kulkarni,67.45,1115.42,WALLET,AUTH_FAILED,0,47.0,ESCALATE,FAILED,0.0,2026-08-31 06:21:33.043570
SIM-TXN-00599,CUST-0189,Kunal Patil,55.58,1710.54,CARD,INSUFFICIENT_FUNDS,2,13.0,STOP,NOT_ATTEMPTED,0.0,2026-08-10 14:19:33.043570
SIM-TXN-00600,CUST-0151,Rahul Sharma,89.19,3300.54,UPI,BANK_ERROR,0,75.0,RETRY,FAILED,0.0,2026-08-25 04:13:33.043570
SIM-TXN-00601,CUST-0062,Priya Patil,50.91,4472.0,WALLET,BANK_ERROR,1,60.0,NOTIFY,SUCCESS,4472.0,2026-08-07 17:02:33.043570
SIM-TXN-00602,CUST-0083,Amit Joshi,91.24,1167.09,NETBANKING,AUTH_FAILED,0,52.0,NOTIFY,SUCCESS,1167.09,2026-08-08 20:03:33.043570
SIM-TXN-00603,CUST-0021,Rahul Sharma,88.96,4893.61,NETBANKING,BANK_TIMEOUT,2,63.0,STOP,NOT_ATTEMPTED,0.0,2026-08-04 02:30:33.043570
SIM-TXN-00604,CUST-0397,Aditya More,51.59,7219.28,NETBANKING,UNKNOWN,1,25.0,ESCALATE,FAILED,0.0,2026-08-26 19:53:33.043570
SIM-TXN-00605,CUST-0184,Sneha Kulkarni,86.47,3397.34,NETBANKING,BANK_TIMEOUT,2,63.0,STOP,NOT_ATTEMPTED,0.0,2026-08-11 19:13:33.043570
SIM-TXN-00606,CUST-0490,Ananya Kulkarni,77.3,10953.74,UPI,BANK_TIMEOUT,2,58.0,STOP,NOT_ATTEMPTED,0.0,2026-08-09 01:02:33.043570
SIM-TXN-00607,CUST-0213,Amit Joshi,74.38,1314.18,WALLET,AUTH_FAILED,0,47.0,ESCALATE,SUCCESS,1314.18,2026-08-11 12:00:33.043570
SIM-TXN-00608,CUST-0340,Ananya Kulkarni,64.56,901.69,NETBANKING,BANK_ERROR,1,65.0,NOTIFY,SUCCESS,901.69,2026-08-29 22:17:33.043570
SIM-TXN-00609,CUST-0272,Priya Patil,68.1,588.17,UPI,BANK_ERROR,0,70.0,RETRY,SUCCESS,588.17,2026-08-22 01:45:33.043570
SIM-TXN-00610,CUST-0124,Sneha Kulkarni,53.2,8077.48,CARD,UNKNOWN,0,30.0,ESCALATE,FAILED,0.0,2026-08-16 09:30:33.043570
SIM-TXN-00611,CUST-0196,Neha Shah,62.55,4119.52,UPI,UNKNOWN,1,30.0,ESCALATE,SUCCESS,4119.52,2026-08-14 15:53:33.043570
SIM-TXN-00612,CUST-0013,Amit Joshi,59.73,2334.45,NETBANKING,UNKNOWN,2,5.0,STOP,NOT_ATTEMPTED,0.0,2026-08-24 22:38:33.043570
SIM-TXN-00613,CUST-0229,Kunal Patil,87.75,3053.29,NETBANKING,BANK_ERROR,2,50.0,STOP,NOT_ATTEMPTED,0.0,2026-08-10 13:14:33.043570
SIM-TXN-00614,CUST-0165,Rohan Deshmukh,45.19,991.89,UPI,AUTH_FAILED,0,42.0,ESCALATE,FAILED,0.0,2026-08-26 06:34:33.043570
SIM-TXN-00615,CUST-0274,Sneha Kulkarni,83.38,17267.85,UPI,BANK_TIMEOUT,0,88.0,RETRY,SUCCESS,17267.85,2026-08-11 11:48:33.043570
SIM-TXN-00616,CUST-0443,Amit Joshi,69.21,2706.41,UPI,INSUFFICIENT_FUNDS,0,43.0,ESCALATE,FAILED,0.0,2026-08-21 14:21:33.043570
SIM-TXN-00617,CUST-0332,Priya Patil,95.25,2663.82,UPI,INSUFFICIENT_FUNDS,2,23.0,STOP,NOT_ATTEMPTED,0.0,2026-08-08 18:54:33.043570
SIM-TXN-00618,CUST-0013,Amit Joshi,59.73,4361.68,NETBANKING,BANK_ERROR,0,65.0,NOTIFY,SUCCESS,4361.68,2026-08-04 06:14:33.043570
SIM-TXN-00619,CUST-0092,Priya Patil,57.2,3586.05,UPI,INSUFFICIENT_FUNDS,2,13.0,STOP,NOT_ATTEMPTED,0.0,2026-08-12 03:36:33.043570
SIM-TXN-00620,CUST-0467,Aditya More,50.28,2919.32,WALLET,BANK_TIMEOUT,1,73.0,RETRY,SUCCESS,2919.32,2026-08-21 11:56:33.043570
SIM-TXN-00621,CUST-0162,Priya Patil,70.89,1296.76,UPI,BANK_TIMEOUT,2,58.0,STOP,NOT_ATTEMPTED,0.0,2026-08-02 01:24:33.043570
SIM-TXN-00622,CUST-0329,Kunal Patil,59.82,3558.79,UPI,INSUFFICIENT_FUNDS,2,13.0,STOP,NOT_ATTEMPTED,0.0,2026-08-28 10:36:33.043570
SIM-TXN-00623,CUST-0024,Sneha Kulkarni,47.43,10999.66,UPI,INSUFFICIENT_FUNDS,1,33.0,ESCALATE,FAILED,0.0,2026-08-06 14:53:33.043570
SIM-TXN-00624,CUST-0149,Kunal Patil,91.6,7160.51,NETBANKING,INSUFFICIENT_FUNDS,2,23.0,STOP,NOT_ATTEMPTED,0.0,2026-08-05 17:27:33.043570
SIM-TXN-00625,CUST-0145,Rohan Deshmukh,97.92,8730.25,WALLET,INSUFFICIENT_FUNDS,1,43.0,ESCALATE,FAILED,0.0,2026-08-03 04:37:33.043570
SIM-TXN-00626,CUST-0243,Amit Joshi,80.38,1621.37,CARD,BANK_TIMEOUT,0,88.0,RETRY,SUCCESS,1621.37,2026-08-26 15:02:33.043570
SIM-TXN-00627,CUST-0152,Priya Patil,77.42,1105.79,CARD,UNKNOWN,1,30.0,ESCALATE,FAILED,0.0,2026-08-31 06:41:33.043570
SIM-TXN-00628,CUST-0192,Priya Patil,66.12,2206.96,UPI,UNKNOWN,2,10.0,STOP,NOT_ATTEMPTED,0.0,2026-08-27 01:15:33.043570
SIM-TXN-00629,CUST-0073,Amit Joshi,62.18,2551.87,UPI,BANK_TIMEOUT,2,58.0,STOP,NOT_ATTEMPTED,0.0,2026-08-28 22:40:33.043570
SIM-TXN-00630,CUST-0202,Priya Patil,51.13,5856.77,UPI,AUTH_FAILED,1,37.0,ESCALATE,SUCCESS,5856.77,2026-08-17 10:32:33.043570
SIM-TXN-00631,CUST-0109,Kunal Patil,58.18,630.19,CARD,BANK_ERROR,0,65.0,NOTIFY,SUCCESS,630.19,2026-08-29 20:46:33.043570
SIM-TXN-00632,CUST-0428,Pooja Jadhav,55.79,8296.93,UPI,BANK_TIMEOUT,0,78.0,RETRY,SUCCESS,8296.93,2026-08-27 14:36:33.043570
SIM-TXN-00633,CUST-0437,Aditya More,69.46,2150.8,WALLET,BANK_TIMEOUT,2,58.0,STOP,NOT_ATTEMPTED,0.0,2026-08-26 19:20:33.043570
SIM-TXN-00634,CUST-0038,Pooja Jadhav,57.14,1734.54,UPI,BANK_TIMEOUT,1,73.0,RETRY,SUCCESS,1734.54,2026-08-28 05:07:33.043570
SIM-TXN-00635,CUST-0250,Ananya Kulkarni,89.51,1086.07,NETBANKING,UNKNOWN,0,40.0,ESCALATE,FAILED,0.0,2026-08-12 11:08:33.043570
SIM-TXN-00636,CUST-0052,Priya Patil,85.06,649.44,UPI,BANK_TIMEOUT,0,88.0,RETRY,SUCCESS,649.44,2026-08-22 07:11:33.043570
SIM-TXN-00637,CUST-0169,Kunal Patil,74.73,4715.15,NETBANKING,AUTH_FAILED,2,22.0,STOP,NOT_ATTEMPTED,0.0,2026-08-28 09:02:33.043570
SIM-TXN-00638,CUST-0079,Kunal Patil,88.25,2588.04,NETBANKING,AUTH_FAILED,1,47.0,ESCALATE,FAILED,0.0,2026-08-09 11:09:33.043570
SIM-TXN-00639,CUST-0003,Amit Joshi,84.03,869.6,CARD,BANK_ERROR,2,50.0,STOP,NOT_ATTEMPTED,0.0,2026-08-30 22:55:33.043570
SIM-TXN-00640,CUST-0224,Sneha Kulkarni,79.92,866.05,NETBANKING,BANK_TIMEOUT,0,83.0,RETRY,SUCCESS,866.05,2026-08-16 21:07:33.043570
SIM-TXN-00641,CUST-0450,Ananya Kulkarni,59.99,1865.66,WALLET,BANK_ERROR,1,60.0,NOTIFY,FAILED,0.0,2026-08-23 22:52:33.043570
SIM-TXN-00642,CUST-0283,Amit Joshi,85.35,9276.29,UPI,BANK_TIMEOUT,1,83.0,RETRY,SUCCESS,9276.29,2026-08-08 03:53:33.043570
SIM-TXN-00643,CUST-0457,Aditya More,91.09,1982.92,NETBANKING,AUTH_FAILED,2,27.0,STOP,NOT_ATTEMPTED,0.0,2026-08-30 07:24:33.043570
SIM-TXN-00644,CUST-0040,Ananya Kulkarni,59.19,733.25,UPI,INSUFFICIENT_FUNDS,2,13.0,STOP,NOT_ATTEMPTED,0.0,2026-08-30 12:52:33.043570
SIM-TXN-00645,CUST-0016,Neha Shah,50.13,2005.01,WALLET,INSUFFICIENT_FUNDS,2,13.0,STOP,NOT_ATTEMPTED,0.0,2026-08-11 11:21:33.043570
SIM-TXN-00646,CUST-0465,Rohan Deshmukh,62.6,1962.2,NETBANKING,BANK_TIMEOUT,2,58.0,STOP,NOT_ATTEMPTED,0.0,2026-08-26 08:26:33.043570
SIM-TXN-00647,CUST-0242,Priya Patil,69.19,282.16,CARD,AUTH_FAILED,1,42.0,ESCALATE,SUCCESS,282.16,2026-08-28 14:58:33.043570
SIM-TXN-00648,CUST-0376,Neha Shah,75.14,2336.86,CARD,INSUFFICIENT_FUNDS,1,38.0,ESCALATE,FAILED,0.0,2026-08-05 21:52:33.043570
SIM-TXN-00649,CUST-0204,Sneha Kulkarni,82.57,2028.91,UPI,BANK_ERROR,2,50.0,STOP,NOT_ATTEMPTED,0.0,2026-08-12 15:53:33.043570
SIM-TXN-00650,CUST-0435,Rohan Deshmukh,66.62,4259.75,CARD,UNKNOWN,2,10.0,STOP,NOT_ATTEMPTED,0.0,2026-08-08 04:17:33.043570
SIM-TXN-00651,CUST-0229,Kunal Patil,87.75,10712.48,CARD,BANK_TIMEOUT,2,63.0,STOP,NOT_ATTEMPTED,0.0,2026-08-23 19:04:33.043570
SIM-TXN-00652,CUST-0481,Rahul Sharma,85.3,6010.43,CARD,BANK_ERROR,1,70.0,RETRY,SUCCESS,6010.43,2026-08-13 19:42:33.043570
SIM-TXN-00653,CUST-0190,Ananya Kulkarni,63.53,1968.23,CARD,BANK_TIMEOUT,2,58.0,STOP,NOT_ATTEMPTED,0.0,2026-08-18 05:32:33.043570
SIM-TXN-00654,CUST-0199,Kunal Patil,47.03,1007.05,WALLET,BANK_ERROR,0,65.0,NOTIFY,SUCCESS,1007.05,2026-08-31 07:19:33.043570
SIM-TXN-00655,CUST-0166,Neha Shah,78.77,19123.78,NETBANKING,BANK_TIMEOUT,2,58.0,STOP,NOT_ATTEMPTED,0.0,2026-08-13 18:34:33.043570
SIM-TXN-00656,CUST-0297,Aditya More,77.11,2559.01,CARD,AUTH_FAILED,1,42.0,ESCALATE,FAILED,0.0,2026-08-18 09:58:33.043570
SIM-TXN-00657,CUST-0301,Rahul Sharma,75.52,2467.95,UPI,AUTH_FAILED,2,22.0,STOP,NOT_ATTEMPTED,0.0,2026-08-13 05:45:33.043570
SIM-TXN-00658,CUST-0193,Amit Joshi,90.81,2393.95,CARD,UNKNOWN,2,15.0,STOP,NOT_ATTEMPTED,0.0,2026-08-20 06:15:33.043570
SIM-TXN-00659,CUST-0181,Rahul Sharma,90.82,2859.69,NETBANKING,INSUFFICIENT_FUNDS,1,43.0,ESCALATE,FAILED,0.0,2026-08-29 06:55:33.043570
SIM-TXN-00660,CUST-0004,Sneha Kulkarni,49.61,2174.41,CARD,AUTH_FAILED,1,37.0,ESCALATE,SUCCESS,2174.41,2026-08-05 07:10:33.043570
SIM-TXN-00661,CUST-0264,Sneha Kulkarni,95.14,1542.36,CARD,AUTH_FAILED,0,52.0,NOTIFY,SUCCESS,1542.36,2026-08-18 06:36:33.043570
SIM-TXN-00662,CUST-0309,Kunal Patil,48.65,1575.79,UPI,INSUFFICIENT_FUNDS,2,13.0,STOP,NOT_ATTEMPTED,0.0,2026-08-12 06:33:33.043570
SIM-TXN-00663,CUST-0213,Amit Joshi,74.38,2377.48,UPI,INSUFFICIENT_FUNDS,1,38.0,ESCALATE,FAILED,0.0,2026-08-23 14:11:33.043570
SIM-TXN-00664,CUST-0108,Pooja Jadhav,87.43,1580.13,WALLET,AUTH_FAILED,0,52.0,NOTIFY,SUCCESS,1580.13,2026-08-07 14:39:33.043570
SIM-TXN-00665,CUST-0294,Sneha Kulkarni,74.89,1379.84,CARD,AUTH_FAILED,2,22.0,STOP,NOT_ATTEMPTED,0.0,2026-08-25 02:54:33.043570
SIM-TXN-00666,CUST-0021,Rahul Sharma,88.96,2657.51,CARD,UNKNOWN,0,40.0,ESCALATE,SUCCESS,2657.51,2026-08-09 23:36:33.043570
SIM-TXN-00667,CUST-0265,Rohan Deshmukh,90.41,1990.26,UPI,UNKNOWN,2,15.0,STOP,NOT_ATTEMPTED,0.0,2026-08-14 16:34:33.043570
SIM-TXN-00668,CUST-0485,Rohan Deshmukh,60.55,8129.01,WALLET,BANK_TIMEOUT,2,58.0,STOP,NOT_ATTEMPTED,0.0,2026-08-23 05:52:33.043570
SIM-TXN-00669,CUST-0445,Rohan Deshmukh,71.94,292.72,CARD,BANK_ERROR,1,65.0,NOTIFY,SUCCESS,292.72,2026-08-28 07:22:33.043570
SIM-TXN-00670,CUST-0421,Rahul Sharma,51.14,5844.2,NETBANKING,INSUFFICIENT_FUNDS,0,38.0,ESCALATE,FAILED,0.0,2026-08-17 09:15:33.043570
SIM-TXN-00671,CUST-0473,Amit Joshi,90.17,6613.5,UPI,BANK_ERROR,0,75.0,RETRY,SUCCESS,6613.5,2026-08-07 19:22:33.043570
SIM-TXN-00672,CUST-0056,Neha Shah,65.23,464.65,WALLET,BANK_TIMEOUT,0,83.0,RETRY,SUCCESS,464.65,2026-08-09 20:45:33.043570
SIM-TXN-00673,CUST-0244,Sneha Kulkarni,76.56,1855.39,UPI,UNKNOWN,2,10.0,STOP,NOT_ATTEMPTED,0.0,2026-08-24 16:44:33.043570
SIM-TXN-00674,CUST-0386,Neha Shah,82.26,1813.2,WALLET,BANK_TIMEOUT,2,63.0,STOP,NOT_ATTEMPTED,0.0,2026-08-07 17:19:33.043570
SIM-TXN-00675,CUST-0462,Priya Patil,65.46,791.55,UPI,AUTH_FAILED,2,22.0,STOP,NOT_ATTEMPTED,0.0,2026-08-31 08:06:33.043570
SIM-TXN-00676,CUST-0221,Rahul Sharma,69.64,1309.95,NETBANKING,AUTH_FAILED,0,47.0,ESCALATE,FAILED,0.0,2026-08-21 07:30:33.043570
SIM-TXN-00677,CUST-0118,Pooja Jadhav,70.51,1003.79,WALLET,UNKNOWN,1,30.0,ESCALATE,FAILED,0.0,2026-08-28 00:14:33.043570
SIM-TXN-00678,CUST-0051,Rahul Sharma,72.0,9915.12,NETBANKING,BANK_ERROR,1,65.0,NOTIFY,FAILED,0.0,2026-08-05 14:31:33.043570
SIM-TXN-00679,CUST-0146,Neha Shah,48.88,5159.23,WALLET,AUTH_FAILED,1,37.0,ESCALATE,SUCCESS,5159.23,2026-08-02 02:44:33.043570
SIM-TXN-00680,CUST-0296,Neha Shah,85.65,6749.64,UPI,AUTH_FAILED,1,47.0,ESCALATE,FAILED,0.0,2026-08-16 04:00:33.043570
SIM-TXN-00681,CUST-0210,Ananya Kulkarni,83.15,4347.42,CARD,BANK_ERROR,1,70.0,RETRY,SUCCESS,4347.42,2026-08-13 08:00:33.043570
SIM-TXN-00682,CUST-0134,Sneha Kulkarni,66.4,989.06,WALLET,INSUFFICIENT_FUNDS,2,18.0,STOP,NOT_ATTEMPTED,0.0,2026-08-18 10:20:33.043570
SIM-TXN-00683,CUST-0314,Sneha Kulkarni,82.49,1604.21,WALLET,BANK_TIMEOUT,0,88.0,RETRY,SUCCESS,1604.21,2026-08-27 03:58:33.043570
SIM-TXN-00684,CUST-0248,Pooja Jadhav,84.41,3610.13,WALLET,BANK_TIMEOUT,1,83.0,RETRY,FAILED,0.0,2026-08-28 01:54:33.043570
SIM-TXN-00685,CUST-0177,Aditya More,63.74,918.09,WALLET,INSUFFICIENT_FUNDS,2,18.0,STOP,NOT_ATTEMPTED,0.0,2026-08-08 01:46:33.043570
SIM-TXN-00686,CUST-0438,Pooja Jadhav,79.33,4317.36,UPI,INSUFFICIENT_FUNDS,2,18.0,STOP,NOT_ATTEMPTED,0.0,2026-08-12 05:56:33.043570
SIM-TXN-00687,CUST-0229,Kunal Patil,87.75,2013.72,CARD,INSUFFICIENT_FUNDS,0,48.0,ESCALATE,SUCCESS,2013.72,2026-08-20 00:29:33.043570
SIM-TXN-00688,CUST-0403,Amit Joshi,58.27,1808.3,UPI,BANK_ERROR,0,65.0,NOTIFY,SUCCESS,1808.3,2026-08-30 17:30:33.043570
SIM-TXN-00689,CUST-0003,Amit Joshi,84.03,4310.32,CARD,INSUFFICIENT_FUNDS,1,43.0,ESCALATE,FAILED,0.0,2026-08-21 14:30:33.043570
SIM-TXN-00690,CUST-0046,Neha Shah,58.07,3482.17,CARD,BANK_TIMEOUT,1,73.0,RETRY,SUCCESS,3482.17,2026-08-03 12:12:33.043570
SIM-TXN-00691,CUST-0371,Rahul Sharma,77.13,1828.46,WALLET,BANK_ERROR,2,45.0,STOP,NOT_ATTEMPTED,0.0,2026-08-31 15:41:33.043570
SIM-TXN-00692,CUST-0267,Aditya More,94.97,6170.06,UPI,BANK_TIMEOUT,0,88.0,RETRY,SUCCESS,6170.06,2026-08-21 18:26:33.043570
SIM-TXN-00693,CUST-0006,Neha Shah,56.59,1027.77,NETBANKING,BANK_TIMEOUT,0,78.0,RETRY,SUCCESS,1027.77,2026-08-29 01:47:33.043570
SIM-TXN-00694,CUST-0262,Priya Patil,48.3,3994.8,CARD,AUTH_FAILED,2,17.0,STOP,NOT_ATTEMPTED,0.0,2026-08-09 12:05:33.043570
SIM-TXN-00695,CUST-0346,Neha Shah,61.72,3922.49,CARD,BANK_TIMEOUT,2,58.0,STOP,NOT_ATTEMPTED,0.0,2026-08-01 19:16:33.043570
SIM-TXN-00696,CUST-0500,Ananya Kulkarni,60.86,1905.24,NETBANKING,BANK_TIMEOUT,1,78.0,RETRY,SUCCESS,1905.24,2026-08-19 18:34:33.043570
SIM-TXN-00697,CUST-0208,Pooja Jadhav,95.29,3168.16,UPI,AUTH_FAILED,2,27.0,STOP,NOT_ATTEMPTED,0.0,2026-08-04 21:54:33.043570
SIM-TXN-00698,CUST-0471,Rahul Sharma,62.94,897.05,NETBANKING,BANK_TIMEOUT,2,58.0,STOP,NOT_ATTEMPTED,0.0,2026-08-27 05:40:33.043570
SIM-TXN-00699,CUST-0469,Kunal Patil,66.73,5111.36,NETBANKING,AUTH_FAILED,1,42.0,ESCALATE,SUCCESS,5111.36,2026-08-10 15:26:33.043570
SIM-TXN-00700,CUST-0233,Amit Joshi,69.14,2105.02,UPI,UNKNOWN,1,30.0,ESCALATE,SUCCESS,2105.02,2026-08-24 19:54:33.043570
SIM-TXN-00701,CUST-0055,Rohan Deshmukh,76.61,1606.51,NETBANKING,AUTH_FAILED,1,42.0,ESCALATE,FAILED,0.0,2026-08-25 03:36:33.043570
SIM-TXN-00702,CUST-0490,Ananya Kulkarni,77.3,5648.85,NETBANKING,BANK_TIMEOUT,2,58.0,STOP,NOT_ATTEMPTED,0.0,2026-08-21 22:35:33.043570
SIM-TXN-00703,CUST-0495,Rohan Deshmukh,58.53,1389.26,WALLET,BANK_ERROR,0,65.0,NOTIFY,FAILED,0.0,2026-08-22 16:09:33.043570
SIM-TXN-00704,CUST-0349,Kunal Patil,59.65,790.95,UPI,BANK_ERROR,1,60.0,NOTIFY,SUCCESS,790.95,2026-08-04 20:45:33.043570
SIM-TXN-00705,CUST-0196,Neha Shah,62.55,702.54,CARD,AUTH_FAILED,2,22.0,STOP,NOT_ATTEMPTED,0.0,2026-08-12 06:06:33.043570
SIM-TXN-00706,CUST-0410,Ananya Kulkarni,97.84,3963.2,NETBANKING,BANK_ERROR,2,50.0,STOP,NOT_ATTEMPTED,0.0,2026-08-26 04:02:33.043570
SIM-TXN-00707,CUST-0005,Rohan Deshmukh,46.68,876.25,NETBANKING,INSUFFICIENT_FUNDS,0,38.0,ESCALATE,SUCCESS,876.25,2026-08-19 22:42:33.043570
SIM-TXN-00708,CUST-0345,Rohan Deshmukh,57.22,9935.16,NETBANKING,INSUFFICIENT_FUNDS,0,38.0,ESCALATE,FAILED,0.0,2026-08-09 21:55:33.043570
SIM-TXN-00709,CUST-0244,Sneha Kulkarni,76.56,461.49,CARD,BANK_ERROR,2,45.0,STOP,NOT_ATTEMPTED,0.0,2026-08-14 00:52:33.043570
SIM-TXN-00710,CUST-0094,Sneha Kulkarni,48.12,9482.14,CARD,UNKNOWN,1,25.0,ESCALATE,FAILED,0.0,2026-08-12 11:29:33.043570
SIM-TXN-00711,CUST-0377,Aditya More,77.31,2889.43,NETBANKING,BANK_TIMEOUT,0,83.0,RETRY,SUCCESS,2889.43,2026-08-13 03:42:33.043570
SIM-TXN-00712,CUST-0429,Kunal Patil,51.94,2258.89,CARD,AUTH_FAILED,0,42.0,ESCALATE,SUCCESS,2258.89,2026-08-05 08:41:33.043570
SIM-TXN-00713,CUST-0347,Aditya More,95.4,1578.24,WALLET,UNKNOWN,2,15.0,STOP,NOT_ATTEMPTED,0.0,2026-08-02 02:12:33.043570
SIM-TXN-00714,CUST-0392,Priya Patil,93.15,3358.7,UPI,INSUFFICIENT_FUNDS,1,43.0,ESCALATE,SUCCESS,3358.7,2026-08-16 03:29:33.043570
SIM-TXN-00715,CUST-0253,Amit Joshi,59.55,2368.22,NETBANKING,UNKNOWN,1,25.0,ESCALATE,SUCCESS,2368.22,2026-08-25 01:15:33.043570
SIM-TXN-00716,CUST-0144,Sneha Kulkarni,45.49,5899.61,CARD,BANK_ERROR,0,65.0,NOTIFY,SUCCESS,5899.61,2026-08-21 01:11:33.043570
SIM-TXN-00717,CUST-0245,Rohan Deshmukh,77.47,2674.14,UPI,UNKNOWN,2,10.0,STOP,NOT_ATTEMPTED,0.0,2026-08-17 14:17:33.043570
SIM-TXN-00718,CUST-0202,Priya Patil,51.13,2752.44,CARD,INSUFFICIENT_FUNDS,1,33.0,ESCALATE,FAILED,0.0,2026-08-25 08:59:33.043570
SIM-TXN-00719,CUST-0236,Neha Shah,52.82,1824.59,UPI,BANK_ERROR,0,65.0,NOTIFY,SUCCESS,1824.59,2026-08-19 01:24:33.043570
SIM-TXN-00720,CUST-0298,Pooja Jadhav,86.22,2331.91,NETBANKING,BANK_TIMEOUT,2,63.0,STOP,NOT_ATTEMPTED,0.0,2026-08-13 14:37:33.043570
SIM-TXN-00721,CUST-0096,Neha Shah,48.76,3122.04,CARD,AUTH_FAILED,1,37.0,ESCALATE,FAILED,0.0,2026-08-29 16:37:33.043570
SIM-TXN-00722,CUST-0176,Neha Shah,81.15,621.33,WALLET,BANK_ERROR,1,70.0,RETRY,SUCCESS,621.33,2026-08-18 17:37:33.043570
SIM-TXN-00723,CUST-0187,Aditya More,65.27,830.02,NETBANKING,INSUFFICIENT_FUNDS,1,38.0,ESCALATE,SUCCESS,830.02,2026-08-07 18:12:33.043570
SIM-TXN-00724,CUST-0295,Rohan Deshmukh,69.65,4423.17,UPI,INSUFFICIENT_FUNDS,2,18.0,STOP,NOT_ATTEMPTED,0.0,2026-08-14 01:49:33.043570
SIM-TXN-00725,CUST-0412,Priya Patil,96.36,2798.09,WALLET,BANK_TIMEOUT,1,83.0,RETRY,SUCCESS,2798.09,2026-08-08 14:18:33.043570
SIM-TXN-00726,CUST-0243,Amit Joshi,80.38,2106.56,CARD,INSUFFICIENT_FUNDS,1,43.0,ESCALATE,FAILED,0.0,2026-08-30 11:48:33.043570
SIM-TXN-00727,CUST-0265,Rohan Deshmukh,90.41,2476.86,NETBANKING,AUTH_FAILED,1,47.0,ESCALATE,SUCCESS,2476.86,2026-08-27 08:58:33.043570
SIM-TXN-00728,CUST-0440,Ananya Kulkarni,71.97,3222.99,WALLET,AUTH_FAILED,0,47.0,ESCALATE,FAILED,0.0,2026-08-04 12:32:33.043570
SIM-TXN-00729,CUST-0111,Rahul Sharma,67.36,1584.77,WALLET,INSUFFICIENT_FUNDS,2,18.0,STOP,NOT_ATTEMPTED,0.0,2026-08-06 04:09:33.043570
SIM-TXN-00730,CUST-0231,Rahul Sharma,97.15,1309.44,NETBANKING,INSUFFICIENT_FUNDS,1,43.0,ESCALATE,SUCCESS,1309.44,2026-08-27 03:53:33.043570
SIM-TXN-00731,CUST-0478,Pooja Jadhav,78.45,2854.57,NETBANKING,INSUFFICIENT_FUNDS,0,43.0,ESCALATE,FAILED,0.0,2026-08-17 18:27:33.043570
SIM-TXN-00732,CUST-0445,Rohan Deshmukh,71.94,1115.77,CARD,AUTH_FAILED,2,22.0,STOP,NOT_ATTEMPTED,0.0,2026-08-27 23:59:33.043570
SIM-TXN-00733,CUST-0333,Amit Joshi,57.79,3383.28,CARD,AUTH_FAILED,1,37.0,ESCALATE,SUCCESS,3383.28,2026-08-25 00:30:33.043570
SIM-TXN-00734,CUST-0250,Ananya Kulkarni,89.51,625.11,WALLET,INSUFFICIENT_FUNDS,0,48.0,ESCALATE,SUCCESS,625.11,2026-08-14 19:55:33.043570
SIM-TXN-00735,CUST-0238,Pooja Jadhav,86.26,5559.84,CARD,AUTH_FAILED,0,52.0,NOTIFY,FAILED,0.0,2026-08-17 03:29:33.043570
SIM-TXN-00736,CUST-0216,Neha Shah,77.62,3562.0,WALLET,AUTH_FAILED,0,47.0,ESCALATE,SUCCESS,3562.0,2026-08-17 10:17:33.043570
SIM-TXN-00737,CUST-0117,Aditya More,53.81,2995.37,NETBANKING,BANK_ERROR,2,40.0,STOP,NOT_ATTEMPTED,0.0,2026-08-13 23:07:33.043570
SIM-TXN-00738,CUST-0310,Ananya Kulkarni,45.67,5356.96,NETBANKING,AUTH_FAILED,1,37.0,ESCALATE,FAILED,0.0,2026-08-18 07:38:33.043570
SIM-TXN-00739,CUST-0383,Amit Joshi,66.65,9250.01,WALLET,AUTH_FAILED,1,42.0,ESCALATE,SUCCESS,9250.01,2026-08-02 20:11:33.043570
SIM-TXN-00740,CUST-0065,Rohan Deshmukh,96.51,5494.46,NETBANKING,INSUFFICIENT_FUNDS,2,23.0,STOP,NOT_ATTEMPTED,0.0,2026-08-05 10:25:33.043570
SIM-TXN-00741,CUST-0108,Pooja Jadhav,87.43,559.64,UPI,BANK_TIMEOUT,0,88.0,RETRY,SUCCESS,559.64,2026-08-23 07:48:33.043570
SIM-TXN-00742,CUST-0281,Rahul Sharma,65.09,876.85,WALLET,BANK_TIMEOUT,2,58.0,STOP,NOT_ATTEMPTED,0.0,2026-08-05 13:53:33.043570
SIM-TXN-00743,CUST-0054,Sneha Kulkarni,86.98,1480.51,CARD,BANK_TIMEOUT,0,88.0,RETRY,SUCCESS,1480.51,2026-08-19 12:46:33.043570
SIM-TXN-00744,CUST-0159,Kunal Patil,56.16,2492.08,NETBANKING,BANK_TIMEOUT,1,73.0,RETRY,SUCCESS,2492.08,2026-08-07 18:21:33.043570
SIM-TXN-00745,CUST-0270,Ananya Kulkarni,87.39,3692.75,UPI,INSUFFICIENT_FUNDS,0,48.0,ESCALATE,FAILED,0.0,2026-08-16 14:10:33.043570
SIM-TXN-00746,CUST-0443,Amit Joshi,69.21,1365.68,NETBANKING,BANK_ERROR,2,45.0,STOP,NOT_ATTEMPTED,0.0,2026-08-22 00:51:33.043570
SIM-TXN-00747,CUST-0070,Ananya Kulkarni,64.82,2833.91,CARD,UNKNOWN,2,10.0,STOP,NOT_ATTEMPTED,0.0,2026-08-28 23:41:33.043570
SIM-TXN-00748,CUST-0234,Sneha Kulkarni,75.51,1333.68,WALLET,AUTH_FAILED,2,22.0,STOP,NOT_ATTEMPTED,0.0,2026-08-30 21:47:33.043570
SIM-TXN-00749,CUST-0328,Pooja Jadhav,87.29,1496.35,NETBANKING,AUTH_FAILED,1,47.0,ESCALATE,FAILED,0.0,2026-08-05 20:47:33.043570
SIM-TXN-00750,CUST-0227,Aditya More,88.38,792.09,WALLET,BANK_ERROR,1,70.0,RETRY,SUCCESS,792.09,2026-08-02 06:29:33.043570
SIM-TXN-00751,CUST-0001,Rahul Sharma,50.9,1166.09,CARD,AUTH_FAILED,1,37.0,ESCALATE,SUCCESS,1166.09,2026-08-26 03:26:33.043570
SIM-TXN-00752,CUST-0005,Rohan Deshmukh,46.68,827.7,WALLET,INSUFFICIENT_FUNDS,1,33.0,ESCALATE,SUCCESS,827.7,2026-08-21 09:07:33.043570
SIM-TXN-00753,CUST-0409,Kunal Patil,93.55,1118.01,CARD,BANK_TIMEOUT,0,88.0,RETRY,SUCCESS,1118.01,2026-08-10 08:56:33.043570
SIM-TXN-00754,CUST-0211,Rahul Sharma,71.88,5669.82,WALLET,UNKNOWN,1,30.0,ESCALATE,SUCCESS,5669.82,2026-08-31 04:33:33.043570
SIM-TXN-00755,CUST-0200,Ananya Kulkarni,68.03,1141.94,CARD,INSUFFICIENT_FUNDS,1,38.0,ESCALATE,SUCCESS,1141.94,2026-08-30 05:59:33.043570
SIM-TXN-00756,CUST-0123,Amit Joshi,80.08,20048.42,NETBANKING,AUTH_FAILED,1,47.0,ESCALATE,FAILED,0.0,2026-08-25 23:59:33.043570
SIM-TXN-00757,CUST-0415,Rohan Deshmukh,90.46,3621.54,CARD,BANK_TIMEOUT,0,88.0,RETRY,SUCCESS,3621.54,2026-08-14 23:16:33.043570
SIM-TXN-00758,CUST-0057,Aditya More,73.04,2829.54,WALLET,AUTH_FAILED,1,42.0,ESCALATE,FAILED,0.0,2026-08-24 04:21:33.043570
SIM-TXN-00759,CUST-0097,Aditya More,59.76,1228.21,CARD,BANK_ERROR,0,65.0,NOTIFY,FAILED,0.0,2026-08-02 19:08:33.043570
SIM-TXN-00760,CUST-0096,Neha Shah,48.76,4273.75,NETBANKING,UNKNOWN,1,25.0,ESCALATE,SUCCESS,4273.75,2026-08-21 17:50:33.043570
SIM-TXN-00761,CUST-0373,Amit Joshi,65.16,1539.93,UPI,BANK_TIMEOUT,0,83.0,RETRY,SUCCESS,1539.93,2026-08-11 16:11:33.043570
SIM-TXN-00762,CUST-0176,Neha Shah,81.15,2690.84,WALLET,BANK_ERROR,1,70.0,RETRY,SUCCESS,2690.84,2026-08-03 05:37:33.043570
SIM-TXN-00763,CUST-0170,Ananya Kulkarni,48.99,18921.76,CARD,BANK_TIMEOUT,0,78.0,RETRY,SUCCESS,18921.76,2026-08-19 15:35:33.043570
SIM-TXN-00764,CUST-0037,Aditya More,81.28,2260.07,CARD,AUTH_FAILED,0,52.0,NOTIFY,FAILED,0.0,2026-08-13 04:07:33.043570
SIM-TXN-00765,CUST-0419,Kunal Patil,46.94,6120.62,UPI,BANK_ERROR,0,65.0,NOTIFY,FAILED,0.0,2026-08-13 02:53:33.043570
SIM-TXN-00766,CUST-0198,Pooja Jadhav,54.46,1390.56,WALLET,INSUFFICIENT_FUNDS,0,38.0,ESCALATE,FAILED,0.0,2026-08-03 07:34:33.043570
SIM-TXN-00767,CUST-0102,Priya Patil,55.09,2373.23,UPI,BANK_ERROR,2,40.0,STOP,NOT_ATTEMPTED,0.0,2026-08-11 06:38:33.043570
SIM-TXN-00768,CUST-0243,Amit Joshi,80.38,10063.2,NETBANKING,BANK_ERROR,1,70.0,RETRY,SUCCESS,10063.2,2026-08-03 17:02:33.043570
SIM-TXN-00769,CUST-0382,Priya Patil,48.98,1477.97,UPI,UNKNOWN,1,25.0,ESCALATE,FAILED,0.0,2026-08-15 09:21:33.043570
SIM-TXN-00770,CUST-0102,Priya Patil,55.09,10404.14,UPI,BANK_ERROR,2,40.0,STOP,NOT_ATTEMPTED,0.0,2026-08-11 16:50:33.043570
SIM-TXN-00771,CUST-0499,Kunal Patil,95.1,4299.27,WALLET,BANK_TIMEOUT,1,83.0,RETRY,SUCCESS,4299.27,2026-08-14 08:32:33.043570
SIM-TXN-00772,CUST-0300,Ananya Kulkarni,75.67,1556.24,CARD,BANK_TIMEOUT,0,83.0,RETRY,FAILED,0.0,2026-08-28 05:39:33.043570
SIM-TXN-00773,CUST-0402,Priya Patil,83.93,4047.79,CARD,INSUFFICIENT_FUNDS,1,43.0,ESCALATE,FAILED,0.0,2026-08-13 02:38:33.043570
SIM-TXN-00774,CUST-0081,Rahul Sharma,79.97,5313.7,NETBANKING,BANK_ERROR,2,45.0,STOP,NOT_ATTEMPTED,0.0,2026-08-04 12:33:33.043570
SIM-TXN-00775,CUST-0031,Rahul Sharma,82.2,4013.62,CARD,BANK_ERROR,2,50.0,STOP,NOT_ATTEMPTED,0.0,2026-08-26 04:48:33.043570
SIM-TXN-00776,CUST-0406,Neha Shah,97.98,694.94,WALLET,BANK_TIMEOUT,0,88.0,RETRY,SUCCESS,694.94,2026-08-27 04:50:33.043570
SIM-TXN-00777,CUST-0404,Sneha Kulkarni,57.13,1364.15,NETBANKING,AUTH_FAILED,1,37.0,ESCALATE,FAILED,0.0,2026-08-02 18:17:33.043570
SIM-TXN-00778,CUST-0353,Amit Joshi,57.06,2002.17,CARD,BANK_ERROR,1,60.0,NOTIFY,FAILED,0.0,2026-08-23 21:02:33.043570
SIM-TXN-00779,CUST-0362,Priya Patil,54.77,2299.51,NETBANKING,BANK_ERROR,2,40.0,STOP,NOT_ATTEMPTED,0.0,2026-08-24 02:16:33.043570
SIM-TXN-00780,CUST-0098,Pooja Jadhav,56.35,4009.96,NETBANKING,AUTH_FAILED,1,37.0,ESCALATE,FAILED,0.0,2026-08-14 07:41:33.043570
SIM-TXN-00781,CUST-0445,Rohan Deshmukh,71.94,2813.43,CARD,INSUFFICIENT_FUNDS,0,43.0,ESCALATE,FAILED,0.0,2026-08-22 05:48:33.043570
SIM-TXN-00782,CUST-0152,Priya Patil,77.42,838.59,NETBANKING,INSUFFICIENT_FUNDS,1,38.0,ESCALATE,SUCCESS,838.59,2026-08-30 19:51:33.043570
SIM-TXN-00783,CUST-0260,Ananya Kulkarni,66.99,3308.2,CARD,BANK_ERROR,0,70.0,RETRY,SUCCESS,3308.2,2026-08-18 08:38:33.043570
SIM-TXN-00784,CUST-0398,Pooja Jadhav,82.09,3977.74,NETBANKING,AUTH_FAILED,2,27.0,STOP,NOT_ATTEMPTED,0.0,2026-08-04 16:09:33.043570
SIM-TXN-00785,CUST-0338,Pooja Jadhav,66.43,3819.34,WALLET,UNKNOWN,0,35.0,ESCALATE,FAILED,0.0,2026-08-24 10:25:33.043570
SIM-TXN-00786,CUST-0393,Amit Joshi,48.78,5794.27,NETBANKING,AUTH_FAILED,1,37.0,ESCALATE,SUCCESS,5794.27,2026-08-16 10:42:33.043570
SIM-TXN-00787,CUST-0057,Aditya More,73.04,4755.88,UPI,BANK_TIMEOUT,0,83.0,RETRY,SUCCESS,4755.88,2026-08-07 16:42:33.043570
SIM-TXN-00788,CUST-0092,Priya Patil,57.2,3523.97,CARD,INSUFFICIENT_FUNDS,0,38.0,ESCALATE,FAILED,0.0,2026-08-06 06:49:33.043570
SIM-TXN-00789,CUST-0017,Aditya More,77.0,2307.38,WALLET,AUTH_FAILED,2,22.0,STOP,NOT_ATTEMPTED,0.0,2026-08-24 02:04:33.043570
SIM-TXN-00790,CUST-0270,Ananya Kulkarni,87.39,646.28,NETBANKING,AUTH_FAILED,0,52.0,NOTIFY,SUCCESS,646.28,2026-08-29 08:49:33.043570
SIM-TXN-00791,CUST-0368,Pooja Jadhav,95.3,3441.61,CARD,BANK_TIMEOUT,2,63.0,STOP,NOT_ATTEMPTED,0.0,2026-08-24 03:42:33.043570
SIM-TXN-00792,CUST-0476,Neha Shah,91.24,2881.74,UPI,UNKNOWN,1,35.0,ESCALATE,FAILED,0.0,2026-08-04 13:16:33.043570
SIM-TXN-00793,CUST-0185,Rohan Deshmukh,87.52,3032.87,WALLET,AUTH_FAILED,1,47.0,ESCALATE,FAILED,0.0,2026-08-04 10:38:33.043570
SIM-TXN-00794,CUST-0422,Priya Patil,90.84,878.84,UPI,AUTH_FAILED,2,27.0,STOP,NOT_ATTEMPTED,0.0,2026-08-04 23:50:33.043570
SIM-TXN-00795,CUST-0428,Pooja Jadhav,55.79,1027.78,CARD,BANK_ERROR,2,40.0,STOP,NOT_ATTEMPTED,0.0,2026-08-06 05:02:33.043570
SIM-TXN-00796,CUST-0052,Priya Patil,85.06,5667.61,WALLET,INSUFFICIENT_FUNDS,0,48.0,ESCALATE,SUCCESS,5667.61,2026-08-31 16:27:33.043570
SIM-TXN-00797,CUST-0128,Pooja Jadhav,48.03,2364.58,CARD,AUTH_FAILED,2,17.0,STOP,NOT_ATTEMPTED,0.0,2026-08-27 04:36:33.043570
SIM-TXN-00798,CUST-0213,Amit Joshi,74.38,4209.93,NETBANKING,INSUFFICIENT_FUNDS,2,18.0,STOP,NOT_ATTEMPTED,0.0,2026-08-22 16:00:33.043570
SIM-TXN-00799,CUST-0360,Ananya Kulkarni,75.43,2496.52,UPI,AUTH_FAILED,0,47.0,ESCALATE,FAILED,0.0,2026-08-26 19:40:33.043570
SIM-TXN-00800,CUST-0206,Neha Shah,81.4,2499.4,CARD,AUTH_FAILED,2,27.0,STOP,NOT_ATTEMPTED,0.0,2026-08-29 02:14:33.043570
SIM-TXN-00801,CUST-0227,Aditya More,88.38,5170.0,NETBANKING,UNKNOWN,2,15.0,STOP,NOT_ATTEMPTED,0.0,2026-08-16 13:34:33.043570
SIM-TXN-00802,CUST-0433,Amit Joshi,82.62,1615.12,WALLET,BANK_ERROR,2,50.0,STOP,NOT_ATTEMPTED,0.0,2026-08-16 12:15:33.043570
SIM-TXN-00803,CUST-0312,Priya Patil,67.98,2635.68,CARD,BANK_TIMEOUT,1,78.0,RETRY,SUCCESS,2635.68,2026-08-13 08:29:33.043570
SIM-TXN-00804,CUST-0185,Rohan Deshmukh,87.52,1686.11,WALLET,UNKNOWN,1,35.0,ESCALATE,SUCCESS,1686.11,2026-08-03 08:49:33.043570
SIM-TXN-00805,CUST-0146,Neha Shah,48.88,1724.0,CARD,AUTH_FAILED,1,37.0,ESCALATE,SUCCESS,1724.0,2026-08-11 21:19:33.043570
SIM-TXN-00806,CUST-0110,Ananya Kulkarni,73.42,1905.81,UPI,INSUFFICIENT_FUNDS,2,18.0,STOP,NOT_ATTEMPTED,0.0,2026-08-14 08:23:33.043570
SIM-TXN-00807,CUST-0471,Rahul Sharma,62.94,2915.24,CARD,AUTH_FAILED,0,47.0,ESCALATE,SUCCESS,2915.24,2026-08-17 23:26:33.043570
SIM-TXN-00808,CUST-0080,Ananya Kulkarni,85.59,1664.04,NETBANKING,BANK_TIMEOUT,2,63.0,STOP,NOT_ATTEMPTED,0.0,2026-08-13 03:52:33.043570
SIM-TXN-00809,CUST-0120,Ananya Kulkarni,65.09,6664.86,NETBANKING,BANK_TIMEOUT,0,83.0,RETRY,SUCCESS,6664.86,2026-08-27 16:32:33.043570
SIM-TXN-00810,CUST-0470,Ananya Kulkarni,48.97,1193.1,UPI,BANK_TIMEOUT,2,53.0,STOP,NOT_ATTEMPTED,0.0,2026-08-16 13:37:33.043570
SIM-TXN-00811,CUST-0406,Neha Shah,97.98,2101.7,WALLET,BANK_ERROR,2,50.0,STOP,NOT_ATTEMPTED,0.0,2026-08-28 00:21:33.043570
SIM-TXN-00812,CUST-0420,Ananya Kulkarni,61.67,1716.8,NETBANKING,UNKNOWN,0,35.0,ESCALATE,FAILED,0.0,2026-08-28 00:25:33.043570
SIM-TXN-00813,CUST-0196,Neha Shah,62.55,7766.56,UPI,BANK_TIMEOUT,1,78.0,RETRY,SUCCESS,7766.56,2026-08-21 13:20:33.043570
SIM-TXN-00814,CUST-0214,Sneha Kulkarni,67.28,2856.19,UPI,UNKNOWN,0,35.0,ESCALATE,FAILED,0.0,2026-08-29 04:50:33.043570
SIM-TXN-00815,CUST-0476,Neha Shah,91.24,5571.81,WALLET,BANK_TIMEOUT,0,88.0,RETRY,SUCCESS,5571.81,2026-08-03 15:56:33.043570
SIM-TXN-00816,CUST-0164,Sneha Kulkarni,88.96,743.64,CARD,AUTH_FAILED,1,47.0,ESCALATE,FAILED,0.0,2026-08-11 20:08:33.043570
SIM-TXN-00817,CUST-0079,Kunal Patil,88.25,3021.9,WALLET,BANK_TIMEOUT,1,83.0,RETRY,SUCCESS,3021.9,2026-08-27 23:17:33.043570
SIM-TXN-00818,CUST-0259,Kunal Patil,82.44,4972.63,WALLET,BANK_TIMEOUT,1,83.0,RETRY,SUCCESS,4972.63,2026-08-08 12:38:33.043570
SIM-TXN-00819,CUST-0068,Pooja Jadhav,89.61,2606.67,WALLET,BANK_ERROR,2,50.0,STOP,NOT_ATTEMPTED,0.0,2026-08-04 00:49:33.043570
SIM-TXN-00820,CUST-0281,Rahul Sharma,65.09,5723.78,UPI,BANK_ERROR,1,65.0,NOTIFY,SUCCESS,5723.78,2026-08-07 17:22:33.043570
SIM-TXN-00821,CUST-0391,Rahul Sharma,56.91,1613.51,CARD,BANK_TIMEOUT,1,73.0,RETRY,SUCCESS,1613.51,2026-08-27 19:00:33.043570
SIM-TXN-00822,CUST-0101,Rahul Sharma,86.58,7536.23,CARD,AUTH_FAILED,0,52.0,NOTIFY,SUCCESS,7536.23,2026-08-21 08:42:33.043570
SIM-TXN-00823,CUST-0166,Neha Shah,78.77,15353.8,UPI,INSUFFICIENT_FUNDS,0,43.0,ESCALATE,FAILED,0.0,2026-08-21 01:35:33.043570
SIM-TXN-00824,CUST-0188,Pooja Jadhav,90.51,1825.72,NETBANKING,BANK_ERROR,1,70.0,RETRY,SUCCESS,1825.72,2026-08-02 21:24:33.043570
SIM-TXN-00825,CUST-0395,Rohan Deshmukh,84.69,1708.89,NETBANKING,BANK_ERROR,2,50.0,STOP,NOT_ATTEMPTED,0.0,2026-08-21 21:58:33.043570
SIM-TXN-00826,CUST-0320,Ananya Kulkarni,59.22,7806.47,UPI,BANK_TIMEOUT,0,78.0,RETRY,SUCCESS,7806.47,2026-08-18 19:16:33.043570
SIM-TXN-00827,CUST-0080,Ananya Kulkarni,85.59,8635.68,UPI,INSUFFICIENT_FUNDS,0,48.0,ESCALATE,FAILED,0.0,2026-08-12 20:26:33.043570
SIM-TXN-00828,CUST-0486,Neha Shah,67.83,1606.34,CARD,AUTH_FAILED,1,42.0,ESCALATE,SUCCESS,1606.34,2026-08-06 20:30:33.043570
SIM-TXN-00829,CUST-0157,Aditya More,84.35,1743.85,UPI,BANK_ERROR,1,70.0,RETRY,SUCCESS,1743.85,2026-08-26 06:36:33.043570
SIM-TXN-00830,CUST-0109,Kunal Patil,58.18,1948.03,NETBANKING,BANK_TIMEOUT,2,53.0,STOP,NOT_ATTEMPTED,0.0,2026-08-23 18:33:33.043570
SIM-TXN-00831,CUST-0319,Kunal Patil,68.09,832.51,CARD,INSUFFICIENT_FUNDS,2,18.0,STOP,NOT_ATTEMPTED,0.0,2026-08-02 15:03:33.043570
SIM-TXN-00832,CUST-0193,Amit Joshi,90.81,1170.37,UPI,AUTH_FAILED,1,47.0,ESCALATE,SUCCESS,1170.37,2026-08-14 17:11:33.043570
SIM-TXN-00833,CUST-0103,Amit Joshi,79.93,1093.01,NETBANKING,INSUFFICIENT_FUNDS,0,43.0,ESCALATE,FAILED,0.0,2026-08-02 04:04:33.043570
SIM-TXN-00834,CUST-0035,Rohan Deshmukh,59.31,1320.5,NETBANKING,BANK_ERROR,2,40.0,STOP,NOT_ATTEMPTED,0.0,2026-08-18 04:25:33.043570
SIM-TXN-00835,CUST-0443,Amit Joshi,69.21,2373.81,NETBANKING,BANK_TIMEOUT,2,58.0,STOP,NOT_ATTEMPTED,0.0,2026-08-19 09:09:33.043570
SIM-TXN-00836,CUST-0119,Kunal Patil,92.83,2943.55,UPI,UNKNOWN,1,35.0,ESCALATE,FAILED,0.0,2026-08-28 23:09:33.043570
SIM-TXN-00837,CUST-0273,Amit Joshi,65.61,8437.15,CARD,BANK_TIMEOUT,2,58.0,STOP,NOT_ATTEMPTED,0.0,2026-08-22 15:12:33.043570
SIM-TXN-00838,CUST-0288,Pooja Jadhav,56.88,1098.08,UPI,UNKNOWN,0,30.0,ESCALATE,SUCCESS,1098.08,2026-08-25 21:13:33.043570
SIM-TXN-00839,CUST-0157,Aditya More,84.35,5363.96,WALLET,BANK_ERROR,2,50.0,STOP,NOT_ATTEMPTED,0.0,2026-08-08 22:27:33.043570
SIM-TXN-00840,CUST-0010,Ananya Kulkarni,76.23,2056.6,NETBANKING,BANK_ERROR,1,65.0,NOTIFY,SUCCESS,2056.6,2026-08-12 12:57:33.043570
SIM-TXN-00841,CUST-0257,Aditya More,52.33,2345.91,UPI,BANK_TIMEOUT,2,53.0,STOP,NOT_ATTEMPTED,0.0,2026-08-13 12:25:33.043570
SIM-TXN-00842,CUST-0450,Ananya Kulkarni,59.99,4187.48,UPI,BANK_ERROR,2,40.0,STOP,NOT_ATTEMPTED,0.0,2026-08-14 13:00:33.043570
SIM-TXN-00843,CUST-0116,Neha Shah,94.1,994.08,WALLET,BANK_TIMEOUT,2,63.0,STOP,NOT_ATTEMPTED,0.0,2026-08-08 00:53:33.043570
SIM-TXN-00844,CUST-0045,Rohan Deshmukh,52.57,3314.06,CARD,INSUFFICIENT_FUNDS,1,33.0,ESCALATE,SUCCESS,3314.06,2026-08-08 17:48:33.043570
SIM-TXN-00845,CUST-0219,Kunal Patil,67.78,2788.23,NETBANKING,UNKNOWN,1,30.0,ESCALATE,FAILED,0.0,2026-08-11 04:48:33.043570
SIM-TXN-00846,CUST-0335,Rohan Deshmukh,81.6,3619.03,CARD,BANK_TIMEOUT,0,88.0,RETRY,SUCCESS,3619.03,2026-08-25 15:06:33.043570
SIM-TXN-00847,CUST-0466,Neha Shah,91.33,3075.84,CARD,BANK_TIMEOUT,2,63.0,STOP,NOT_ATTEMPTED,0.0,2026-08-27 11:55:33.043570
SIM-TXN-00848,CUST-0470,Ananya Kulkarni,48.97,17400.25,UPI,BANK_TIMEOUT,2,53.0,STOP,NOT_ATTEMPTED,0.0,2026-08-26 01:06:33.043570
SIM-TXN-00849,CUST-0486,Neha Shah,67.83,1465.29,CARD,INSUFFICIENT_FUNDS,1,38.0,ESCALATE,FAILED,0.0,2026-08-08 09:54:33.043570
SIM-TXN-00850,CUST-0373,Amit Joshi,65.16,1595.91,NETBANKING,BANK_TIMEOUT,1,78.0,RETRY,FAILED,0.0,2026-08-15 14:18:33.043570
SIM-TXN-00851,CUST-0227,Aditya More,88.38,1482.5,NETBANKING,INSUFFICIENT_FUNDS,0,48.0,ESCALATE,FAILED,0.0,2026-08-06 15:35:33.043570
SIM-TXN-00852,CUST-0068,Pooja Jadhav,89.61,1564.96,NETBANKING,BANK_TIMEOUT,2,63.0,STOP,NOT_ATTEMPTED,0.0,2026-08-27 14:19:33.043570
SIM-TXN-00853,CUST-0314,Sneha Kulkarni,82.49,1465.7,CARD,BANK_TIMEOUT,0,88.0,RETRY,SUCCESS,1465.7,2026-08-18 03:22:33.043570
SIM-TXN-00854,CUST-0041,Rahul Sharma,93.4,6318.35,WALLET,INSUFFICIENT_FUNDS,0,48.0,ESCALATE,FAILED,0.0,2026-08-29 07:28:33.043570
SIM-TXN-00855,CUST-0241,Rahul Sharma,58.21,7603.8,NETBANKING,INSUFFICIENT_FUNDS,0,38.0,ESCALATE,FAILED,0.0,2026-08-24 03:45:33.043570
SIM-TXN-00856,CUST-0243,Amit Joshi,80.38,1545.96,CARD,BANK_TIMEOUT,0,88.0,RETRY,SUCCESS,1545.96,2026-08-02 11:21:33.043570
SIM-TXN-00857,CUST-0474,Sneha Kulkarni,65.14,1254.03,WALLET,BANK_TIMEOUT,0,83.0,RETRY,SUCCESS,1254.03,2026-08-11 00:30:33.043570
SIM-TXN-00858,CUST-0388,Pooja Jadhav,93.97,3558.64,CARD,BANK_TIMEOUT,1,83.0,RETRY,FAILED,0.0,2026-08-24 02:06:33.043570
SIM-TXN-00859,CUST-0353,Amit Joshi,57.06,1569.04,WALLET,BANK_ERROR,0,65.0,NOTIFY,SUCCESS,1569.04,2026-08-03 16:39:33.043570
SIM-TXN-00860,CUST-0312,Priya Patil,67.98,4049.49,WALLET,INSUFFICIENT_FUNDS,2,18.0,STOP,NOT_ATTEMPTED,0.0,2026-08-16 00:44:33.043570
SIM-TXN-00861,CUST-0202,Priya Patil,51.13,2870.78,UPI,AUTH_FAILED,2,17.0,STOP,NOT_ATTEMPTED,0.0,2026-08-06 18:22:33.043570
SIM-TXN-00862,CUST-0232,Priya Patil,90.04,725.89,UPI,BANK_ERROR,0,75.0,RETRY,SUCCESS,725.89,2026-08-19 19:04:33.043570
SIM-TXN-00863,CUST-0377,Aditya More,77.31,8416.96,WALLET,BANK_TIMEOUT,2,58.0,STOP,NOT_ATTEMPTED,0.0,2026-08-30 11:48:33.043570
SIM-TXN-00864,CUST-0493,Amit Joshi,52.59,10267.12,NETBANKING,BANK_TIMEOUT,1,73.0,RETRY,SUCCESS,10267.12,2026-08-15 15:37:33.043570
SIM-TXN-00865,CUST-0397,Aditya More,51.59,1494.83,WALLET,INSUFFICIENT_FUNDS,0,38.0,ESCALATE,FAILED,0.0,2026-08-29 16:40:33.043570
SIM-TXN-00866,CUST-0471,Rahul Sharma,62.94,1789.76,CARD,BANK_TIMEOUT,1,78.0,RETRY,SUCCESS,1789.76,2026-08-22 08:20:33.043570
SIM-TXN-00867,CUST-0047,Aditya More,73.57,3067.73,UPI,INSUFFICIENT_FUNDS,0,43.0,ESCALATE,FAILED,0.0,2026-08-26 15:47:33.043570
SIM-TXN-00868,CUST-0070,Ananya Kulkarni,64.82,3189.33,NETBANKING,BANK_ERROR,1,65.0,NOTIFY,SUCCESS,3189.33,2026-08-22 10:30:33.043570
SIM-TXN-00869,CUST-0303,Amit Joshi,49.03,4133.32,CARD,UNKNOWN,1,25.0,ESCALATE,SUCCESS,4133.32,2026-08-16 12:56:33.043570
SIM-TXN-00870,CUST-0355,Rohan Deshmukh,51.71,12187.47,CARD,AUTH_FAILED,2,17.0,STOP,NOT_ATTEMPTED,0.0,2026-08-07 09:54:33.043570
SIM-TXN-00871,CUST-0047,Aditya More,73.57,2118.45,WALLET,BANK_TIMEOUT,2,58.0,STOP,NOT_ATTEMPTED,0.0,2026-08-18 07:23:33.043570
SIM-TXN-00872,CUST-0044,Sneha Kulkarni,65.97,1288.67,WALLET,AUTH_FAILED,2,22.0,STOP,NOT_ATTEMPTED,0.0,2026-08-25 01:50:33.043570
SIM-TXN-00873,CUST-0314,Sneha Kulkarni,82.49,809.6,WALLET,UNKNOWN,2,15.0,STOP,NOT_ATTEMPTED,0.0,2026-08-19 02:41:33.043570
SIM-TXN-00874,CUST-0023,Amit Joshi,75.6,1360.02,NETBANKING,INSUFFICIENT_FUNDS,2,18.0,STOP,NOT_ATTEMPTED,0.0,2026-08-08 14:54:33.043570
SIM-TXN-00875,CUST-0084,Sneha Kulkarni,96.11,2376.77,CARD,INSUFFICIENT_FUNDS,2,23.0,STOP,NOT_ATTEMPTED,0.0,2026-08-04 03:00:33.043570
SIM-TXN-00876,CUST-0215,Rohan Deshmukh,80.9,10256.29,WALLET,BANK_ERROR,1,70.0,RETRY,SUCCESS,10256.29,2026-08-07 03:22:33.043570
SIM-TXN-00877,CUST-0461,Rahul Sharma,82.38,1613.1,CARD,BANK_TIMEOUT,0,88.0,RETRY,SUCCESS,1613.1,2026-08-13 07:25:33.043570
SIM-TXN-00878,CUST-0007,Aditya More,76.91,2919.1,WALLET,BANK_ERROR,2,45.0,STOP,NOT_ATTEMPTED,0.0,2026-08-02 01:14:33.043570
SIM-TXN-00879,CUST-0312,Priya Patil,67.98,2408.75,CARD,UNKNOWN,0,35.0,ESCALATE,FAILED,0.0,2026-08-23 10:34:33.043570
SIM-TXN-00880,CUST-0233,Amit Joshi,69.14,6315.2,UPI,BANK_ERROR,2,45.0,STOP,NOT_ATTEMPTED,0.0,2026-08-29 02:26:33.043570
SIM-TXN-00881,CUST-0004,Sneha Kulkarni,49.61,18426.52,NETBANKING,BANK_TIMEOUT,2,53.0,STOP,NOT_ATTEMPTED,0.0,2026-08-30 09:36:33.043570
SIM-TXN-00882,CUST-0286,Neha Shah,69.93,1596.08,CARD,INSUFFICIENT_FUNDS,0,43.0,ESCALATE,SUCCESS,1596.08,2026-08-04 07:06:33.043570
SIM-TXN-00883,CUST-0335,Rohan Deshmukh,81.6,1649.86,CARD,BANK_ERROR,0,75.0,RETRY,SUCCESS,1649.86,2026-08-29 05:54:33.043570
SIM-TXN-00884,CUST-0153,Amit Joshi,45.41,5626.98,UPI,BANK_ERROR,0,65.0,NOTIFY,SUCCESS,5626.98,2026-08-09 21:39:33.043570
SIM-TXN-00885,CUST-0083,Amit Joshi,91.24,4211.24,CARD,AUTH_FAILED,1,47.0,ESCALATE,FAILED,0.0,2026-08-18 04:23:33.043570
SIM-TXN-00886,CUST-0477,Aditya More,77.73,10693.23,NETBANKING,BANK_TIMEOUT,1,78.0,RETRY,SUCCESS,10693.23,2026-08-19 00:52:33.043570
SIM-TXN-00887,CUST-0420,Ananya Kulkarni,61.67,3893.81,WALLET,BANK_TIMEOUT,2,58.0,STOP,NOT_ATTEMPTED,0.0,2026-08-04 17:52:33.043570
SIM-TXN-00888,CUST-0150,Ananya Kulkarni,60.1,1830.91,UPI,BANK_ERROR,2,45.0,STOP,NOT_ATTEMPTED,0.0,2026-08-14 06:42:33.043570
SIM-TXN-00889,CUST-0169,Kunal Patil,74.73,3914.82,CARD,AUTH_FAILED,2,22.0,STOP,NOT_ATTEMPTED,0.0,2026-08-11 07:18:33.043570
SIM-TXN-00890,CUST-0314,Sneha Kulkarni,82.49,5925.16,UPI,BANK_TIMEOUT,1,83.0,RETRY,SUCCESS,5925.16,2026-08-29 07:32:33.043570
SIM-TXN-00891,CUST-0479,Kunal Patil,97.86,4705.02,NETBANKING,INSUFFICIENT_FUNDS,1,43.0,ESCALATE,FAILED,0.0,2026-08-16 04:39:33.043570
SIM-TXN-00892,CUST-0133,Amit Joshi,80.79,3662.2,NETBANKING,AUTH_FAILED,0,52.0,NOTIFY,FAILED,0.0,2026-08-24 09:09:33.043570
SIM-TXN-00893,CUST-0267,Aditya More,94.97,5729.25,WALLET,INSUFFICIENT_FUNDS,1,43.0,ESCALATE,FAILED,0.0,2026-08-29 12:36:33.043570
SIM-TXN-00894,CUST-0120,Ananya Kulkarni,65.09,6219.45,CARD,INSUFFICIENT_FUNDS,0,43.0,ESCALATE,SUCCESS,6219.45,2026-08-22 22:44:33.043570
SIM-TXN-00895,CUST-0321,Rahul Sharma,89.03,7374.09,CARD,INSUFFICIENT_FUNDS,2,23.0,STOP,NOT_ATTEMPTED,0.0,2026-08-20 15:51:33.043570
SIM-TXN-00896,CUST-0212,Priya Patil,62.29,4100.93,NETBANKING,BANK_TIMEOUT,2,58.0,STOP,NOT_ATTEMPTED,0.0,2026-08-30 19:17:33.043570
SIM-TXN-00897,CUST-0109,Kunal Patil,58.18,2135.18,CARD,BANK_TIMEOUT,2,53.0,STOP,NOT_ATTEMPTED,0.0,2026-08-14 14:34:33.043570
SIM-TXN-00898,CUST-0131,Rahul Sharma,49.25,2744.55,NETBANKING,INSUFFICIENT_FUNDS,1,33.0,ESCALATE,FAILED,0.0,2026-08-16 12:46:33.043570
SIM-TXN-00899,CUST-0393,Amit Joshi,48.78,6407.39,NETBANKING,BANK_TIMEOUT,1,73.0,RETRY,SUCCESS,6407.39,2026-08-27 16:22:33.043570
SIM-TXN-00900,CUST-0316,Neha Shah,96.17,1269.59,CARD,UNKNOWN,0,40.0,ESCALATE,FAILED,0.0,2026-08-17 04:05:33.043570
SIM-TXN-00901,CUST-0473,Amit Joshi,90.17,3277.84,WALLET,AUTH_FAILED,0,52.0,NOTIFY,FAILED,0.0,2026-08-23 16:53:33.043570
SIM-TXN-00902,CUST-0080,Ananya Kulkarni,85.59,1781.71,NETBANKING,AUTH_FAILED,1,47.0,ESCALATE,FAILED,0.0,2026-08-20 15:06:33.043570
SIM-TXN-00903,CUST-0476,Neha Shah,91.24,2497.38,NETBANKING,INSUFFICIENT_FUNDS,2,23.0,STOP,NOT_ATTEMPTED,0.0,2026-08-16 03:34:33.043570
SIM-TXN-00904,CUST-0285,Rohan Deshmukh,58.37,6786.98,CARD,AUTH_FAILED,2,17.0,STOP,NOT_ATTEMPTED,0.0,2026-08-16 21:17:33.043570
SIM-TXN-00905,CUST-0410,Ananya Kulkarni,97.84,2843.75,NETBANKING,UNKNOWN,0,40.0,ESCALATE,FAILED,0.0,2026-08-14 13:18:33.043570
SIM-TXN-00906,CUST-0431,Rahul Sharma,51.44,2532.97,WALLET,BANK_TIMEOUT,2,53.0,STOP,NOT_ATTEMPTED,0.0,2026-08-26 02:32:33.043570
SIM-TXN-00907,CUST-0432,Priya Patil,77.27,822.31,WALLET,BANK_TIMEOUT,0,83.0,RETRY,SUCCESS,822.31,2026-08-15 19:41:33.043570
SIM-TXN-00908,CUST-0362,Priya Patil,54.77,4433.76,UPI,INSUFFICIENT_FUNDS,1,33.0,ESCALATE,FAILED,0.0,2026-08-24 09:52:33.043570
SIM-TXN-00909,CUST-0450,Ananya Kulkarni,59.99,4090.36,WALLET,BANK_TIMEOUT,1,73.0,RETRY,SUCCESS,4090.36,2026-08-15 13:10:33.043570
SIM-TXN-00910,CUST-0090,Ananya Kulkarni,56.91,13774.91,UPI,BANK_TIMEOUT,0,78.0,RETRY,FAILED,0.0,2026-08-21 23:41:33.043570
SIM-TXN-00911,CUST-0260,Ananya Kulkarni,66.99,1907.94,WALLET,BANK_TIMEOUT,2,58.0,STOP,NOT_ATTEMPTED,0.0,2026-08-08 19:15:33.043570
SIM-TXN-00912,CUST-0098,Pooja Jadhav,56.35,2908.29,WALLET,BANK_ERROR,2,40.0,STOP,NOT_ATTEMPTED,0.0,2026-08-25 14:54:33.043570
SIM-TXN-00913,CUST-0159,Kunal Patil,56.16,2979.49,CARD,INSUFFICIENT_FUNDS,0,38.0,ESCALATE,FAILED,0.0,2026-08-25 06:44:33.043570
SIM-TXN-00914,CUST-0347,Aditya More,95.4,8621.05,CARD,UNKNOWN,2,15.0,STOP,NOT_ATTEMPTED,0.0,2026-08-03 10:53:33.043570
SIM-TXN-00915,CUST-0236,Neha Shah,52.82,2261.45,UPI,BANK_ERROR,0,65.0,NOTIFY,SUCCESS,2261.45,2026-08-03 19:03:33.043570
SIM-TXN-00916,CUST-0352,Priya Patil,89.13,3050.98,UPI,INSUFFICIENT_FUNDS,1,43.0,ESCALATE,FAILED,0.0,2026-08-03 21:21:33.043570
SIM-TXN-00917,CUST-0053,Amit Joshi,53.1,3969.19,NETBANKING,AUTH_FAILED,0,42.0,ESCALATE,FAILED,0.0,2026-08-15 23:54:33.043570
SIM-TXN-00918,CUST-0328,Pooja Jadhav,87.29,2833.55,NETBANKING,UNKNOWN,0,40.0,ESCALATE,SUCCESS,2833.55,2026-08-14 09:08:33.043570
SIM-TXN-00919,CUST-0273,Amit Joshi,65.61,1707.62,WALLET,BANK_ERROR,2,45.0,STOP,NOT_ATTEMPTED,0.0,2026-08-07 03:28:33.043570
SIM-TXN-00920,CUST-0140,Ananya Kulkarni,80.5,2850.56,NETBANKING,BANK_TIMEOUT,0,88.0,RETRY,SUCCESS,2850.56,2026-08-30 03:23:33.043570
SIM-TXN-00921,CUST-0287,Aditya More,47.76,5761.22,CARD,AUTH_FAILED,2,17.0,STOP,NOT_ATTEMPTED,0.0,2026-08-17 17:36:33.043570
SIM-TXN-00922,CUST-0282,Priya Patil,69.1,1073.62,CARD,BANK_ERROR,2,45.0,STOP,NOT_ATTEMPTED,0.0,2026-08-14 16:22:33.043570
SIM-TXN-00923,CUST-0294,Sneha Kulkarni,74.89,2714.53,UPI,BANK_TIMEOUT,1,78.0,RETRY,SUCCESS,2714.53,2026-08-17 04:57:33.043570
SIM-TXN-00924,CUST-0277,Aditya More,76.37,1393.96,CARD,BANK_ERROR,0,70.0,RETRY,SUCCESS,1393.96,2026-08-04 02:04:33.043570
SIM-TXN-00925,CUST-0055,Rohan Deshmukh,76.61,6348.9,UPI,BANK_ERROR,1,65.0,NOTIFY,SUCCESS,6348.9,2026-08-28 22:05:33.043570
SIM-TXN-00926,CUST-0457,Aditya More,91.09,721.59,WALLET,AUTH_FAILED,2,27.0,STOP,NOT_ATTEMPTED,0.0,2026-08-17 23:24:33.043570
SIM-TXN-00927,CUST-0160,Ananya Kulkarni,55.79,1560.66,CARD,BANK_ERROR,2,40.0,STOP,NOT_ATTEMPTED,0.0,2026-08-26 01:40:33.043570
SIM-TXN-00928,CUST-0041,Rahul Sharma,93.4,3300.3,WALLET,UNKNOWN,2,15.0,STOP,NOT_ATTEMPTED,0.0,2026-08-07 18:55:33.043570
SIM-TXN-00929,CUST-0048,Pooja Jadhav,67.71,8539.17,WALLET,INSUFFICIENT_FUNDS,0,43.0,ESCALATE,FAILED,0.0,2026-08-31 02:50:33.043570
SIM-TXN-00930,CUST-0364,Sneha Kulkarni,51.05,2315.54,WALLET,INSUFFICIENT_FUNDS,0,38.0,ESCALATE,FAILED,0.0,2026-08-08 07:56:33.043570
SIM-TXN-00931,CUST-0441,Rahul Sharma,67.02,1565.31,NETBANKING,UNKNOWN,1,30.0,ESCALATE,FAILED,0.0,2026-08-16 19:46:33.043570
SIM-TXN-00932,CUST-0404,Sneha Kulkarni,57.13,10992.03,NETBANKING,INSUFFICIENT_FUNDS,1,33.0,ESCALATE,FAILED,0.0,2026-08-04 18:21:33.043570
SIM-TXN-00933,CUST-0244,Sneha Kulkarni,76.56,766.31,WALLET,BANK_TIMEOUT,1,78.0,RETRY,SUCCESS,766.31,2026-08-14 15:16:33.043570
SIM-TXN-00934,CUST-0394,Sneha Kulkarni,87.01,420.29,CARD,BANK_ERROR,2,50.0,STOP,NOT_ATTEMPTED,0.0,2026-08-06 11:23:33.043570
SIM-TXN-00935,CUST-0208,Pooja Jadhav,95.29,3470.35,UPI,INSUFFICIENT_FUNDS,1,43.0,ESCALATE,FAILED,0.0,2026-08-05 00:26:33.043570
SIM-TXN-00936,CUST-0406,Neha Shah,97.98,1633.3,WALLET,BANK_ERROR,1,70.0,RETRY,SUCCESS,1633.3,2026-08-12 15:33:33.043570
SIM-TXN-00937,CUST-0318,Pooja Jadhav,86.06,1078.16,CARD,BANK_TIMEOUT,1,83.0,RETRY,SUCCESS,1078.16,2026-08-17 07:07:33.043570
SIM-TXN-00938,CUST-0107,Aditya More,48.21,4301.35,WALLET,INSUFFICIENT_FUNDS,1,33.0,ESCALATE,FAILED,0.0,2026-08-17 08:44:33.043570
SIM-TXN-00939,CUST-0279,Kunal Patil,52.19,2966.21,CARD,INSUFFICIENT_FUNDS,2,13.0,STOP,NOT_ATTEMPTED,0.0,2026-08-05 08:02:33.043570
SIM-TXN-00940,CUST-0379,Kunal Patil,78.15,1554.23,WALLET,UNKNOWN,0,35.0,ESCALATE,FAILED,0.0,2026-08-22 20:35:33.043570
SIM-TXN-00941,CUST-0167,Aditya More,53.56,876.34,WALLET,AUTH_FAILED,0,42.0,ESCALATE,SUCCESS,876.34,2026-08-20 06:12:33.043570
SIM-TXN-00942,CUST-0036,Neha Shah,81.47,4904.78,WALLET,AUTH_FAILED,1,47.0,ESCALATE,FAILED,0.0,2026-08-04 14:07:33.043570
SIM-TXN-00943,CUST-0047,Aditya More,73.57,4105.82,CARD,BANK_TIMEOUT,2,58.0,STOP,NOT_ATTEMPTED,0.0,2026-08-30 17:47:33.043570
SIM-TXN-00944,CUST-0415,Rohan Deshmukh,90.46,2254.45,CARD,BANK_TIMEOUT,2,63.0,STOP,NOT_ATTEMPTED,0.0,2026-08-08 13:57:33.043570
SIM-TXN-00945,CUST-0232,Priya Patil,90.04,10692.63,WALLET,AUTH_FAILED,2,27.0,STOP,NOT_ATTEMPTED,0.0,2026-08-28 02:13:33.043570
SIM-TXN-00946,CUST-0229,Kunal Patil,87.75,1036.84,NETBANKING,BANK_TIMEOUT,1,83.0,RETRY,SUCCESS,1036.84,2026-08-15 15:36:33.043570
SIM-TXN-00947,CUST-0471,Rahul Sharma,62.94,720.24,WALLET,UNKNOWN,2,10.0,STOP,NOT_ATTEMPTED,0.0,2026-08-17 10:59:33.043570
SIM-TXN-00948,CUST-0046,Neha Shah,58.07,1403.15,WALLET,AUTH_FAILED,0,42.0,ESCALATE,FAILED,0.0,2026-08-04 15:08:33.043570
SIM-TXN-00949,CUST-0190,Ananya Kulkarni,63.53,2353.2,UPI,UNKNOWN,0,35.0,ESCALATE,FAILED,0.0,2026-08-18 03:21:33.043570
SIM-TXN-00950,CUST-0057,Aditya More,73.04,2965.12,UPI,INSUFFICIENT_FUNDS,0,43.0,ESCALATE,FAILED,0.0,2026-08-28 15:34:33.043570
SIM-TXN-00951,CUST-0202,Priya Patil,51.13,2012.25,WALLET,AUTH_FAILED,1,37.0,ESCALATE,SUCCESS,2012.25,2026-08-26 14:22:33.043570
SIM-TXN-00952,CUST-0109,Kunal Patil,58.18,3234.55,WALLET,AUTH_FAILED,0,42.0,ESCALATE,SUCCESS,3234.55,2026-08-19 07:02:33.043570
SIM-TXN-00953,CUST-0432,Priya Patil,77.27,896.74,WALLET,UNKNOWN,0,35.0,ESCALATE,SUCCESS,896.74,2026-08-07 12:05:33.043570
SIM-TXN-00954,CUST-0069,Kunal Patil,77.28,7746.62,UPI,BANK_TIMEOUT,0,83.0,RETRY,SUCCESS,7746.62,2026-08-23 22:34:33.043570
SIM-TXN-00955,CUST-0337,Aditya More,49.93,2285.36,CARD,BANK_ERROR,0,65.0,NOTIFY,SUCCESS,2285.36,2026-08-20 17:11:33.043570
SIM-TXN-00956,CUST-0441,Rahul Sharma,67.02,5966.03,WALLET,BANK_ERROR,2,45.0,STOP,NOT_ATTEMPTED,0.0,2026-08-09 23:21:33.043570
SIM-TXN-00957,CUST-0233,Amit Joshi,69.14,3210.49,WALLET,AUTH_FAILED,1,42.0,ESCALATE,SUCCESS,3210.49,2026-08-10 05:54:33.043570
SIM-TXN-00958,CUST-0218,Pooja Jadhav,61.11,3517.14,WALLET,AUTH_FAILED,2,22.0,STOP,NOT_ATTEMPTED,0.0,2026-08-12 13:33:33.043570
SIM-TXN-00959,CUST-0365,Rohan Deshmukh,66.24,3849.94,WALLET,AUTH_FAILED,2,22.0,STOP,NOT_ATTEMPTED,0.0,2026-08-28 00:29:33.043570
SIM-TXN-00960,CUST-0188,Pooja Jadhav,90.51,3491.78,UPI,BANK_TIMEOUT,2,63.0,STOP,NOT_ATTEMPTED,0.0,2026-08-23 18:49:33.043570
SIM-TXN-00961,CUST-0361,Rahul Sharma,70.37,4081.33,WALLET,BANK_ERROR,2,45.0,STOP,NOT_ATTEMPTED,0.0,2026-08-05 10:25:33.043570
SIM-TXN-00962,CUST-0073,Amit Joshi,62.18,7067.92,NETBANKING,INSUFFICIENT_FUNDS,1,38.0,ESCALATE,FAILED,0.0,2026-08-25 14:36:33.043570
SIM-TXN-00963,CUST-0456,Neha Shah,64.99,2856.11,CARD,AUTH_FAILED,1,42.0,ESCALATE,FAILED,0.0,2026-08-05 08:15:33.043570
SIM-TXN-00964,CUST-0351,Rahul Sharma,76.63,4303.58,NETBANKING,AUTH_FAILED,2,22.0,STOP,NOT_ATTEMPTED,0.0,2026-08-04 04:36:33.043570
SIM-TXN-00965,CUST-0463,Amit Joshi,71.25,2271.54,UPI,BANK_ERROR,1,65.0,NOTIFY,SUCCESS,2271.54,2026-08-23 03:29:33.043570
SIM-TXN-00966,CUST-0294,Sneha Kulkarni,74.89,7724.05,WALLET,INSUFFICIENT_FUNDS,1,38.0,ESCALATE,FAILED,0.0,2026-08-15 04:46:33.043570
SIM-TXN-00967,CUST-0149,Kunal Patil,91.6,1420.67,NETBANKING,BANK_TIMEOUT,2,63.0,STOP,NOT_ATTEMPTED,0.0,2026-08-27 10:41:33.043570
SIM-TXN-00968,CUST-0134,Sneha Kulkarni,66.4,10308.79,WALLET,BANK_TIMEOUT,2,58.0,STOP,NOT_ATTEMPTED,0.0,2026-08-09 11:38:33.043570
SIM-TXN-00969,CUST-0294,Sneha Kulkarni,74.89,2363.44,NETBANKING,BANK_TIMEOUT,2,58.0,STOP,NOT_ATTEMPTED,0.0,2026-08-30 04:53:33.043570
SIM-TXN-00970,CUST-0014,Sneha Kulkarni,95.73,776.95,UPI,BANK_TIMEOUT,0,88.0,RETRY,SUCCESS,776.95,2026-08-14 10:27:33.043570
SIM-TXN-00971,CUST-0130,Ananya Kulkarni,53.34,2703.99,NETBANKING,BANK_TIMEOUT,1,73.0,RETRY,SUCCESS,2703.99,2026-08-02 10:28:33.043570
SIM-TXN-00972,CUST-0380,Ananya Kulkarni,80.0,1415.39,CARD,BANK_TIMEOUT,2,63.0,STOP,NOT_ATTEMPTED,0.0,2026-08-08 16:02:33.043570
SIM-TXN-00973,CUST-0338,Pooja Jadhav,66.43,4781.53,CARD,BANK_ERROR,1,65.0,NOTIFY,FAILED,0.0,2026-08-12 12:57:33.043570
SIM-TXN-00974,CUST-0249,Kunal Patil,68.85,1447.95,UPI,BANK_TIMEOUT,1,78.0,RETRY,FAILED,0.0,2026-08-08 09:25:33.043570
SIM-TXN-00975,CUST-0305,Rohan Deshmukh,90.07,1707.96,CARD,UNKNOWN,1,35.0,ESCALATE,FAILED,0.0,2026-08-20 14:00:33.043570
SIM-TXN-00976,CUST-0395,Rohan Deshmukh,84.69,538.27,WALLET,BANK_ERROR,2,50.0,STOP,NOT_ATTEMPTED,0.0,2026-08-30 19:22:33.043570
SIM-TXN-00977,CUST-0086,Neha Shah,82.79,1699.61,NETBANKING,BANK_TIMEOUT,0,88.0,RETRY,SUCCESS,1699.61,2026-08-07 01:39:33.043570
SIM-TXN-00978,CUST-0027,Aditya More,65.15,351.04,WALLET,BANK_TIMEOUT,1,78.0,RETRY,SUCCESS,351.04,2026-08-26 00:37:33.043570
SIM-TXN-00979,CUST-0120,Ananya Kulkarni,65.09,687.37,WALLET,BANK_ERROR,1,65.0,NOTIFY,SUCCESS,687.37,2026-08-25 22:21:33.043570
SIM-TXN-00980,CUST-0446,Neha Shah,90.79,4484.27,NETBANKING,BANK_ERROR,1,70.0,RETRY,SUCCESS,4484.27,2026-08-16 03:46:33.043570
SIM-TXN-00981,CUST-0493,Amit Joshi,52.59,4576.27,UPI,AUTH_FAILED,0,42.0,ESCALATE,FAILED,0.0,2026-08-30 19:12:33.043570
SIM-TXN-00982,CUST-0182,Priya Patil,91.72,3430.17,WALLET,UNKNOWN,2,15.0,STOP,NOT_ATTEMPTED,0.0,2026-08-31 11:11:33.043570
SIM-TXN-00983,CUST-0440,Ananya Kulkarni,71.97,1125.99,NETBANKING,BANK_TIMEOUT,1,78.0,RETRY,SUCCESS,1125.99,2026-08-13 09:52:33.043570
SIM-TXN-00984,CUST-0336,Neha Shah,68.75,2349.2,WALLET,AUTH_FAILED,2,22.0,STOP,NOT_ATTEMPTED,0.0,2026-08-12 19:04:33.043570
SIM-TXN-00985,CUST-0376,Neha Shah,75.14,2433.58,CARD,AUTH_FAILED,2,22.0,STOP,NOT_ATTEMPTED,0.0,2026-08-17 03:30:33.043570
SIM-TXN-00986,CUST-0347,Aditya More,95.4,966.14,CARD,INSUFFICIENT_FUNDS,1,43.0,ESCALATE,FAILED,0.0,2026-08-02 04:13:33.043570
SIM-TXN-00987,CUST-0426,Neha Shah,78.0,8125.14,WALLET,BANK_TIMEOUT,0,83.0,RETRY,SUCCESS,8125.14,2026-08-22 02:03:33.043570
SIM-TXN-00988,CUST-0180,Ananya Kulkarni,94.07,4924.07,NETBANKING,BANK_TIMEOUT,1,83.0,RETRY,SUCCESS,4924.07,2026-08-02 20:51:33.043570
SIM-TXN-00989,CUST-0318,Pooja Jadhav,86.06,2045.15,CARD,BANK_TIMEOUT,2,63.0,STOP,NOT_ATTEMPTED,0.0,2026-08-30 19:55:33.043570
SIM-TXN-00990,CUST-0063,Amit Joshi,53.38,2493.66,UPI,INSUFFICIENT_FUNDS,0,38.0,ESCALATE,FAILED,0.0,2026-08-07 16:51:33.043570
SIM-TXN-00991,CUST-0193,Amit Joshi,90.81,2883.34,CARD,AUTH_FAILED,0,52.0,NOTIFY,FAILED,0.0,2026-08-13 07:40:33.043570
SIM-TXN-00992,CUST-0151,Rahul Sharma,89.19,476.57,UPI,BANK_ERROR,2,50.0,STOP,NOT_ATTEMPTED,0.0,2026-08-22 10:14:33.043570
SIM-TXN-00993,CUST-0473,Amit Joshi,90.17,2002.71,WALLET,UNKNOWN,2,15.0,STOP,NOT_ATTEMPTED,0.0,2026-08-16 12:12:33.043570
SIM-TXN-00994,CUST-0132,Priya Patil,48.63,1414.33,UPI,BANK_TIMEOUT,1,73.0,RETRY,SUCCESS,1414.33,2026-08-19 05:05:33.043570
SIM-TXN-00995,CUST-0199,Kunal Patil,47.03,1095.21,UPI,BANK_ERROR,1,60.0,NOTIFY,FAILED,0.0,2026-08-13 20:03:33.043570
SIM-TXN-00996,CUST-0092,Priya Patil,57.2,1949.09,WALLET,BANK_ERROR,0,65.0,NOTIFY,SUCCESS,1949.09,2026-08-09 21:52:33.043570
SIM-TXN-00997,CUST-0331,Rahul Sharma,74.46,10281.99,CARD,BANK_ERROR,2,45.0,STOP,NOT_ATTEMPTED,0.0,2026-08-21 10:00:33.043570
SIM-TXN-00998,CUST-0112,Priya Patil,69.52,4075.2,UPI,AUTH_FAILED,1,42.0,ESCALATE,FAILED,0.0,2026-08-06 11:47:33.043570
SIM-TXN-00999,CUST-0018,Pooja Jadhav,83.68,1545.43,NETBANKING,BANK_TIMEOUT,1,83.0,RETRY,SUCCESS,1545.43,2026-08-24 10:35:33.043570
SIM-TXN-01000,CUST-0077,Aditya More,91.53,3858.63,UPI,AUTH_FAILED,0,52.0,NOTIFY,FAILED,0.0,2026-08-13 21:59:33.043570
SIM-TXN-01001,CUST-0078,Pooja Jadhav,49.54,7476.23,WALLET,INSUFFICIENT_FUNDS,2,13.0,STOP,NOT_ATTEMPTED,0.0,2026-08-01 23:00:33.043570
SIM-TXN-01002,CUST-0264,Sneha Kulkarni,95.14,5113.85,WALLET,INSUFFICIENT_FUNDS,1,43.0,ESCALATE,FAILED,0.0,2026-08-04 23:32:33.043570
SIM-TXN-01003,CUST-0277,Aditya More,76.37,2559.85,WALLET,BANK_TIMEOUT,2,58.0,STOP,NOT_ATTEMPTED,0.0,2026-08-23 17:30:33.043570
SIM-TXN-01004,CUST-0063,Amit Joshi,53.38,1454.55,NETBANKING,AUTH_FAILED,1,37.0,ESCALATE,FAILED,0.0,2026-08-20 00:32:33.043570
SIM-TXN-01005,CUST-0029,Kunal Patil,53.62,4266.63,UPI,AUTH_FAILED,1,37.0,ESCALATE,FAILED,0.0,2026-08-17 06:24:33.043570
SIM-TXN-01006,CUST-0042,Priya Patil,91.45,3343.55,NETBANKING,INSUFFICIENT_FUNDS,2,23.0,STOP,NOT_ATTEMPTED,0.0,2026-08-11 00:49:33.043570
SIM-TXN-01007,CUST-0091,Rahul Sharma,46.11,4994.81,WALLET,AUTH_FAILED,2,17.0,STOP,NOT_ATTEMPTED,0.0,2026-08-10 11:35:33.043570
SIM-TXN-01008,CUST-0154,Sneha Kulkarni,60.87,4056.75,UPI,INSUFFICIENT_FUNDS,2,18.0,STOP,NOT_ATTEMPTED,0.0,2026-08-18 03:22:33.043570
SIM-TXN-01009,CUST-0250,Ananya Kulkarni,89.51,5651.31,WALLET,BANK_TIMEOUT,2,63.0,STOP,NOT_ATTEMPTED,0.0,2026-08-10 09:54:33.043570
SIM-TXN-01010,CUST-0072,Priya Patil,93.68,1590.51,UPI,BANK_TIMEOUT,2,63.0,STOP,NOT_ATTEMPTED,0.0,2026-08-28 18:37:33.043570
SIM-TXN-01011,CUST-0123,Amit Joshi,80.08,7001.75,UPI,BANK_ERROR,2,50.0,STOP,NOT_ATTEMPTED,0.0,2026-08-31 01:44:33.043570
SIM-TXN-01012,CUST-0158,Pooja Jadhav,59.43,2858.58,WALLET,BANK_ERROR,0,65.0,NOTIFY,SUCCESS,2858.58,2026-08-04 08:11:33.043570
SIM-TXN-01013,CUST-0173,Amit Joshi,67.78,12838.56,UPI,INSUFFICIENT_FUNDS,1,38.0,ESCALATE,SUCCESS,12838.56,2026-08-31 13:08:33.043570
SIM-TXN-01014,CUST-0342,Priya Patil,97.82,1406.2,CARD,AUTH_FAILED,2,27.0,STOP,NOT_ATTEMPTED,0.0,2026-08-28 03:46:33.043570
SIM-TXN-01015,CUST-0120,Ananya Kulkarni,65.09,9786.62,UPI,UNKNOWN,2,10.0,STOP,NOT_ATTEMPTED,0.0,2026-08-08 05:37:33.043570
SIM-TXN-01016,CUST-0251,Rahul Sharma,85.59,2859.29,WALLET,AUTH_FAILED,2,27.0,STOP,NOT_ATTEMPTED,0.0,2026-08-03 20:59:33.043570
SIM-TXN-01017,CUST-0125,Rohan Deshmukh,56.54,1449.34,CARD,INSUFFICIENT_FUNDS,0,38.0,ESCALATE,SUCCESS,1449.34,2026-08-04 01:32:33.043570
SIM-TXN-01018,CUST-0464,Sneha Kulkarni,51.69,1657.21,UPI,BANK_ERROR,1,60.0,NOTIFY,SUCCESS,1657.21,2026-08-28 16:32:33.043570
SIM-TXN-01019,CUST-0033,Amit Joshi,73.31,1888.85,UPI,INSUFFICIENT_FUNDS,0,43.0,ESCALATE,FAILED,0.0,2026-08-29 19:23:33.043570
SIM-TXN-01020,CUST-0113,Amit Joshi,68.49,3426.63,CARD,BANK_TIMEOUT,1,78.0,RETRY,SUCCESS,3426.63,2026-08-20 02:04:33.043570
SIM-TXN-01021,CUST-0167,Aditya More,53.56,3708.08,CARD,BANK_TIMEOUT,1,73.0,RETRY,SUCCESS,3708.08,2026-08-11 11:52:33.043570
SIM-TXN-01022,CUST-0392,Priya Patil,93.15,1542.32,CARD,BANK_TIMEOUT,1,83.0,RETRY,SUCCESS,1542.32,2026-08-14 06:07:33.043570
SIM-TXN-01023,CUST-0073,Amit Joshi,62.18,2393.51,CARD,INSUFFICIENT_FUNDS,2,18.0,STOP,NOT_ATTEMPTED,0.0,2026-08-18 15:01:33.043570
SIM-TXN-01024,CUST-0284,Sneha Kulkarni,59.75,13545.59,CARD,BANK_TIMEOUT,2,53.0,STOP,NOT_ATTEMPTED,0.0,2026-08-03 15:25:33.043570
SIM-TXN-01025,CUST-0069,Kunal Patil,77.28,9720.91,WALLET,BANK_TIMEOUT,0,83.0,RETRY,SUCCESS,9720.91,2026-08-23 22:51:33.043570
SIM-TXN-01026,CUST-0042,Priya Patil,91.45,3460.12,CARD,BANK_TIMEOUT,0,88.0,RETRY,SUCCESS,3460.12,2026-08-28 19:28:33.043570
SIM-TXN-01027,CUST-0455,Rohan Deshmukh,62.62,2515.94,WALLET,BANK_TIMEOUT,2,58.0,STOP,NOT_ATTEMPTED,0.0,2026-08-07 13:34:33.043570
SIM-TXN-01028,CUST-0106,Neha Shah,80.69,2686.58,NETBANKING,BANK_TIMEOUT,2,63.0,STOP,NOT_ATTEMPTED,0.0,2026-08-22 06:56:33.043570
SIM-TXN-01029,CUST-0211,Rahul Sharma,71.88,3987.08,CARD,BANK_TIMEOUT,2,58.0,STOP,NOT_ATTEMPTED,0.0,2026-08-03 12:03:33.043570
SIM-TXN-01030,CUST-0306,Neha Shah,87.69,1076.82,WALLET,BANK_TIMEOUT,2,63.0,STOP,NOT_ATTEMPTED,0.0,2026-08-05 19:06:33.043570
SIM-TXN-01031,CUST-0322,Priya Patil,59.78,1986.44,NETBANKING,INSUFFICIENT_FUNDS,1,33.0,ESCALATE,FAILED,0.0,2026-08-27 04:08:33.043570
SIM-TXN-01032,CUST-0121,Rahul Sharma,59.06,642.35,UPI,BANK_TIMEOUT,2,53.0,STOP,NOT_ATTEMPTED,0.0,2026-08-18 06:15:33.043570
SIM-TXN-01033,CUST-0442,Priya Patil,96.95,3358.93,CARD,INSUFFICIENT_FUNDS,1,43.0,ESCALATE,FAILED,0.0,2026-08-11 06:16:33.043570
SIM-TXN-01034,CUST-0142,Priya Patil,51.94,4095.96,UPI,BANK_TIMEOUT,0,78.0,RETRY,SUCCESS,4095.96,2026-08-23 09:09:33.043570
SIM-TXN-01035,CUST-0255,Rohan Deshmukh,59.4,1658.14,UPI,BANK_TIMEOUT,0,78.0,RETRY,SUCCESS,1658.14,2026-08-14 18:19:33.043570
SIM-TXN-01036,CUST-0108,Pooja Jadhav,87.43,8597.18,NETBANKING,BANK_ERROR,2,50.0,STOP,NOT_ATTEMPTED,0.0,2026-08-22 09:55:33.043570
SIM-TXN-01037,CUST-0023,Amit Joshi,75.6,915.42,UPI,BANK_TIMEOUT,2,58.0,STOP,NOT_ATTEMPTED,0.0,2026-08-09 19:04:33.043570
SIM-TXN-01038,CUST-0081,Rahul Sharma,79.97,756.35,WALLET,INSUFFICIENT_FUNDS,2,18.0,STOP,NOT_ATTEMPTED,0.0,2026-08-07 01:44:33.043570
SIM-TXN-01039,CUST-0037,Aditya More,81.28,2920.65,WALLET,UNKNOWN,2,15.0,STOP,NOT_ATTEMPTED,0.0,2026-08-28 04:13:33.043570
SIM-TXN-01040,CUST-0167,Aditya More,53.56,5640.22,NETBANKING,BANK_ERROR,0,65.0,NOTIFY,FAILED,0.0,2026-08-16 15:11:33.043570
SIM-TXN-01041,CUST-0117,Aditya More,53.81,9387.57,WALLET,BANK_TIMEOUT,0,78.0,RETRY,SUCCESS,9387.57,2026-08-11 19:59:33.043570
SIM-TXN-01042,CUST-0038,Pooja Jadhav,57.14,1690.69,WALLET,BANK_ERROR,0,65.0,NOTIFY,FAILED,0.0,2026-08-08 09:16:33.043570
SIM-TXN-01043,CUST-0111,Rahul Sharma,67.36,5784.54,WALLET,UNKNOWN,0,35.0,ESCALATE,FAILED,0.0,2026-08-07 23:57:33.043570
SIM-TXN-01044,CUST-0235,Rohan Deshmukh,71.2,2366.56,NETBANKING,INSUFFICIENT_FUNDS,1,38.0,ESCALATE,SUCCESS,2366.56,2026-08-07 13:54:33.043570
SIM-TXN-01045,CUST-0017,Aditya More,77.0,2125.79,UPI,INSUFFICIENT_FUNDS,1,38.0,ESCALATE,SUCCESS,2125.79,2026-08-22 23:27:33.043570
SIM-TXN-01046,CUST-0235,Rohan Deshmukh,71.2,4948.94,NETBANKING,BANK_ERROR,0,70.0,RETRY,FAILED,0.0,2026-08-29 06:17:33.043570
SIM-TXN-01047,CUST-0081,Rahul Sharma,79.97,4112.8,CARD,INSUFFICIENT_FUNDS,2,18.0,STOP,NOT_ATTEMPTED,0.0,2026-08-26 22:43:33.043570
SIM-TXN-01048,CUST-0438,Pooja Jadhav,79.33,691.52,WALLET,BANK_TIMEOUT,2,58.0,STOP,NOT_ATTEMPTED,0.0,2026-08-24 01:19:33.043570
SIM-TXN-01049,CUST-0442,Priya Patil,96.95,7952.43,WALLET,UNKNOWN,1,35.0,ESCALATE,SUCCESS,7952.43,2026-08-21 06:34:33.043570
SIM-TXN-01050,CUST-0377,Aditya More,77.31,7361.9,CARD,INSUFFICIENT_FUNDS,1,38.0,ESCALATE,FAILED,0.0,2026-08-11 21:53:33.043570
SIM-TXN-01051,CUST-0457,Aditya More,91.09,1479.63,CARD,UNKNOWN,2,15.0,STOP,NOT_ATTEMPTED,0.0,2026-08-02 00:30:33.043570
SIM-TXN-01052,CUST-0214,Sneha Kulkarni,67.28,3349.76,UPI,UNKNOWN,1,30.0,ESCALATE,FAILED,0.0,2026-08-24 17:42:33.043570
SIM-TXN-01053,CUST-0018,Pooja Jadhav,83.68,3623.6,WALLET,BANK_ERROR,1,70.0,RETRY,FAILED,0.0,2026-08-06 06:00:33.043570
SIM-TXN-01054,CUST-0232,Priya Patil,90.04,3006.52,UPI,BANK_ERROR,2,50.0,STOP,NOT_ATTEMPTED,0.0,2026-08-02 08:32:33.043570
SIM-TXN-01055,CUST-0355,Rohan Deshmukh,51.71,1571.45,CARD,INSUFFICIENT_FUNDS,0,38.0,ESCALATE,SUCCESS,1571.45,2026-08-12 16:05:33.043570
SIM-TXN-01056,CUST-0332,Priya Patil,95.25,1426.1,UPI,UNKNOWN,1,35.0,ESCALATE,FAILED,0.0,2026-08-09 03:41:33.043570
SIM-TXN-01057,CUST-0361,Rahul Sharma,70.37,2391.21,UPI,BANK_ERROR,1,65.0,NOTIFY,SUCCESS,2391.21,2026-08-08 02:22:33.043570
SIM-TXN-01058,CUST-0448,Pooja Jadhav,63.01,6236.55,CARD,INSUFFICIENT_FUNDS,1,38.0,ESCALATE,FAILED,0.0,2026-08-30 14:48:33.043570
SIM-TXN-01059,CUST-0001,Rahul Sharma,50.9,3770.19,UPI,INSUFFICIENT_FUNDS,1,33.0,ESCALATE,FAILED,0.0,2026-08-16 22:35:33.043570
SIM-TXN-01060,CUST-0272,Priya Patil,68.1,1814.4,WALLET,BANK_TIMEOUT,1,78.0,RETRY,SUCCESS,1814.4,2026-08-29 15:58:33.043570
SIM-TXN-01061,CUST-0278,Pooja Jadhav,49.45,4524.94,CARD,AUTH_FAILED,2,17.0,STOP,NOT_ATTEMPTED,0.0,2026-08-05 11:23:33.043570
SIM-TXN-01062,CUST-0318,Pooja Jadhav,86.06,249.93,UPI,UNKNOWN,2,15.0,STOP,NOT_ATTEMPTED,0.0,2026-08-18 08:32:33.043570
SIM-TXN-01063,CUST-0455,Rohan Deshmukh,62.62,6118.13,WALLET,BANK_TIMEOUT,1,78.0,RETRY,SUCCESS,6118.13,2026-08-03 15:36:33.043570
SIM-TXN-01064,CUST-0188,Pooja Jadhav,90.51,606.82,UPI,BANK_ERROR,2,50.0,STOP,NOT_ATTEMPTED,0.0,2026-08-11 02:34:33.043570
SIM-TXN-01065,CUST-0071,Rahul Sharma,73.59,1826.3,CARD,UNKNOWN,2,10.0,STOP,NOT_ATTEMPTED,0.0,2026-08-06 23:00:33.043570
SIM-TXN-01066,CUST-0333,Amit Joshi,57.79,996.51,CARD,BANK_ERROR,2,40.0,STOP,NOT_ATTEMPTED,0.0,2026-08-12 01:12:33.043570
SIM-TXN-01067,CUST-0165,Rohan Deshmukh,45.19,866.32,NETBANKING,BANK_ERROR,2,40.0,STOP,NOT_ATTEMPTED,0.0,2026-08-21 00:55:33.043570
SIM-TXN-01068,CUST-0142,Priya Patil,51.94,6177.45,NETBANKING,BANK_TIMEOUT,1,73.0,RETRY,SUCCESS,6177.45,2026-08-24 14:41:33.043570
SIM-TXN-01069,CUST-0270,Ananya Kulkarni,87.39,1678.81,WALLET,INSUFFICIENT_FUNDS,2,23.0,STOP,NOT_ATTEMPTED,0.0,2026-08-25 23:56:33.043570
SIM-TXN-01070,CUST-0348,Pooja Jadhav,55.15,3220.21,NETBANKING,INSUFFICIENT_FUNDS,1,33.0,ESCALATE,FAILED,0.0,2026-08-04 18:38:33.043570
SIM-TXN-01071,CUST-0097,Aditya More,59.76,2350.69,WALLET,UNKNOWN,0,30.0,ESCALATE,SUCCESS,2350.69,2026-08-09 22:16:33.043570
SIM-TXN-01072,CUST-0148,Pooja Jadhav,94.46,3574.69,UPI,UNKNOWN,0,40.0,ESCALATE,SUCCESS,3574.69,2026-08-06 21:19:33.043570
SIM-TXN-01073,CUST-0357,Aditya More,60.48,2595.3,CARD,BANK_TIMEOUT,0,83.0,RETRY,SUCCESS,2595.3,2026-08-30 08:07:33.043570
SIM-TXN-01074,CUST-0012,Priya Patil,82.0,874.46,CARD,BANK_TIMEOUT,1,83.0,RETRY,SUCCESS,874.46,2026-08-21 23:46:33.043570
SIM-TXN-01075,CUST-0378,Pooja Jadhav,95.22,5415.46,NETBANKING,AUTH_FAILED,0,52.0,NOTIFY,SUCCESS,5415.46,2026-08-12 08:43:33.043570
SIM-TXN-01076,CUST-0428,Pooja Jadhav,55.79,1644.18,NETBANKING,UNKNOWN,1,25.0,ESCALATE,FAILED,0.0,2026-08-31 15:13:33.043570
SIM-TXN-01077,CUST-0331,Rahul Sharma,74.46,702.56,WALLET,INSUFFICIENT_FUNDS,2,18.0,STOP,NOT_ATTEMPTED,0.0,2026-08-25 22:02:33.043570
SIM-TXN-01078,CUST-0432,Priya Patil,77.27,1732.82,WALLET,AUTH_FAILED,1,42.0,ESCALATE,FAILED,0.0,2026-08-15 17:44:33.043570
SIM-TXN-01079,CUST-0088,Pooja Jadhav,68.22,8108.01,CARD,INSUFFICIENT_FUNDS,1,38.0,ESCALATE,SUCCESS,8108.01,2026-08-14 21:41:33.043570
SIM-TXN-01080,CUST-0395,Rohan Deshmukh,84.69,4818.3,CARD,INSUFFICIENT_FUNDS,1,43.0,ESCALATE,SUCCESS,4818.3,2026-08-09 08:40:33.043570
SIM-TXN-01081,CUST-0317,Aditya More,77.64,1846.56,NETBANKING,UNKNOWN,0,35.0,ESCALATE,FAILED,0.0,2026-08-08 18:36:33.043570
SIM-TXN-01082,CUST-0083,Amit Joshi,91.24,1845.66,UPI,BANK_TIMEOUT,1,83.0,RETRY,SUCCESS,1845.66,2026-08-21 20:32:33.043570
SIM-TXN-01083,CUST-0134,Sneha Kulkarni,66.4,1886.9,CARD,BANK_ERROR,2,45.0,STOP,NOT_ATTEMPTED,0.0,2026-08-03 08:51:33.043570
SIM-TXN-01084,CUST-0341,Rahul Sharma,73.14,12853.85,NETBANKING,BANK_ERROR,0,70.0,RETRY,SUCCESS,12853.85,2026-08-26 08:38:33.043570
SIM-TXN-01085,CUST-0500,Ananya Kulkarni,60.86,3312.8,NETBANKING,BANK_TIMEOUT,0,83.0,RETRY,FAILED,0.0,2026-08-20 04:51:33.043570
SIM-TXN-01086,CUST-0477,Aditya More,77.73,3442.78,CARD,BANK_ERROR,1,65.0,NOTIFY,FAILED,0.0,2026-08-08 21:25:33.043570
SIM-TXN-01087,CUST-0003,Amit Joshi,84.03,5564.86,NETBANKING,UNKNOWN,2,15.0,STOP,NOT_ATTEMPTED,0.0,2026-08-15 05:47:33.043570
SIM-TXN-01088,CUST-0243,Amit Joshi,80.38,2954.34,CARD,UNKNOWN,2,15.0,STOP,NOT_ATTEMPTED,0.0,2026-08-21 21:51:33.043570
SIM-TXN-01089,CUST-0174,Sneha Kulkarni,61.34,1983.79,WALLET,INSUFFICIENT_FUNDS,0,43.0,ESCALATE,SUCCESS,1983.79,2026-08-26 20:45:33.043570
SIM-TXN-01090,CUST-0060,Ananya Kulkarni,81.13,2085.83,WALLET,BANK_ERROR,2,50.0,STOP,NOT_ATTEMPTED,0.0,2026-08-11 19:39:33.043570
SIM-TXN-01091,CUST-0229,Kunal Patil,87.75,2304.73,NETBANKING,BANK_ERROR,0,75.0,RETRY,SUCCESS,2304.73,2026-08-10 16:07:33.043570
SIM-TXN-01092,CUST-0299,Kunal Patil,96.13,2369.0,NETBANKING,AUTH_FAILED,0,52.0,NOTIFY,SUCCESS,2369.0,2026-08-26 07:03:33.043570
SIM-TXN-01093,CUST-0435,Rohan Deshmukh,66.62,4368.19,UPI,BANK_ERROR,2,45.0,STOP,NOT_ATTEMPTED,0.0,2026-08-19 17:46:33.043570
SIM-TXN-01094,CUST-0100,Ananya Kulkarni,75.54,2544.16,UPI,BANK_ERROR,2,45.0,STOP,NOT_ATTEMPTED,0.0,2026-08-18 05:20:33.043570
SIM-TXN-01095,CUST-0204,Sneha Kulkarni,82.57,4385.73,WALLET,BANK_TIMEOUT,1,83.0,RETRY,SUCCESS,4385.73,2026-08-02 08:16:33.043570
SIM-TXN-01096,CUST-0146,Neha Shah,48.88,2287.98,NETBANKING,BANK_ERROR,1,60.0,NOTIFY,FAILED,0.0,2026-08-05 18:38:33.043570
SIM-TXN-01097,CUST-0111,Rahul Sharma,67.36,2599.07,WALLET,INSUFFICIENT_FUNDS,2,18.0,STOP,NOT_ATTEMPTED,0.0,2026-08-20 16:55:33.043570
SIM-TXN-01098,CUST-0412,Priya Patil,96.36,493.46,CARD,BANK_ERROR,2,50.0,STOP,NOT_ATTEMPTED,0.0,2026-08-21 01:54:33.043570
SIM-TXN-01099,CUST-0374,Sneha Kulkarni,60.76,5079.98,CARD,UNKNOWN,2,10.0,STOP,NOT_ATTEMPTED,0.0,2026-08-29 00:04:33.043570
SIM-TXN-01100,CUST-0045,Rohan Deshmukh,52.57,3220.17,NETBANKING,BANK_TIMEOUT,1,73.0,RETRY,FAILED,0.0,2026-08-25 16:44:33.043570
SIM-TXN-01101,CUST-0172,Priya Patil,75.87,5423.02,WALLET,BANK_TIMEOUT,0,83.0,RETRY,SUCCESS,5423.02,2026-08-30 20:42:33.043570
SIM-TXN-01102,CUST-0469,Kunal Patil,66.73,240.57,CARD,BANK_TIMEOUT,2,58.0,STOP,NOT_ATTEMPTED,0.0,2026-08-22 19:43:33.043570
SIM-TXN-01103,CUST-0364,Sneha Kulkarni,51.05,12973.96,CARD,AUTH_FAILED,0,42.0,ESCALATE,SUCCESS,12973.96,2026-08-19 03:57:33.043570
SIM-TXN-01104,CUST-0149,Kunal Patil,91.6,2182.72,UPI,AUTH_FAILED,1,47.0,ESCALATE,FAILED,0.0,2026-08-15 14:55:33.043570
SIM-TXN-01105,CUST-0253,Amit Joshi,59.55,5922.69,WALLET,AUTH_FAILED,0,42.0,ESCALATE,SUCCESS,5922.69,2026-08-01 21:38:33.043570
SIM-TXN-01106,CUST-0079,Kunal Patil,88.25,1062.18,WALLET,BANK_TIMEOUT,0,88.0,RETRY,SUCCESS,1062.18,2026-08-14 21:11:33.043570
SIM-TXN-01107,CUST-0214,Sneha Kulkarni,67.28,3984.71,CARD,BANK_TIMEOUT,0,83.0,RETRY,SUCCESS,3984.71,2026-08-14 09:45:33.043570
SIM-TXN-01108,CUST-0253,Amit Joshi,59.55,1050.76,UPI,UNKNOWN,2,5.0,STOP,NOT_ATTEMPTED,0.0,2026-08-18 06:06:33.043570
SIM-TXN-01109,CUST-0298,Pooja Jadhav,86.22,1481.76,WALLET,BANK_ERROR,1,70.0,RETRY,SUCCESS,1481.76,2026-08-23 10:55:33.043570
SIM-TXN-01110,CUST-0499,Kunal Patil,95.1,11284.95,UPI,INSUFFICIENT_FUNDS,1,43.0,ESCALATE,FAILED,0.0,2026-08-27 23:18:33.043570
SIM-TXN-01111,CUST-0009,Kunal Patil,67.23,2095.3,CARD,INSUFFICIENT_FUNDS,2,18.0,STOP,NOT_ATTEMPTED,0.0,2026-08-04 10:52:33.043570
SIM-TXN-01112,CUST-0075,Rohan Deshmukh,91.57,2904.3,CARD,BANK_ERROR,1,70.0,RETRY,SUCCESS,2904.3,2026-08-14 04:47:33.043570
SIM-TXN-01113,CUST-0185,Rohan Deshmukh,87.52,4895.41,NETBANKING,BANK_ERROR,0,75.0,RETRY,SUCCESS,4895.41,2026-08-25 21:26:33.043570
SIM-TXN-01114,CUST-0328,Pooja Jadhav,87.29,3628.39,CARD,UNKNOWN,2,15.0,STOP,NOT_ATTEMPTED,0.0,2026-08-10 03:07:33.043570
SIM-TXN-01115,CUST-0392,Priya Patil,93.15,2752.69,CARD,BANK_TIMEOUT,2,63.0,STOP,NOT_ATTEMPTED,0.0,2026-08-16 11:20:33.043570
SIM-TXN-01116,CUST-0447,Aditya More,85.95,3268.12,NETBANKING,BANK_ERROR,1,70.0,RETRY,SUCCESS,3268.12,2026-08-18 06:56:33.043570
SIM-TXN-01117,CUST-0050,Ananya Kulkarni,97.86,16692.8,NETBANKING,AUTH_FAILED,0,52.0,NOTIFY,SUCCESS,16692.8,2026-08-25 08:56:33.043570
SIM-TXN-01118,CUST-0145,Rohan Deshmukh,97.92,2330.66,WALLET,BANK_ERROR,1,70.0,RETRY,SUCCESS,2330.66,2026-08-09 05:02:33.043570
SIM-TXN-01119,CUST-0053,Amit Joshi,53.1,2866.59,CARD,BANK_TIMEOUT,0,78.0,RETRY,SUCCESS,2866.59,2026-08-27 05:10:33.043570
SIM-TXN-01120,CUST-0315,Rohan Deshmukh,54.34,5656.29,UPI,INSUFFICIENT_FUNDS,1,33.0,ESCALATE,FAILED,0.0,2026-08-05 06:24:33.043570
SIM-TXN-01121,CUST-0060,Ananya Kulkarni,81.13,5910.12,UPI,INSUFFICIENT_FUNDS,1,43.0,ESCALATE,SUCCESS,5910.12,2026-08-18 06:59:33.043570
SIM-TXN-01122,CUST-0072,Priya Patil,93.68,6308.32,NETBANKING,INSUFFICIENT_FUNDS,0,48.0,ESCALATE,FAILED,0.0,2026-08-03 02:22:33.043570
SIM-TXN-01123,CUST-0382,Priya Patil,48.98,4068.31,CARD,INSUFFICIENT_FUNDS,0,38.0,ESCALATE,FAILED,0.0,2026-08-08 06:27:33.043570
SIM-TXN-01124,CUST-0353,Amit Joshi,57.06,978.08,CARD,BANK_TIMEOUT,0,78.0,RETRY,SUCCESS,978.08,2026-08-05 08:49:33.043570
SIM-TXN-01125,CUST-0218,Pooja Jadhav,61.11,9015.9,UPI,INSUFFICIENT_FUNDS,0,43.0,ESCALATE,SUCCESS,9015.9,2026-08-23 19:54:33.043570
SIM-TXN-01126,CUST-0388,Pooja Jadhav,93.97,975.47,CARD,BANK_ERROR,0,75.0,RETRY,SUCCESS,975.47,2026-08-25 03:49:33.043570
SIM-TXN-01127,CUST-0304,Sneha Kulkarni,57.87,3109.16,UPI,BANK_TIMEOUT,1,73.0,RETRY,SUCCESS,3109.16,2026-08-15 12:26:33.043570
SIM-TXN-01128,CUST-0342,Priya Patil,97.82,1334.86,UPI,BANK_TIMEOUT,0,88.0,RETRY,FAILED,0.0,2026-08-11 03:19:33.043570
SIM-TXN-01129,CUST-0301,Rahul Sharma,75.52,2318.53,CARD,UNKNOWN,2,10.0,STOP,NOT_ATTEMPTED,0.0,2026-08-17 18:56:33.043570
SIM-TXN-01130,CUST-0015,Rohan Deshmukh,50.42,3174.83,NETBANKING,BANK_TIMEOUT,2,53.0,STOP,NOT_ATTEMPTED,0.0,2026-08-17 14:53:33.043570
SIM-TXN-01131,CUST-0181,Rahul Sharma,90.82,3156.08,CARD,BANK_TIMEOUT,2,63.0,STOP,NOT_ATTEMPTED,0.0,2026-08-27 17:48:33.043570
SIM-TXN-01132,CUST-0035,Rohan Deshmukh,59.31,3420.48,UPI,BANK_TIMEOUT,2,53.0,STOP,NOT_ATTEMPTED,0.0,2026-08-11 15:59:33.043570
SIM-TXN-01133,CUST-0367,Aditya More,53.04,8874.78,NETBANKING,BANK_TIMEOUT,0,78.0,RETRY,FAILED,0.0,2026-08-26 05:39:33.043570
SIM-TXN-01134,CUST-0003,Amit Joshi,84.03,3508.09,UPI,UNKNOWN,0,40.0,ESCALATE,FAILED,0.0,2026-08-23 09:28:33.043570
SIM-TXN-01135,CUST-0188,Pooja Jadhav,90.51,2007.56,CARD,INSUFFICIENT_FUNDS,1,43.0,ESCALATE,FAILED,0.0,2026-08-06 16:11:33.043570
SIM-TXN-01136,CUST-0093,Amit Joshi,45.38,5277.83,WALLET,INSUFFICIENT_FUNDS,1,33.0,ESCALATE,SUCCESS,5277.83,2026-08-12 03:30:33.043570
SIM-TXN-01137,CUST-0209,Kunal Patil,78.03,6320.64,NETBANKING,BANK_TIMEOUT,0,83.0,RETRY,SUCCESS,6320.64,2026-08-25 10:38:33.043570
SIM-TXN-01138,CUST-0070,Ananya Kulkarni,64.82,914.08,NETBANKING,BANK_ERROR,2,45.0,STOP,NOT_ATTEMPTED,0.0,2026-08-14 21:50:33.043570
SIM-TXN-01139,CUST-0286,Neha Shah,69.93,3936.0,UPI,INSUFFICIENT_FUNDS,1,38.0,ESCALATE,FAILED,0.0,2026-08-19 07:15:33.043570
SIM-TXN-01140,CUST-0146,Neha Shah,48.88,4276.71,NETBANKING,BANK_ERROR,2,40.0,STOP,NOT_ATTEMPTED,0.0,2026-08-21 23:53:33.043570
SIM-TXN-01141,CUST-0116,Neha Shah,94.1,1923.59,NETBANKING,AUTH_FAILED,1,47.0,ESCALATE,SUCCESS,1923.59,2026-08-04 22:59:33.043570
SIM-TXN-01142,CUST-0459,Kunal Patil,90.37,7336.12,WALLET,INSUFFICIENT_FUNDS,2,23.0,STOP,NOT_ATTEMPTED,0.0,2026-08-18 12:18:33.043570
SIM-TXN-01143,CUST-0092,Priya Patil,57.2,2164.52,WALLET,BANK_TIMEOUT,2,53.0,STOP,NOT_ATTEMPTED,0.0,2026-08-06 13:50:33.043570
SIM-TXN-01144,CUST-0203,Amit Joshi,55.07,2698.53,UPI,BANK_ERROR,0,65.0,NOTIFY,SUCCESS,2698.53,2026-08-20 00:33:33.043570
SIM-TXN-01145,CUST-0356,Neha Shah,96.64,2125.03,UPI,AUTH_FAILED,2,27.0,STOP,NOT_ATTEMPTED,0.0,2026-08-09 11:15:33.043570
SIM-TXN-01146,CUST-0034,Sneha Kulkarni,53.66,2471.21,CARD,BANK_ERROR,1,60.0,NOTIFY,SUCCESS,2471.21,2026-08-20 04:33:33.043570
SIM-TXN-01147,CUST-0063,Amit Joshi,53.38,1015.34,WALLET,BANK_TIMEOUT,2,53.0,STOP,NOT_ATTEMPTED,0.0,2026-08-24 12:07:33.043570
SIM-TXN-01148,CUST-0143,Amit Joshi,69.23,771.21,NETBANKING,INSUFFICIENT_FUNDS,2,18.0,STOP,NOT_ATTEMPTED,0.0,2026-08-20 00:07:33.043570
SIM-TXN-01149,CUST-0183,Amit Joshi,54.51,8739.46,WALLET,BANK_ERROR,1,60.0,NOTIFY,SUCCESS,8739.46,2026-08-08 11:56:33.043570
SIM-TXN-01150,CUST-0394,Sneha Kulkarni,87.01,1239.46,UPI,BANK_ERROR,1,70.0,RETRY,SUCCESS,1239.46,2026-08-12 07:05:33.043570
SIM-TXN-01151,CUST-0322,Priya Patil,59.78,1104.21,UPI,UNKNOWN,0,30.0,ESCALATE,FAILED,0.0,2026-08-04 21:29:33.043570
SIM-TXN-01152,CUST-0256,Neha Shah,92.33,435.85,CARD,AUTH_FAILED,1,47.0,ESCALATE,FAILED,0.0,2026-08-16 16:05:33.043570
SIM-TXN-01153,CUST-0079,Kunal Patil,88.25,1463.86,UPI,BANK_ERROR,0,75.0,RETRY,SUCCESS,1463.86,2026-08-25 10:53:33.043570
SIM-TXN-01154,CUST-0393,Amit Joshi,48.78,846.85,WALLET,BANK_ERROR,0,65.0,NOTIFY,SUCCESS,846.85,2026-08-24 10:48:33.043570
SIM-TXN-01155,CUST-0252,Priya Patil,70.68,9078.03,NETBANKING,AUTH_FAILED,2,22.0,STOP,NOT_ATTEMPTED,0.0,2026-08-26 16:01:33.043570
SIM-TXN-01156,CUST-0010,Ananya Kulkarni,76.23,5474.49,UPI,UNKNOWN,1,30.0,ESCALATE,FAILED,0.0,2026-08-07 05:05:33.043570
SIM-TXN-01157,CUST-0197,Aditya More,51.11,1407.37,WALLET,BANK_ERROR,1,60.0,NOTIFY,SUCCESS,1407.37,2026-08-03 06:51:33.043570
SIM-TXN-01158,CUST-0091,Rahul Sharma,46.11,14793.58,NETBANKING,AUTH_FAILED,2,17.0,STOP,NOT_ATTEMPTED,0.0,2026-08-09 06:15:33.043570
SIM-TXN-01159,CUST-0252,Priya Patil,70.68,5353.0,NETBANKING,BANK_ERROR,2,45.0,STOP,NOT_ATTEMPTED,0.0,2026-08-19 11:56:33.043570
SIM-TXN-01160,CUST-0250,Ananya Kulkarni,89.51,1882.08,WALLET,INSUFFICIENT_FUNDS,2,23.0,STOP,NOT_ATTEMPTED,0.0,2026-08-26 23:50:33.043570
SIM-TXN-01161,CUST-0351,Rahul Sharma,76.63,330.46,WALLET,AUTH_FAILED,1,42.0,ESCALATE,FAILED,0.0,2026-08-08 21:41:33.043570
SIM-TXN-01162,CUST-0260,Ananya Kulkarni,66.99,15256.4,NETBANKING,BANK_TIMEOUT,1,78.0,RETRY,SUCCESS,15256.4,2026-08-18 23:37:33.043570
SIM-TXN-01163,CUST-0316,Neha Shah,96.17,802.99,NETBANKING,AUTH_FAILED,1,47.0,ESCALATE,SUCCESS,802.99,2026-08-28 15:54:33.043570
SIM-TXN-01164,CUST-0024,Sneha Kulkarni,47.43,654.38,NETBANKING,BANK_TIMEOUT,1,73.0,RETRY,SUCCESS,654.38,2026-08-28 08:48:33.043570
SIM-TXN-01165,CUST-0014,Sneha Kulkarni,95.73,5530.63,NETBANKING,INSUFFICIENT_FUNDS,1,43.0,ESCALATE,SUCCESS,5530.63,2026-08-17 11:57:33.043570
SIM-TXN-01166,CUST-0183,Amit Joshi,54.51,17185.17,UPI,BANK_ERROR,2,40.0,STOP,NOT_ATTEMPTED,0.0,2026-08-12 21:43:33.043570
SIM-TXN-01167,CUST-0127,Aditya More,48.23,7386.57,NETBANKING,BANK_TIMEOUT,2,53.0,STOP,NOT_ATTEMPTED,0.0,2026-08-05 15:44:33.043570
SIM-TXN-01168,CUST-0467,Aditya More,50.28,3831.94,NETBANKING,INSUFFICIENT_FUNDS,0,38.0,ESCALATE,SUCCESS,3831.94,2026-08-02 16:29:33.043570
SIM-TXN-01169,CUST-0276,Neha Shah,73.31,3927.68,WALLET,BANK_ERROR,2,45.0,STOP,NOT_ATTEMPTED,0.0,2026-08-21 00:25:33.043570
SIM-TXN-01170,CUST-0291,Rahul Sharma,55.57,4830.63,WALLET,AUTH_FAILED,1,37.0,ESCALATE,SUCCESS,4830.63,2026-08-23 04:00:33.043570
SIM-TXN-01171,CUST-0302,Priya Patil,66.02,4478.95,NETBANKING,BANK_TIMEOUT,1,78.0,RETRY,SUCCESS,4478.95,2026-08-16 11:08:33.043570
SIM-TXN-01172,CUST-0294,Sneha Kulkarni,74.89,3056.28,WALLET,BANK_TIMEOUT,0,83.0,RETRY,SUCCESS,3056.28,2026-08-11 03:52:33.043570
SIM-TXN-01173,CUST-0173,Amit Joshi,67.78,2652.77,NETBANKING,BANK_ERROR,0,70.0,RETRY,SUCCESS,2652.77,2026-08-18 07:49:33.043570
SIM-TXN-01174,CUST-0497,Aditya More,92.76,2321.4,WALLET,BANK_ERROR,2,50.0,STOP,NOT_ATTEMPTED,0.0,2026-08-05 05:14:33.043570
SIM-TXN-01175,CUST-0431,Rahul Sharma,51.44,1335.19,CARD,INSUFFICIENT_FUNDS,1,33.0,ESCALATE,SUCCESS,1335.19,2026-08-15 07:43:33.043570
SIM-TXN-01176,CUST-0294,Sneha Kulkarni,74.89,1949.76,CARD,BANK_ERROR,2,45.0,STOP,NOT_ATTEMPTED,0.0,2026-08-05 23:24:33.043570
SIM-TXN-01177,CUST-0368,Pooja Jadhav,95.3,629.95,UPI,INSUFFICIENT_FUNDS,2,23.0,STOP,NOT_ATTEMPTED,0.0,2026-08-17 02:53:33.043570
SIM-TXN-01178,CUST-0140,Ananya Kulkarni,80.5,2255.95,WALLET,BANK_TIMEOUT,1,83.0,RETRY,SUCCESS,2255.95,2026-08-05 06:42:33.043570
SIM-TXN-01179,CUST-0334,Sneha Kulkarni,70.89,1106.69,NETBANKING,INSUFFICIENT_FUNDS,1,38.0,ESCALATE,FAILED,0.0,2026-08-16 01:13:33.043570
SIM-TXN-01180,CUST-0103,Amit Joshi,79.93,1009.42,NETBANKING,BANK_ERROR,2,45.0,STOP,NOT_ATTEMPTED,0.0,2026-08-25 05:53:33.043570
SIM-TXN-01181,CUST-0233,Amit Joshi,69.14,2818.37,CARD,AUTH_FAILED,0,47.0,ESCALATE,FAILED,0.0,2026-08-25 06:49:33.043570
SIM-TXN-01182,CUST-0442,Priya Patil,96.95,7432.38,WALLET,BANK_TIMEOUT,0,88.0,RETRY,SUCCESS,7432.38,2026-08-23 01:22:33.043570
SIM-TXN-01183,CUST-0138,Pooja Jadhav,74.96,5088.07,WALLET,UNKNOWN,2,10.0,STOP,NOT_ATTEMPTED,0.0,2026-08-30 07:33:33.043570
SIM-TXN-01184,CUST-0031,Rahul Sharma,82.2,694.78,NETBANKING,AUTH_FAILED,1,47.0,ESCALATE,SUCCESS,694.78,2026-08-08 15:19:33.043570
SIM-TXN-01185,CUST-0383,Amit Joshi,66.65,1105.77,NETBANKING,INSUFFICIENT_FUNDS,1,38.0,ESCALATE,FAILED,0.0,2026-08-04 17:20:33.043570
SIM-TXN-01186,CUST-0325,Rohan Deshmukh,62.83,5180.29,WALLET,BANK_TIMEOUT,1,78.0,RETRY,SUCCESS,5180.29,2026-08-31 04:37:33.043570
SIM-TXN-01187,CUST-0083,Amit Joshi,91.24,1112.11,CARD,BANK_TIMEOUT,1,83.0,RETRY,SUCCESS,1112.11,2026-08-08 14:45:33.043570
SIM-TXN-01188,CUST-0099,Kunal Patil,83.34,2039.16,NETBANKING,BANK_TIMEOUT,1,83.0,RETRY,SUCCESS,2039.16,2026-08-21 15:20:33.043570
SIM-TXN-01189,CUST-0217,Aditya More,66.52,3789.7,UPI,AUTH_FAILED,0,47.0,ESCALATE,SUCCESS,3789.7,2026-08-07 23:59:33.043570
SIM-TXN-01190,CUST-0015,Rohan Deshmukh,50.42,1124.76,NETBANKING,BANK_TIMEOUT,2,53.0,STOP,NOT_ATTEMPTED,0.0,2026-08-26 20:29:33.043570
SIM-TXN-01191,CUST-0091,Rahul Sharma,46.11,2655.27,UPI,AUTH_FAILED,2,17.0,STOP,NOT_ATTEMPTED,0.0,2026-08-23 21:38:33.043570
SIM-TXN-01192,CUST-0401,Rahul Sharma,47.11,839.48,UPI,BANK_TIMEOUT,1,73.0,RETRY,SUCCESS,839.48,2026-08-04 16:24:33.043570
SIM-TXN-01193,CUST-0462,Priya Patil,65.46,1508.55,NETBANKING,UNKNOWN,2,10.0,STOP,NOT_ATTEMPTED,0.0,2026-08-31 17:03:33.043570
SIM-TXN-01194,CUST-0454,Sneha Kulkarni,73.54,3152.1,CARD,BANK_TIMEOUT,0,83.0,RETRY,SUCCESS,3152.1,2026-08-24 13:22:33.043570
SIM-TXN-01195,CUST-0478,Pooja Jadhav,78.45,682.39,NETBANKING,BANK_TIMEOUT,1,78.0,RETRY,FAILED,0.0,2026-08-12 15:00:33.043570
SIM-TXN-01196,CUST-0308,Pooja Jadhav,73.24,3471.63,NETBANKING,BANK_TIMEOUT,1,78.0,RETRY,SUCCESS,3471.63,2026-08-19 12:53:33.043570
SIM-TXN-01197,CUST-0413,Amit Joshi,63.44,2402.56,CARD,INSUFFICIENT_FUNDS,1,38.0,ESCALATE,SUCCESS,2402.56,2026-08-06 15:38:33.043570
SIM-TXN-01198,CUST-0090,Ananya Kulkarni,56.91,3797.1,NETBANKING,BANK_TIMEOUT,1,73.0,RETRY,SUCCESS,3797.1,2026-08-28 14:50:33.043570
SIM-TXN-01199,CUST-0029,Kunal Patil,53.62,2919.39,NETBANKING,BANK_ERROR,2,40.0,STOP,NOT_ATTEMPTED,0.0,2026-08-06 22:21:33.043570
SIM-TXN-01200,CUST-0163,Amit Joshi,49.89,7268.55,WALLET,AUTH_FAILED,2,17.0,STOP,NOT_ATTEMPTED,0.0,2026-08-13 00:02:33.043570
SIM-TXN-01201,CUST-0494,Sneha Kulkarni,78.81,2697.77,CARD,BANK_TIMEOUT,1,78.0,RETRY,SUCCESS,2697.77,2026-08-18 12:38:33.043570
SIM-TXN-01202,CUST-0421,Rahul Sharma,51.14,1731.04,UPI,BANK_ERROR,2,40.0,STOP,NOT_ATTEMPTED,0.0,2026-08-04 06:41:33.043570
SIM-TXN-01203,CUST-0354,Sneha Kulkarni,61.02,2691.46,CARD,UNKNOWN,1,30.0,ESCALATE,FAILED,0.0,2026-08-15 20:46:33.043570
SIM-TXN-01204,CUST-0328,Pooja Jadhav,87.29,3769.28,NETBANKING,UNKNOWN,2,15.0,STOP,NOT_ATTEMPTED,0.0,2026-08-07 08:16:33.043570
SIM-TXN-01205,CUST-0274,Sneha Kulkarni,83.38,2537.89,WALLET,INSUFFICIENT_FUNDS,1,43.0,ESCALATE,SUCCESS,2537.89,2026-08-19 16:12:33.043570
SIM-TXN-01206,CUST-0475,Rohan Deshmukh,78.22,2521.16,NETBANKING,UNKNOWN,1,30.0,ESCALATE,SUCCESS,2521.16,2026-08-12 12:09:33.043570
SIM-TXN-01207,CUST-0153,Amit Joshi,45.41,1391.87,CARD,BANK_TIMEOUT,1,73.0,RETRY,SUCCESS,1391.87,2026-08-31 02:51:33.043570
SIM-TXN-01208,CUST-0209,Kunal Patil,78.03,1436.09,NETBANKING,INSUFFICIENT_FUNDS,0,43.0,ESCALATE,FAILED,0.0,2026-08-24 04:01:33.043570
SIM-TXN-01209,CUST-0242,Priya Patil,69.19,794.66,NETBANKING,INSUFFICIENT_FUNDS,2,18.0,STOP,NOT_ATTEMPTED,0.0,2026-08-21 00:18:33.043570
SIM-TXN-01210,CUST-0449,Kunal Patil,59.16,9893.78,UPI,UNKNOWN,0,30.0,ESCALATE,FAILED,0.0,2026-08-24 20:01:33.043570
SIM-TXN-01211,CUST-0034,Sneha Kulkarni,53.66,902.27,NETBANKING,BANK_ERROR,1,60.0,NOTIFY,FAILED,0.0,2026-08-04 03:52:33.043570
SIM-TXN-01212,CUST-0329,Kunal Patil,59.82,1402.03,WALLET,AUTH_FAILED,2,17.0,STOP,NOT_ATTEMPTED,0.0,2026-08-07 23:36:33.043570
SIM-TXN-01213,CUST-0002,Priya Patil,57.98,1373.72,NETBANKING,BANK_ERROR,1,60.0,NOTIFY,SUCCESS,1373.72,2026-08-06 20:01:33.043570
SIM-TXN-01214,CUST-0081,Rahul Sharma,79.97,4993.74,CARD,BANK_TIMEOUT,2,58.0,STOP,NOT_ATTEMPTED,0.0,2026-08-20 11:08:33.043570
SIM-TXN-01215,CUST-0406,Neha Shah,97.98,1927.62,WALLET,UNKNOWN,1,35.0,ESCALATE,FAILED,0.0,2026-08-07 20:47:33.043570
SIM-TXN-01216,CUST-0134,Sneha Kulkarni,66.4,6622.27,NETBANKING,BANK_TIMEOUT,1,78.0,RETRY,SUCCESS,6622.27,2026-08-20 15:42:33.043570
SIM-TXN-01217,CUST-0189,Kunal Patil,55.58,1423.97,WALLET,BANK_TIMEOUT,2,53.0,STOP,NOT_ATTEMPTED,0.0,2026-08-12 00:09:33.043570
SIM-TXN-01218,CUST-0011,Rahul Sharma,85.22,3050.91,CARD,UNKNOWN,0,40.0,ESCALATE,FAILED,0.0,2026-08-10 19:31:33.043570
SIM-TXN-01219,CUST-0135,Rohan Deshmukh,58.05,1251.03,CARD,INSUFFICIENT_FUNDS,0,38.0,ESCALATE,FAILED,0.0,2026-08-21 07:26:33.043570
SIM-TXN-01220,CUST-0308,Pooja Jadhav,73.24,13576.82,UPI,BANK_TIMEOUT,1,78.0,RETRY,SUCCESS,13576.82,2026-08-27 14:32:33.043570
SIM-TXN-01221,CUST-0061,Rahul Sharma,84.8,943.81,WALLET,BANK_TIMEOUT,1,83.0,RETRY,SUCCESS,943.81,2026-08-24 06:42:33.043570
SIM-TXN-01222,CUST-0061,Rahul Sharma,84.8,3127.09,CARD,BANK_TIMEOUT,0,88.0,RETRY,FAILED,0.0,2026-08-13 21:43:33.043570
SIM-TXN-01223,CUST-0148,Pooja Jadhav,94.46,4052.23,WALLET,INSUFFICIENT_FUNDS,0,48.0,ESCALATE,FAILED,0.0,2026-08-11 04:38:33.043570
SIM-TXN-01224,CUST-0308,Pooja Jadhav,73.24,3398.33,NETBANKING,BANK_TIMEOUT,2,58.0,STOP,NOT_ATTEMPTED,0.0,2026-08-10 09:48:33.043570
SIM-TXN-01225,CUST-0215,Rohan Deshmukh,80.9,2104.37,CARD,BANK_TIMEOUT,0,88.0,RETRY,SUCCESS,2104.37,2026-08-13 16:55:33.043570
SIM-TXN-01226,CUST-0121,Rahul Sharma,59.06,2199.85,CARD,AUTH_FAILED,1,37.0,ESCALATE,FAILED,0.0,2026-08-31 05:55:33.043570
SIM-TXN-01227,CUST-0235,Rohan Deshmukh,71.2,2527.66,WALLET,BANK_TIMEOUT,0,83.0,RETRY,FAILED,0.0,2026-08-19 21:12:33.043570
SIM-TXN-01228,CUST-0352,Priya Patil,89.13,2169.82,WALLET,BANK_TIMEOUT,2,63.0,STOP,NOT_ATTEMPTED,0.0,2026-08-21 01:18:33.043570
SIM-TXN-01229,CUST-0377,Aditya More,77.31,5276.95,UPI,AUTH_FAILED,0,47.0,ESCALATE,FAILED,0.0,2026-08-04 03:53:33.043570
SIM-TXN-01230,CUST-0171,Rahul Sharma,73.92,14305.77,WALLET,UNKNOWN,1,30.0,ESCALATE,FAILED,0.0,2026-08-29 00:23:33.043570
SIM-TXN-01231,CUST-0364,Sneha Kulkarni,51.05,1562.44,UPI,INSUFFICIENT_FUNDS,0,38.0,ESCALATE,SUCCESS,1562.44,2026-08-29 23:47:33.043570
SIM-TXN-01232,CUST-0196,Neha Shah,62.55,815.79,WALLET,BANK_ERROR,2,45.0,STOP,NOT_ATTEMPTED,0.0,2026-08-18 16:05:33.043570
SIM-TXN-01233,CUST-0068,Pooja Jadhav,89.61,2274.18,UPI,UNKNOWN,2,15.0,STOP,NOT_ATTEMPTED,0.0,2026-08-09 22:53:33.043570
SIM-TXN-01234,CUST-0134,Sneha Kulkarni,66.4,19221.17,WALLET,BANK_TIMEOUT,1,78.0,RETRY,FAILED,0.0,2026-08-07 19:03:33.043570
SIM-TXN-01235,CUST-0046,Neha Shah,58.07,1283.13,WALLET,BANK_ERROR,0,65.0,NOTIFY,SUCCESS,1283.13,2026-08-16 01:08:33.043570
SIM-TXN-01236,CUST-0023,Amit Joshi,75.6,9057.0,WALLET,UNKNOWN,1,30.0,ESCALATE,FAILED,0.0,2026-08-21 08:44:33.043570
SIM-TXN-01237,CUST-0145,Rohan Deshmukh,97.92,9340.93,NETBANKING,UNKNOWN,2,15.0,STOP,NOT_ATTEMPTED,0.0,2026-08-13 19:03:33.043570
SIM-TXN-01238,CUST-0265,Rohan Deshmukh,90.41,1567.33,CARD,BANK_ERROR,1,70.0,RETRY,FAILED,0.0,2026-08-24 03:34:33.043570
SIM-TXN-01239,CUST-0392,Priya Patil,93.15,3847.53,WALLET,UNKNOWN,0,40.0,ESCALATE,SUCCESS,3847.53,2026-08-04 06:34:33.043570
SIM-TXN-01240,CUST-0118,Pooja Jadhav,70.51,8979.66,WALLET,BANK_TIMEOUT,1,78.0,RETRY,SUCCESS,8979.66,2026-08-23 01:12:33.043570
SIM-TXN-01241,CUST-0224,Sneha Kulkarni,79.92,1802.08,WALLET,BANK_TIMEOUT,0,83.0,RETRY,SUCCESS,1802.08,2026-08-27 07:34:33.043570
SIM-TXN-01242,CUST-0249,Kunal Patil,68.85,2073.8,UPI,BANK_ERROR,2,45.0,STOP,NOT_ATTEMPTED,0.0,2026-08-08 12:40:33.043570
SIM-TXN-01243,CUST-0064,Sneha Kulkarni,95.55,1532.5,CARD,BANK_ERROR,1,70.0,RETRY,SUCCESS,1532.5,2026-08-09 10:47:33.043570
SIM-TXN-01244,CUST-0384,Sneha Kulkarni,69.91,1083.76,NETBANKING,AUTH_FAILED,2,22.0,STOP,NOT_ATTEMPTED,0.0,2026-08-28 10:40:33.043570
SIM-TXN-01245,CUST-0109,Kunal Patil,58.18,1451.83,UPI,AUTH_FAILED,2,17.0,STOP,NOT_ATTEMPTED,0.0,2026-08-27 18:25:33.043570
SIM-TXN-01246,CUST-0093,Amit Joshi,45.38,916.76,UPI,BANK_ERROR,0,65.0,NOTIFY,FAILED,0.0,2026-08-06 01:58:33.043570
SIM-TXN-01247,CUST-0455,Rohan Deshmukh,62.62,2508.06,NETBANKING,BANK_ERROR,2,45.0,STOP,NOT_ATTEMPTED,0.0,2026-08-07 08:12:33.043570
SIM-TXN-01248,CUST-0202,Priya Patil,51.13,1318.2,UPI,BANK_ERROR,1,60.0,NOTIFY,SUCCESS,1318.2,2026-08-05 11:30:33.043570
SIM-TXN-01249,CUST-0236,Neha Shah,52.82,2942.54,WALLET,INSUFFICIENT_FUNDS,1,33.0,ESCALATE,FAILED,0.0,2026-08-14 01:08:33.043570
SIM-TXN-01250,CUST-0305,Rohan Deshmukh,90.07,702.95,NETBANKING,AUTH_FAILED,0,52.0,NOTIFY,FAILED,0.0,2026-08-22 09:52:33.043570
SIM-TXN-01251,CUST-0167,Aditya More,53.56,3180.22,CARD,UNKNOWN,0,30.0,ESCALATE,FAILED,0.0,2026-08-31 01:59:33.043570
SIM-TXN-01252,CUST-0145,Rohan Deshmukh,97.92,4754.39,UPI,BANK_ERROR,2,50.0,STOP,NOT_ATTEMPTED,0.0,2026-08-05 00:12:33.043570
SIM-TXN-01253,CUST-0281,Rahul Sharma,65.09,495.22,WALLET,UNKNOWN,0,35.0,ESCALATE,FAILED,0.0,2026-08-09 21:24:33.043570
SIM-TXN-01254,CUST-0123,Amit Joshi,80.08,3291.98,WALLET,UNKNOWN,0,40.0,ESCALATE,SUCCESS,3291.98,2026-08-11 06:24:33.043570
SIM-TXN-01255,CUST-0084,Sneha Kulkarni,96.11,6516.78,WALLET,BANK_ERROR,1,70.0,RETRY,SUCCESS,6516.78,2026-08-31 13:22:33.043570
SIM-TXN-01256,CUST-0079,Kunal Patil,88.25,927.31,WALLET,BANK_TIMEOUT,1,83.0,RETRY,SUCCESS,927.31,2026-08-15 21:40:33.043570
SIM-TXN-01257,CUST-0463,Amit Joshi,71.25,9302.68,CARD,INSUFFICIENT_FUNDS,1,38.0,ESCALATE,FAILED,0.0,2026-08-18 12:19:33.043570
SIM-TXN-01258,CUST-0263,Amit Joshi,65.64,3412.55,WALLET,BANK_TIMEOUT,1,78.0,RETRY,SUCCESS,3412.55,2026-08-27 09:58:33.043570
SIM-TXN-01259,CUST-0308,Pooja Jadhav,73.24,1388.52,WALLET,BANK_ERROR,1,65.0,NOTIFY,SUCCESS,1388.52,2026-08-21 13:07:33.043570
SIM-TXN-01260,CUST-0323,Amit Joshi,57.92,2334.11,UPI,BANK_ERROR,2,40.0,STOP,NOT_ATTEMPTED,0.0,2026-08-17 08:14:33.043570
SIM-TXN-01261,CUST-0499,Kunal Patil,95.1,3814.87,CARD,BANK_ERROR,2,50.0,STOP,NOT_ATTEMPTED,0.0,2026-08-08 20:20:33.043570
SIM-TXN-01262,CUST-0477,Aditya More,77.73,2593.61,UPI,BANK_ERROR,1,65.0,NOTIFY,SUCCESS,2593.61,2026-08-05 09:27:33.043570
SIM-TXN-01263,CUST-0465,Rohan Deshmukh,62.6,3755.61,NETBANKING,INSUFFICIENT_FUNDS,0,43.0,ESCALATE,FAILED,0.0,2026-08-15 11:05:33.043570
SIM-TXN-01264,CUST-0431,Rahul Sharma,51.44,1168.48,WALLET,BANK_TIMEOUT,1,73.0,RETRY,SUCCESS,1168.48,2026-08-26 20:47:33.043570
SIM-TXN-01265,CUST-0040,Ananya Kulkarni,59.19,2794.72,UPI,UNKNOWN,2,5.0,STOP,NOT_ATTEMPTED,0.0,2026-08-21 03:05:33.043570
SIM-TXN-01266,CUST-0212,Priya Patil,62.29,787.63,NETBANKING,BANK_TIMEOUT,1,78.0,RETRY,SUCCESS,787.63,2026-08-05 12:16:33.043570
SIM-TXN-01267,CUST-0394,Sneha Kulkarni,87.01,2232.82,UPI,AUTH_FAILED,2,27.0,STOP,NOT_ATTEMPTED,0.0,2026-08-22 20:33:33.043570
SIM-TXN-01268,CUST-0092,Priya Patil,57.2,1184.26,WALLET,INSUFFICIENT_FUNDS,0,38.0,ESCALATE,SUCCESS,1184.26,2026-08-15 08:04:33.043570
SIM-TXN-01269,CUST-0161,Rahul Sharma,90.2,1355.03,WALLET,AUTH_FAILED,2,27.0,STOP,NOT_ATTEMPTED,0.0,2026-08-22 06:25:33.043570
SIM-TXN-01270,CUST-0320,Ananya Kulkarni,59.22,6560.84,NETBANKING,INSUFFICIENT_FUNDS,0,38.0,ESCALATE,SUCCESS,6560.84,2026-08-05 08:24:33.043570
SIM-TXN-01271,CUST-0383,Amit Joshi,66.65,5843.28,NETBANKING,UNKNOWN,2,10.0,STOP,NOT_ATTEMPTED,0.0,2026-08-06 15:06:33.043570
SIM-TXN-01272,CUST-0223,Amit Joshi,70.08,3973.13,UPI,AUTH_FAILED,1,42.0,ESCALATE,SUCCESS,3973.13,2026-08-09 14:32:33.043570
SIM-TXN-01273,CUST-0336,Neha Shah,68.75,1018.56,WALLET,BANK_ERROR,2,45.0,STOP,NOT_ATTEMPTED,0.0,2026-08-29 04:23:33.043570
SIM-TXN-01274,CUST-0372,Priya Patil,56.96,1894.81,NETBANKING,BANK_ERROR,2,40.0,STOP,NOT_ATTEMPTED,0.0,2026-08-19 18:24:33.043570
SIM-TXN-01275,CUST-0412,Priya Patil,96.36,6441.25,CARD,BANK_ERROR,0,75.0,RETRY,SUCCESS,6441.25,2026-08-06 21:12:33.043570
SIM-TXN-01276,CUST-0418,Pooja Jadhav,88.12,2733.6,CARD,BANK_TIMEOUT,0,88.0,RETRY,SUCCESS,2733.6,2026-08-31 07:26:33.043570
SIM-TXN-01277,CUST-0075,Rohan Deshmukh,91.57,15606.83,WALLET,AUTH_FAILED,2,27.0,STOP,NOT_ATTEMPTED,0.0,2026-08-26 07:14:33.043570
SIM-TXN-01278,CUST-0098,Pooja Jadhav,56.35,3343.1,WALLET,BANK_TIMEOUT,0,78.0,RETRY,SUCCESS,3343.1,2026-08-02 18:47:33.043570
SIM-TXN-01279,CUST-0060,Ananya Kulkarni,81.13,2845.91,CARD,BANK_TIMEOUT,2,63.0,STOP,NOT_ATTEMPTED,0.0,2026-08-22 01:18:33.043570
SIM-TXN-01280,CUST-0494,Sneha Kulkarni,78.81,1905.89,UPI,BANK_ERROR,1,65.0,NOTIFY,SUCCESS,1905.89,2026-08-10 22:52:33.043570
SIM-TXN-01281,CUST-0151,Rahul Sharma,89.19,2715.78,WALLET,AUTH_FAILED,0,52.0,NOTIFY,SUCCESS,2715.78,2026-08-06 11:06:33.043570
SIM-TXN-01282,CUST-0323,Amit Joshi,57.92,2160.35,WALLET,INSUFFICIENT_FUNDS,1,33.0,ESCALATE,FAILED,0.0,2026-08-28 03:01:33.043570
SIM-TXN-01283,CUST-0306,Neha Shah,87.69,4300.5,NETBANKING,INSUFFICIENT_FUNDS,0,48.0,ESCALATE,FAILED,0.0,2026-08-23 21:55:33.043570
SIM-TXN-01284,CUST-0263,Amit Joshi,65.64,5246.74,WALLET,AUTH_FAILED,0,47.0,ESCALATE,FAILED,0.0,2026-08-25 20:01:33.043570
SIM-TXN-01285,CUST-0010,Ananya Kulkarni,76.23,1301.42,NETBANKING,BANK_ERROR,2,45.0,STOP,NOT_ATTEMPTED,0.0,2026-08-04 16:20:33.043570
SIM-TXN-01286,CUST-0138,Pooja Jadhav,74.96,841.35,WALLET,UNKNOWN,1,30.0,ESCALATE,SUCCESS,841.35,2026-08-30 03:07:33.043570
SIM-TXN-01287,CUST-0481,Rahul Sharma,85.3,561.74,WALLET,AUTH_FAILED,2,27.0,STOP,NOT_ATTEMPTED,0.0,2026-08-21 15:26:33.043570
SIM-TXN-01288,CUST-0011,Rahul Sharma,85.22,3664.3,CARD,BANK_TIMEOUT,1,83.0,RETRY,SUCCESS,3664.3,2026-08-12 08:29:33.043570
SIM-TXN-01289,CUST-0260,Ananya Kulkarni,66.99,1009.6,NETBANKING,BANK_TIMEOUT,2,58.0,STOP,NOT_ATTEMPTED,0.0,2026-08-31 16:32:33.043570
SIM-TXN-01290,CUST-0240,Ananya Kulkarni,69.62,436.02,NETBANKING,BANK_TIMEOUT,2,58.0,STOP,NOT_ATTEMPTED,0.0,2026-08-19 13:21:33.043570
SIM-TXN-01291,CUST-0492,Priya Patil,71.38,3330.45,NETBANKING,BANK_ERROR,1,65.0,NOTIFY,FAILED,0.0,2026-08-09 03:56:33.043570
SIM-TXN-01292,CUST-0319,Kunal Patil,68.09,17933.03,UPI,BANK_TIMEOUT,2,58.0,STOP,NOT_ATTEMPTED,0.0,2026-08-23 18:24:33.043570
SIM-TXN-01293,CUST-0067,Aditya More,91.14,2428.78,CARD,BANK_TIMEOUT,2,63.0,STOP,NOT_ATTEMPTED,0.0,2026-08-24 04:33:33.043570
SIM-TXN-01294,CUST-0052,Priya Patil,85.06,4773.3,WALLET,INSUFFICIENT_FUNDS,1,43.0,ESCALATE,SUCCESS,4773.3,2026-08-27 03:10:33.043570
SIM-TXN-01295,CUST-0025,Rohan Deshmukh,85.97,2605.72,NETBANKING,UNKNOWN,1,35.0,ESCALATE,FAILED,0.0,2026-08-09 00:12:33.043570
SIM-TXN-01296,CUST-0090,Ananya Kulkarni,56.91,2254.96,UPI,INSUFFICIENT_FUNDS,0,38.0,ESCALATE,SUCCESS,2254.96,2026-08-06 23:27:33.043570
SIM-TXN-01297,CUST-0317,Aditya More,77.64,5091.16,CARD,BANK_TIMEOUT,1,78.0,RETRY,SUCCESS,5091.16,2026-08-17 06:41:33.043570
SIM-TXN-01298,CUST-0402,Priya Patil,83.93,1934.84,UPI,BANK_ERROR,2,50.0,STOP,NOT_ATTEMPTED,0.0,2026-08-13 23:08:33.043570
SIM-TXN-01299,CUST-0459,Kunal Patil,90.37,3022.72,UPI,BANK_TIMEOUT,2,63.0,STOP,NOT_ATTEMPTED,0.0,2026-08-04 02:02:33.043570
SIM-TXN-01300,CUST-0475,Rohan Deshmukh,78.22,3156.94,WALLET,UNKNOWN,0,35.0,ESCALATE,FAILED,0.0,2026-08-29 13:52:33.043570
SIM-TXN-01301,CUST-0313,Amit Joshi,78.69,1430.14,UPI,INSUFFICIENT_FUNDS,2,18.0,STOP,NOT_ATTEMPTED,0.0,2026-08-03 16:48:33.043570
SIM-TXN-01302,CUST-0260,Ananya Kulkarni,66.99,5397.19,UPI,BANK_TIMEOUT,0,83.0,RETRY,FAILED,0.0,2026-08-08 22:29:33.043570
SIM-TXN-01303,CUST-0373,Amit Joshi,65.16,2121.83,WALLET,BANK_TIMEOUT,2,58.0,STOP,NOT_ATTEMPTED,0.0,2026-08-24 11:20:33.043570
SIM-TXN-01304,CUST-0376,Neha Shah,75.14,1333.29,CARD,INSUFFICIENT_FUNDS,2,18.0,STOP,NOT_ATTEMPTED,0.0,2026-08-18 08:15:33.043570
SIM-TXN-01305,CUST-0172,Priya Patil,75.87,3748.86,UPI,INSUFFICIENT_FUNDS,0,43.0,ESCALATE,FAILED,0.0,2026-08-20 17:04:33.043570
SIM-TXN-01306,CUST-0394,Sneha Kulkarni,87.01,1189.43,CARD,INSUFFICIENT_FUNDS,1,43.0,ESCALATE,SUCCESS,1189.43,2026-08-24 18:35:33.043570
SIM-TXN-01307,CUST-0088,Pooja Jadhav,68.22,2496.25,NETBANKING,BANK_TIMEOUT,2,58.0,STOP,NOT_ATTEMPTED,0.0,2026-08-20 16:16:33.043570
SIM-TXN-01308,CUST-0185,Rohan Deshmukh,87.52,2422.86,CARD,AUTH_FAILED,0,52.0,NOTIFY,FAILED,0.0,2026-08-25 21:29:33.043570
SIM-TXN-01309,CUST-0216,Neha Shah,77.62,5818.03,CARD,INSUFFICIENT_FUNDS,1,38.0,ESCALATE,FAILED,0.0,2026-08-20 10:02:33.043570
SIM-TXN-01310,CUST-0460,Ananya Kulkarni,47.31,3567.99,NETBANKING,BANK_ERROR,0,65.0,NOTIFY,SUCCESS,3567.99,2026-08-02 05:49:33.043570
SIM-TXN-01311,CUST-0368,Pooja Jadhav,95.3,2392.22,UPI,INSUFFICIENT_FUNDS,0,48.0,ESCALATE,SUCCESS,2392.22,2026-08-20 01:40:33.043570
SIM-TXN-01312,CUST-0396,Neha Shah,93.82,4694.81,UPI,BANK_TIMEOUT,1,83.0,RETRY,SUCCESS,4694.81,2026-08-30 23:37:33.043570
SIM-TXN-01313,CUST-0078,Pooja Jadhav,49.54,7421.72,UPI,UNKNOWN,2,5.0,STOP,NOT_ATTEMPTED,0.0,2026-08-25 10:42:33.043570
SIM-TXN-01314,CUST-0499,Kunal Patil,95.1,3813.29,WALLET,BANK_TIMEOUT,2,63.0,STOP,NOT_ATTEMPTED,0.0,2026-08-26 23:39:33.043570
SIM-TXN-01315,CUST-0448,Pooja Jadhav,63.01,2460.9,NETBANKING,BANK_ERROR,1,65.0,NOTIFY,SUCCESS,2460.9,2026-08-14 12:33:33.043570
SIM-TXN-01316,CUST-0461,Rahul Sharma,82.38,854.51,CARD,AUTH_FAILED,2,27.0,STOP,NOT_ATTEMPTED,0.0,2026-08-20 04:10:33.043570
SIM-TXN-01317,CUST-0229,Kunal Patil,87.75,1040.97,WALLET,AUTH_FAILED,2,27.0,STOP,NOT_ATTEMPTED,0.0,2026-08-17 12:04:33.043570
SIM-TXN-01318,CUST-0455,Rohan Deshmukh,62.62,1911.84,WALLET,INSUFFICIENT_FUNDS,0,43.0,ESCALATE,FAILED,0.0,2026-08-05 15:01:33.043570
SIM-TXN-01319,CUST-0019,Kunal Patil,51.62,1498.76,WALLET,AUTH_FAILED,2,17.0,STOP,NOT_ATTEMPTED,0.0,2026-08-07 12:35:33.043570
SIM-TXN-01320,CUST-0267,Aditya More,94.97,2101.53,NETBANKING,UNKNOWN,0,40.0,ESCALATE,SUCCESS,2101.53,2026-08-26 21:39:33.043570
SIM-TXN-01321,CUST-0160,Ananya Kulkarni,55.79,2553.75,CARD,AUTH_FAILED,0,42.0,ESCALATE,SUCCESS,2553.75,2026-08-26 08:43:33.043570
SIM-TXN-01322,CUST-0304,Sneha Kulkarni,57.87,3728.47,NETBANKING,BANK_TIMEOUT,2,53.0,STOP,NOT_ATTEMPTED,0.0,2026-08-21 00:43:33.043570
SIM-TXN-01323,CUST-0259,Kunal Patil,82.44,2306.76,UPI,BANK_TIMEOUT,1,83.0,RETRY,SUCCESS,2306.76,2026-08-24 21:17:33.043570
SIM-TXN-01324,CUST-0182,Priya Patil,91.72,3601.84,UPI,BANK_TIMEOUT,1,83.0,RETRY,SUCCESS,3601.84,2026-08-02 00:39:33.043570
SIM-TXN-01325,CUST-0233,Amit Joshi,69.14,2569.79,CARD,BANK_ERROR,2,45.0,STOP,NOT_ATTEMPTED,0.0,2026-08-28 06:13:33.043570
SIM-TXN-01326,CUST-0290,Ananya Kulkarni,84.97,502.52,CARD,INSUFFICIENT_FUNDS,1,43.0,ESCALATE,SUCCESS,502.52,2026-08-27 20:34:33.043570
SIM-TXN-01327,CUST-0345,Rohan Deshmukh,57.22,1151.17,WALLET,BANK_TIMEOUT,2,53.0,STOP,NOT_ATTEMPTED,0.0,2026-08-13 01:26:33.043570
SIM-TXN-01328,CUST-0054,Sneha Kulkarni,86.98,2174.88,CARD,BANK_ERROR,1,70.0,RETRY,SUCCESS,2174.88,2026-08-08 11:02:33.043570
SIM-TXN-01329,CUST-0365,Rohan Deshmukh,66.24,927.27,WALLET,BANK_ERROR,0,70.0,RETRY,SUCCESS,927.27,2026-08-21 03:03:33.043570
SIM-TXN-01330,CUST-0455,Rohan Deshmukh,62.62,3943.97,CARD,BANK_TIMEOUT,1,78.0,RETRY,SUCCESS,3943.97,2026-08-25 17:46:33.043570
SIM-TXN-01331,CUST-0207,Aditya More,64.3,8304.9,WALLET,AUTH_FAILED,1,42.0,ESCALATE,FAILED,0.0,2026-08-30 18:09:33.043570
SIM-TXN-01332,CUST-0217,Aditya More,66.52,6470.51,WALLET,UNKNOWN,2,10.0,STOP,NOT_ATTEMPTED,0.0,2026-08-20 18:21:33.043570
SIM-TXN-01333,CUST-0422,Priya Patil,90.84,2057.5,CARD,BANK_TIMEOUT,1,83.0,RETRY,SUCCESS,2057.5,2026-08-07 16:17:33.043570
SIM-TXN-01334,CUST-0496,Neha Shah,92.64,8043.19,UPI,INSUFFICIENT_FUNDS,2,23.0,STOP,NOT_ATTEMPTED,0.0,2026-08-11 11:13:33.043570
SIM-TXN-01335,CUST-0234,Sneha Kulkarni,75.51,2748.84,CARD,BANK_ERROR,2,45.0,STOP,NOT_ATTEMPTED,0.0,2026-08-18 14:22:33.043570
SIM-TXN-01336,CUST-0472,Priya Patil,79.44,1863.72,WALLET,UNKNOWN,0,35.0,ESCALATE,SUCCESS,1863.72,2026-08-27 19:29:33.043570
SIM-TXN-01337,CUST-0149,Kunal Patil,91.6,1494.1,CARD,BANK_TIMEOUT,0,88.0,RETRY,SUCCESS,1494.1,2026-08-18 19:58:33.043570
SIM-TXN-01338,CUST-0156,Neha Shah,59.02,1916.06,UPI,BANK_TIMEOUT,0,78.0,RETRY,SUCCESS,1916.06,2026-08-28 14:59:33.043570
SIM-TXN-01339,CUST-0216,Neha Shah,77.62,1789.08,NETBANKING,BANK_TIMEOUT,1,78.0,RETRY,SUCCESS,1789.08,2026-08-24 00:51:33.043570
SIM-TXN-01340,CUST-0002,Priya Patil,57.98,2797.08,NETBANKING,BANK_TIMEOUT,0,78.0,RETRY,FAILED,0.0,2026-08-20 19:04:33.043570
SIM-TXN-01341,CUST-0247,Aditya More,68.63,2775.15,WALLET,AUTH_FAILED,1,42.0,ESCALATE,FAILED,0.0,2026-08-23 10:02:33.043570
SIM-TXN-01342,CUST-0428,Pooja Jadhav,55.79,2446.56,CARD,INSUFFICIENT_FUNDS,0,38.0,ESCALATE,FAILED,0.0,2026-08-22 18:25:33.043570
SIM-TXN-01343,CUST-0390,Ananya Kulkarni,67.53,3461.82,WALLET,BANK_ERROR,0,70.0,RETRY,FAILED,0.0,2026-08-16 14:11:33.043570
SIM-TXN-01344,CUST-0046,Neha Shah,58.07,6326.59,WALLET,INSUFFICIENT_FUNDS,1,33.0,ESCALATE,SUCCESS,6326.59,2026-08-19 18:50:33.043570
SIM-TXN-01345,CUST-0174,Sneha Kulkarni,61.34,5216.82,WALLET,AUTH_FAILED,2,22.0,STOP,NOT_ATTEMPTED,0.0,2026-08-14 09:56:33.043570
SIM-TXN-01346,CUST-0331,Rahul Sharma,74.46,744.03,CARD,BANK_TIMEOUT,2,58.0,STOP,NOT_ATTEMPTED,0.0,2026-08-02 22:03:33.043570
SIM-TXN-01347,CUST-0293,Amit Joshi,51.69,316.35,NETBANKING,AUTH_FAILED,2,17.0,STOP,NOT_ATTEMPTED,0.0,2026-08-31 03:39:33.043570
SIM-TXN-01348,CUST-0064,Sneha Kulkarni,95.55,5153.63,UPI,AUTH_FAILED,0,52.0,NOTIFY,FAILED,0.0,2026-08-26 10:47:33.043570
SIM-TXN-01349,CUST-0296,Neha Shah,85.65,817.7,CARD,INSUFFICIENT_FUNDS,1,43.0,ESCALATE,FAILED,0.0,2026-08-02 15:21:33.043570
SIM-TXN-01350,CUST-0062,Priya Patil,50.91,2038.94,CARD,AUTH_FAILED,0,42.0,ESCALATE,SUCCESS,2038.94,2026-08-11 03:45:33.043570
SIM-TXN-01351,CUST-0126,Neha Shah,75.7,957.1,WALLET,INSUFFICIENT_FUNDS,0,43.0,ESCALATE,FAILED,0.0,2026-08-29 09:48:33.043570
SIM-TXN-01352,CUST-0165,Rohan Deshmukh,45.19,577.33,UPI,BANK_ERROR,1,60.0,NOTIFY,FAILED,0.0,2026-08-02 20:22:33.043570
SIM-TXN-01353,CUST-0175,Rohan Deshmukh,92.64,3763.75,WALLET,BANK_ERROR,0,75.0,RETRY,FAILED,0.0,2026-08-16 05:37:33.043570
SIM-TXN-01354,CUST-0196,Neha Shah,62.55,4479.76,UPI,BANK_TIMEOUT,0,83.0,RETRY,SUCCESS,4479.76,2026-08-14 18:38:33.043570
SIM-TXN-01355,CUST-0074,Sneha Kulkarni,50.93,1538.85,UPI,BANK_TIMEOUT,0,78.0,RETRY,SUCCESS,1538.85,2026-08-20 07:49:33.043570
SIM-TXN-01356,CUST-0348,Pooja Jadhav,55.15,307.1,NETBANKING,BANK_TIMEOUT,0,78.0,RETRY,SUCCESS,307.1,2026-08-04 10:51:33.043570
SIM-TXN-01357,CUST-0153,Amit Joshi,45.41,1576.57,NETBANKING,BANK_ERROR,0,65.0,NOTIFY,SUCCESS,1576.57,2026-08-16 13:05:33.043570
SIM-TXN-01358,CUST-0133,Amit Joshi,80.79,3339.06,UPI,BANK_ERROR,0,75.0,RETRY,SUCCESS,3339.06,2026-08-28 23:03:33.043570
SIM-TXN-01359,CUST-0301,Rahul Sharma,75.52,747.6,WALLET,BANK_TIMEOUT,0,83.0,RETRY,SUCCESS,747.6,2026-08-16 06:40:33.043570
SIM-TXN-01360,CUST-0238,Pooja Jadhav,86.26,2826.2,UPI,AUTH_FAILED,1,47.0,ESCALATE,SUCCESS,2826.2,2026-08-30 14:57:33.043570
SIM-TXN-01361,CUST-0120,Ananya Kulkarni,65.09,2410.89,UPI,UNKNOWN,1,30.0,ESCALATE,FAILED,0.0,2026-08-28 11:13:33.043570
SIM-TXN-01362,CUST-0346,Neha Shah,61.72,3879.39,CARD,BANK_TIMEOUT,1,78.0,RETRY,SUCCESS,3879.39,2026-08-22 02:05:33.043570
SIM-TXN-01363,CUST-0043,Amit Joshi,56.27,2685.61,CARD,INSUFFICIENT_FUNDS,0,38.0,ESCALATE,SUCCESS,2685.61,2026-08-09 10:40:33.043570
SIM-TXN-01364,CUST-0401,Rahul Sharma,47.11,1120.52,WALLET,BANK_TIMEOUT,2,53.0,STOP,NOT_ATTEMPTED,0.0,2026-08-22 08:23:33.043570
SIM-TXN-01365,CUST-0022,Priya Patil,91.93,6356.65,WALLET,BANK_TIMEOUT,2,63.0,STOP,NOT_ATTEMPTED,0.0,2026-08-14 22:54:33.043570
SIM-TXN-01366,CUST-0335,Rohan Deshmukh,81.6,2149.9,UPI,UNKNOWN,0,40.0,ESCALATE,FAILED,0.0,2026-08-23 17:38:33.043570
SIM-TXN-01367,CUST-0140,Ananya Kulkarni,80.5,2387.87,WALLET,AUTH_FAILED,1,47.0,ESCALATE,FAILED,0.0,2026-08-11 11:21:33.043570
SIM-TXN-01368,CUST-0300,Ananya Kulkarni,75.67,1156.77,NETBANKING,INSUFFICIENT_FUNDS,0,43.0,ESCALATE,SUCCESS,1156.77,2026-08-26 02:20:33.043570
SIM-TXN-01369,CUST-0289,Kunal Patil,86.41,1711.93,UPI,BANK_TIMEOUT,1,83.0,RETRY,SUCCESS,1711.93,2026-08-08 03:30:33.043570
SIM-TXN-01370,CUST-0372,Priya Patil,56.96,1202.5,NETBANKING,AUTH_FAILED,1,37.0,ESCALATE,SUCCESS,1202.5,2026-08-24 18:21:33.043570
SIM-TXN-01371,CUST-0491,Rahul Sharma,77.84,2125.25,NETBANKING,INSUFFICIENT_FUNDS,2,18.0,STOP,NOT_ATTEMPTED,0.0,2026-08-13 16:26:33.043570
SIM-TXN-01372,CUST-0386,Neha Shah,82.26,9598.54,NETBANKING,INSUFFICIENT_FUNDS,0,48.0,ESCALATE,FAILED,0.0,2026-08-16 10:16:33.043570
SIM-TXN-01373,CUST-0175,Rohan Deshmukh,92.64,814.42,NETBANKING,BANK_TIMEOUT,0,88.0,RETRY,FAILED,0.0,2026-08-07 21:01:33.043570
SIM-TXN-01374,CUST-0331,Rahul Sharma,74.46,671.26,WALLET,UNKNOWN,0,35.0,ESCALATE,FAILED,0.0,2026-08-09 16:30:33.043570
SIM-TXN-01375,CUST-0212,Priya Patil,62.29,7918.34,WALLET,AUTH_FAILED,1,42.0,ESCALATE,FAILED,0.0,2026-08-31 07:57:33.043570
SIM-TXN-01376,CUST-0334,Sneha Kulkarni,70.89,2064.29,UPI,BANK_TIMEOUT,2,58.0,STOP,NOT_ATTEMPTED,0.0,2026-08-22 01:13:33.043570
SIM-TXN-01377,CUST-0345,Rohan Deshmukh,57.22,1429.02,WALLET,BANK_TIMEOUT,2,53.0,STOP,NOT_ATTEMPTED,0.0,2026-08-18 01:57:33.043570
SIM-TXN-01378,CUST-0199,Kunal Patil,47.03,5607.86,UPI,BANK_TIMEOUT,0,78.0,RETRY,SUCCESS,5607.86,2026-08-10 13:45:33.043570
SIM-TXN-01379,CUST-0228,Pooja Jadhav,80.66,1503.43,UPI,BANK_TIMEOUT,1,83.0,RETRY,SUCCESS,1503.43,2026-08-18 01:48:33.043570
SIM-TXN-01380,CUST-0099,Kunal Patil,83.34,10517.63,NETBANKING,BANK_TIMEOUT,2,63.0,STOP,NOT_ATTEMPTED,0.0,2026-08-11 20:31:33.043570
SIM-TXN-01381,CUST-0120,Ananya Kulkarni,65.09,4197.9,NETBANKING,UNKNOWN,0,35.0,ESCALATE,SUCCESS,4197.9,2026-08-29 08:54:33.043570
SIM-TXN-01382,CUST-0108,Pooja Jadhav,87.43,1651.88,WALLET,BANK_TIMEOUT,0,88.0,RETRY,FAILED,0.0,2026-08-27 16:34:33.043570
SIM-TXN-01383,CUST-0257,Aditya More,52.33,13709.53,CARD,BANK_ERROR,2,40.0,STOP,NOT_ATTEMPTED,0.0,2026-08-27 12:52:33.043570
SIM-TXN-01384,CUST-0345,Rohan Deshmukh,57.22,1503.32,CARD,INSUFFICIENT_FUNDS,0,38.0,ESCALATE,FAILED,0.0,2026-08-04 18:01:33.043570
SIM-TXN-01385,CUST-0066,Neha Shah,71.91,4419.03,CARD,BANK_TIMEOUT,2,58.0,STOP,NOT_ATTEMPTED,0.0,2026-08-14 06:36:33.043570
SIM-TXN-01386,CUST-0099,Kunal Patil,83.34,3100.86,UPI,INSUFFICIENT_FUNDS,2,23.0,STOP,NOT_ATTEMPTED,0.0,2026-08-26 01:04:33.043570
SIM-TXN-01387,CUST-0315,Rohan Deshmukh,54.34,6914.62,WALLET,BANK_TIMEOUT,0,78.0,RETRY,FAILED,0.0,2026-08-30 23:04:33.043570
SIM-TXN-01388,CUST-0345,Rohan Deshmukh,57.22,8511.8,UPI,UNKNOWN,1,25.0,ESCALATE,FAILED,0.0,2026-08-20 07:23:33.043570
SIM-TXN-01389,CUST-0141,Rahul Sharma,57.65,2503.9,WALLET,BANK_TIMEOUT,1,73.0,RETRY,SUCCESS,2503.9,2026-08-03 18:26:33.043570
SIM-TXN-01390,CUST-0453,Amit Joshi,90.86,1335.77,UPI,INSUFFICIENT_FUNDS,1,43.0,ESCALATE,FAILED,0.0,2026-08-26 00:30:33.043570
SIM-TXN-01391,CUST-0230,Ananya Kulkarni,46.29,3526.21,WALLET,BANK_ERROR,0,65.0,NOTIFY,SUCCESS,3526.21,2026-08-27 19:32:33.043570
SIM-TXN-01392,CUST-0414,Sneha Kulkarni,62.02,1419.17,CARD,BANK_TIMEOUT,2,58.0,STOP,NOT_ATTEMPTED,0.0,2026-08-21 01:53:33.043570
SIM-TXN-01393,CUST-0491,Rahul Sharma,77.84,12218.54,CARD,BANK_TIMEOUT,0,83.0,RETRY,SUCCESS,12218.54,2026-08-15 22:26:33.043570
SIM-TXN-01394,CUST-0033,Amit Joshi,73.31,2722.29,UPI,AUTH_FAILED,0,47.0,ESCALATE,FAILED,0.0,2026-08-02 21:12:33.043570
SIM-TXN-01395,CUST-0304,Sneha Kulkarni,57.87,1822.1,NETBANKING,INSUFFICIENT_FUNDS,1,33.0,ESCALATE,SUCCESS,1822.1,2026-08-23 08:14:33.043570
SIM-TXN-01396,CUST-0123,Amit Joshi,80.08,2829.19,UPI,UNKNOWN,1,35.0,ESCALATE,FAILED,0.0,2026-08-12 13:33:33.043570
SIM-TXN-01397,CUST-0484,Sneha Kulkarni,62.19,830.73,WALLET,BANK_TIMEOUT,0,83.0,RETRY,SUCCESS,830.73,2026-08-28 03:19:33.043570
SIM-TXN-01398,CUST-0064,Sneha Kulkarni,95.55,1121.82,UPI,BANK_TIMEOUT,0,88.0,RETRY,SUCCESS,1121.82,2026-08-04 17:59:33.043570
SIM-TXN-01399,CUST-0401,Rahul Sharma,47.11,6376.22,WALLET,BANK_TIMEOUT,0,78.0,RETRY,SUCCESS,6376.22,2026-08-30 06:55:33.043570
SIM-TXN-01400,CUST-0222,Priya Patil,80.81,1443.01,UPI,BANK_TIMEOUT,2,63.0,STOP,NOT_ATTEMPTED,0.0,2026-08-04 03:59:33.043570
SIM-TXN-01401,CUST-0151,Rahul Sharma,89.19,1056.24,WALLET,INSUFFICIENT_FUNDS,0,48.0,ESCALATE,FAILED,0.0,2026-08-20 12:00:33.043570
SIM-TXN-01402,CUST-0120,Ananya Kulkarni,65.09,3749.29,UPI,INSUFFICIENT_FUNDS,1,38.0,ESCALATE,SUCCESS,3749.29,2026-08-21 06:34:33.043570
SIM-TXN-01403,CUST-0451,Rahul Sharma,89.39,6301.63,UPI,AUTH_FAILED,1,47.0,ESCALATE,FAILED,0.0,2026-08-02 23:20:33.043570
SIM-TXN-01404,CUST-0233,Amit Joshi,69.14,4337.97,CARD,AUTH_FAILED,0,47.0,ESCALATE,SUCCESS,4337.97,2026-08-28 21:03:33.043570
SIM-TXN-01405,CUST-0366,Neha Shah,75.58,5414.51,CARD,BANK_TIMEOUT,2,58.0,STOP,NOT_ATTEMPTED,0.0,2026-08-07 12:34:33.043570
SIM-TXN-01406,CUST-0327,Aditya More,70.84,1332.17,NETBANKING,AUTH_FAILED,1,42.0,ESCALATE,FAILED,0.0,2026-08-30 01:06:33.043570
SIM-TXN-01407,CUST-0228,Pooja Jadhav,80.66,782.55,CARD,BANK_TIMEOUT,0,88.0,RETRY,SUCCESS,782.55,2026-08-15 23:23:33.043570
SIM-TXN-01408,CUST-0300,Ananya Kulkarni,75.67,8111.73,NETBANKING,BANK_ERROR,1,65.0,NOTIFY,SUCCESS,8111.73,2026-08-26 10:02:33.043570
SIM-TXN-01409,CUST-0398,Pooja Jadhav,82.09,1885.33,WALLET,BANK_TIMEOUT,1,83.0,RETRY,SUCCESS,1885.33,2026-08-15 00:53:33.043570
SIM-TXN-01410,CUST-0189,Kunal Patil,55.58,1996.86,CARD,UNKNOWN,0,30.0,ESCALATE,SUCCESS,1996.86,2026-08-27 06:02:33.043570
SIM-TXN-01411,CUST-0440,Ananya Kulkarni,71.97,7062.51,NETBANKING,BANK_TIMEOUT,0,83.0,RETRY,FAILED,0.0,2026-08-30 22:37:33.043570
SIM-TXN-01412,CUST-0466,Neha Shah,91.33,3808.47,UPI,BANK_TIMEOUT,1,83.0,RETRY,SUCCESS,3808.47,2026-08-23 10:35:33.043570
SIM-TXN-01413,CUST-0356,Neha Shah,96.64,3514.7,WALLET,INSUFFICIENT_FUNDS,2,23.0,STOP,NOT_ATTEMPTED,0.0,2026-08-16 20:39:33.043570
SIM-TXN-01414,CUST-0437,Aditya More,69.46,13794.18,NETBANKING,AUTH_FAILED,2,22.0,STOP,NOT_ATTEMPTED,0.0,2026-08-15 10:14:33.043570
SIM-TXN-01415,CUST-0215,Rohan Deshmukh,80.9,1458.53,UPI,BANK_ERROR,1,70.0,RETRY,FAILED,0.0,2026-08-03 17:03:33.043570
SIM-TXN-01416,CUST-0254,Sneha Kulkarni,82.82,5126.98,UPI,BANK_TIMEOUT,2,63.0,STOP,NOT_ATTEMPTED,0.0,2026-08-11 22:34:33.043570
SIM-TXN-01417,CUST-0355,Rohan Deshmukh,51.71,2554.5,CARD,BANK_TIMEOUT,0,78.0,RETRY,SUCCESS,2554.5,2026-08-16 21:04:33.043570
SIM-TXN-01418,CUST-0414,Sneha Kulkarni,62.02,3025.63,CARD,INSUFFICIENT_FUNDS,1,38.0,ESCALATE,SUCCESS,3025.63,2026-08-02 02:18:33.043570
SIM-TXN-01419,CUST-0186,Neha Shah,59.14,8289.75,NETBANKING,BANK_TIMEOUT,0,78.0,RETRY,SUCCESS,8289.75,2026-08-08 06:30:33.043570
SIM-TXN-01420,CUST-0149,Kunal Patil,91.6,3663.85,NETBANKING,BANK_ERROR,0,75.0,RETRY,FAILED,0.0,2026-08-10 20:27:33.043570
SIM-TXN-01421,CUST-0102,Priya Patil,55.09,3754.22,CARD,BANK_TIMEOUT,1,73.0,RETRY,SUCCESS,3754.22,2026-08-17 06:08:33.043570
SIM-TXN-01422,CUST-0434,Sneha Kulkarni,74.19,5756.04,CARD,AUTH_FAILED,0,47.0,ESCALATE,SUCCESS,5756.04,2026-08-13 16:54:33.043570
SIM-TXN-01423,CUST-0467,Aditya More,50.28,1822.63,CARD,BANK_TIMEOUT,1,73.0,RETRY,SUCCESS,1822.63,2026-08-06 20:10:33.043570
SIM-TXN-01424,CUST-0174,Sneha Kulkarni,61.34,1247.17,NETBANKING,UNKNOWN,1,30.0,ESCALATE,SUCCESS,1247.17,2026-08-18 17:40:33.043570
SIM-TXN-01425,CUST-0339,Kunal Patil,61.23,1058.02,WALLET,BANK_TIMEOUT,2,58.0,STOP,NOT_ATTEMPTED,0.0,2026-08-04 18:22:33.043570
SIM-TXN-01426,CUST-0061,Rahul Sharma,84.8,506.19,CARD,BANK_TIMEOUT,0,88.0,RETRY,SUCCESS,506.19,2026-08-19 00:03:33.043570
SIM-TXN-01427,CUST-0356,Neha Shah,96.64,12644.35,WALLET,BANK_ERROR,2,50.0,STOP,NOT_ATTEMPTED,0.0,2026-08-12 22:04:33.043570
SIM-TXN-01428,CUST-0472,Priya Patil,79.44,1009.73,CARD,BANK_TIMEOUT,2,58.0,STOP,NOT_ATTEMPTED,0.0,2026-08-15 04:17:33.043570
SIM-TXN-01429,CUST-0405,Rohan Deshmukh,76.12,2044.68,CARD,BANK_TIMEOUT,0,83.0,RETRY,SUCCESS,2044.68,2026-08-14 12:52:33.043570
SIM-TXN-01430,CUST-0447,Aditya More,85.95,1955.79,WALLET,BANK_TIMEOUT,0,88.0,RETRY,SUCCESS,1955.79,2026-08-23 05:03:33.043570
SIM-TXN-01431,CUST-0405,Rohan Deshmukh,76.12,3121.05,UPI,AUTH_FAILED,0,47.0,ESCALATE,FAILED,0.0,2026-08-31 03:33:33.043570
SIM-TXN-01432,CUST-0385,Rohan Deshmukh,57.27,4687.2,WALLET,AUTH_FAILED,2,17.0,STOP,NOT_ATTEMPTED,0.0,2026-08-22 22:04:33.043570
SIM-TXN-01433,CUST-0092,Priya Patil,57.2,4857.98,NETBANKING,BANK_ERROR,2,40.0,STOP,NOT_ATTEMPTED,0.0,2026-08-23 18:51:33.043570
SIM-TXN-01434,CUST-0367,Aditya More,53.04,1530.79,WALLET,UNKNOWN,1,25.0,ESCALATE,FAILED,0.0,2026-08-30 19:56:33.043570
SIM-TXN-01435,CUST-0472,Priya Patil,79.44,2135.17,UPI,INSUFFICIENT_FUNDS,0,43.0,ESCALATE,SUCCESS,2135.17,2026-08-11 00:41:33.043570
SIM-TXN-01436,CUST-0232,Priya Patil,90.04,3059.67,WALLET,INSUFFICIENT_FUNDS,0,48.0,ESCALATE,SUCCESS,3059.67,2026-08-18 22:50:33.043570
SIM-TXN-01437,CUST-0293,Amit Joshi,51.69,2000.29,NETBANKING,BANK_TIMEOUT,1,73.0,RETRY,SUCCESS,2000.29,2026-08-07 21:41:33.043570
SIM-TXN-01438,CUST-0385,Rohan Deshmukh,57.27,8829.7,WALLET,BANK_TIMEOUT,2,53.0,STOP,NOT_ATTEMPTED,0.0,2026-08-17 18:58:33.043570
SIM-TXN-01439,CUST-0118,Pooja Jadhav,70.51,3614.76,WALLET,AUTH_FAILED,2,22.0,STOP,NOT_ATTEMPTED,0.0,2026-08-30 01:24:33.043570
SIM-TXN-01440,CUST-0173,Amit Joshi,67.78,4393.59,WALLET,BANK_ERROR,1,65.0,NOTIFY,SUCCESS,4393.59,2026-08-24 10:24:33.043570
SIM-TXN-01441,CUST-0163,Amit Joshi,49.89,4147.68,UPI,BANK_TIMEOUT,0,78.0,RETRY,SUCCESS,4147.68,2026-08-13 21:05:33.043570
SIM-TXN-01442,CUST-0331,Rahul Sharma,74.46,6240.27,UPI,BANK_TIMEOUT,1,78.0,RETRY,SUCCESS,6240.27,2026-08-25 03:04:33.043570
SIM-TXN-01443,CUST-0280,Ananya Kulkarni,54.63,2820.92,NETBANKING,AUTH_FAILED,0,42.0,ESCALATE,SUCCESS,2820.92,2026-08-05 00:53:33.043570
SIM-TXN-01444,CUST-0185,Rohan Deshmukh,87.52,864.83,CARD,BANK_TIMEOUT,1,83.0,RETRY,SUCCESS,864.83,2026-08-16 18:35:33.043570
SIM-TXN-01445,CUST-0129,Kunal Patil,70.27,3360.18,NETBANKING,BANK_ERROR,0,70.0,RETRY,SUCCESS,3360.18,2026-08-08 01:33:33.043570
SIM-TXN-01446,CUST-0438,Pooja Jadhav,79.33,1449.41,NETBANKING,INSUFFICIENT_FUNDS,0,43.0,ESCALATE,FAILED,0.0,2026-08-14 14:49:33.043570
SIM-TXN-01447,CUST-0422,Priya Patil,90.84,1598.96,WALLET,BANK_ERROR,1,70.0,RETRY,FAILED,0.0,2026-08-31 14:44:33.043570
SIM-TXN-01448,CUST-0007,Aditya More,76.91,3901.4,CARD,BANK_ERROR,1,65.0,NOTIFY,SUCCESS,3901.4,2026-08-11 08:12:33.043570
SIM-TXN-01449,CUST-0243,Amit Joshi,80.38,6572.35,WALLET,BANK_TIMEOUT,2,63.0,STOP,NOT_ATTEMPTED,0.0,2026-08-22 18:56:33.043570
SIM-TXN-01450,CUST-0175,Rohan Deshmukh,92.64,2482.49,NETBANKING,INSUFFICIENT_FUNDS,0,48.0,ESCALATE,FAILED,0.0,2026-08-20 19:11:33.043570
SIM-TXN-01451,CUST-0108,Pooja Jadhav,87.43,3124.62,UPI,BANK_ERROR,1,70.0,RETRY,SUCCESS,3124.62,2026-08-07 15:09:33.043570
SIM-TXN-01452,CUST-0157,Aditya More,84.35,9525.92,UPI,UNKNOWN,1,35.0,ESCALATE,FAILED,0.0,2026-08-17 22:21:33.043570
SIM-TXN-01453,CUST-0174,Sneha Kulkarni,61.34,2958.99,WALLET,BANK_TIMEOUT,2,58.0,STOP,NOT_ATTEMPTED,0.0,2026-08-20 03:33:33.043570
SIM-TXN-01454,CUST-0391,Rahul Sharma,56.91,19562.05,NETBANKING,INSUFFICIENT_FUNDS,1,33.0,ESCALATE,FAILED,0.0,2026-08-27 14:54:33.043570
SIM-TXN-01455,CUST-0403,Amit Joshi,58.27,3836.85,CARD,BANK_TIMEOUT,0,78.0,RETRY,FAILED,0.0,2026-08-16 19:41:33.043570
SIM-TXN-01456,CUST-0291,Rahul Sharma,55.57,596.69,WALLET,AUTH_FAILED,1,37.0,ESCALATE,SUCCESS,596.69,2026-08-19 13:38:33.043570
SIM-TXN-01457,CUST-0033,Amit Joshi,73.31,4458.97,CARD,AUTH_FAILED,1,42.0,ESCALATE,SUCCESS,4458.97,2026-08-27 17:01:33.043570
SIM-TXN-01458,CUST-0493,Amit Joshi,52.59,3310.74,NETBANKING,BANK_ERROR,0,65.0,NOTIFY,SUCCESS,3310.74,2026-08-26 22:53:33.043570
SIM-TXN-01459,CUST-0091,Rahul Sharma,46.11,6848.62,WALLET,BANK_TIMEOUT,0,78.0,RETRY,SUCCESS,6848.62,2026-08-04 22:52:33.043570
SIM-TXN-01460,CUST-0467,Aditya More,50.28,4182.0,NETBANKING,UNKNOWN,0,30.0,ESCALATE,SUCCESS,4182.0,2026-08-25 15:44:33.043570
SIM-TXN-01461,CUST-0036,Neha Shah,81.47,2184.7,NETBANKING,BANK_ERROR,2,50.0,STOP,NOT_ATTEMPTED,0.0,2026-08-02 07:01:33.043570
SIM-TXN-01462,CUST-0088,Pooja Jadhav,68.22,916.5,WALLET,BANK_ERROR,1,65.0,NOTIFY,SUCCESS,916.5,2026-08-06 19:55:33.043570
SIM-TXN-01463,CUST-0067,Aditya More,91.14,2064.79,WALLET,AUTH_FAILED,2,27.0,STOP,NOT_ATTEMPTED,0.0,2026-08-04 22:04:33.043570
SIM-TXN-01464,CUST-0200,Ananya Kulkarni,68.03,1235.94,CARD,UNKNOWN,0,35.0,ESCALATE,FAILED,0.0,2026-08-15 21:18:33.043570
SIM-TXN-01465,CUST-0222,Priya Patil,80.81,1533.92,WALLET,INSUFFICIENT_FUNDS,0,48.0,ESCALATE,FAILED,0.0,2026-08-15 21:54:33.043570
SIM-TXN-01466,CUST-0301,Rahul Sharma,75.52,3908.32,WALLET,BANK_TIMEOUT,1,78.0,RETRY,SUCCESS,3908.32,2026-08-08 06:49:33.043570
SIM-TXN-01467,CUST-0229,Kunal Patil,87.75,9282.85,WALLET,BANK_TIMEOUT,2,63.0,STOP,NOT_ATTEMPTED,0.0,2026-08-13 00:34:33.043570
SIM-TXN-01468,CUST-0270,Ananya Kulkarni,87.39,3346.72,WALLET,BANK_ERROR,1,70.0,RETRY,SUCCESS,3346.72,2026-08-03 13:39:33.043570
SIM-TXN-01469,CUST-0378,Pooja Jadhav,95.22,937.57,WALLET,BANK_TIMEOUT,1,83.0,RETRY,SUCCESS,937.57,2026-08-15 07:51:33.043570
SIM-TXN-01470,CUST-0201,Rahul Sharma,68.13,3483.11,CARD,AUTH_FAILED,1,42.0,ESCALATE,SUCCESS,3483.11,2026-08-29 21:41:33.043570
SIM-TXN-01471,CUST-0376,Neha Shah,75.14,6356.96,WALLET,BANK_ERROR,2,45.0,STOP,NOT_ATTEMPTED,0.0,2026-08-10 03:20:33.043570
SIM-TXN-01472,CUST-0358,Pooja Jadhav,78.81,1498.43,WALLET,AUTH_FAILED,2,22.0,STOP,NOT_ATTEMPTED,0.0,2026-08-03 18:39:33.043570
SIM-TXN-01473,CUST-0123,Amit Joshi,80.08,2192.47,CARD,UNKNOWN,1,35.0,ESCALATE,FAILED,0.0,2026-08-26 06:19:33.043570
SIM-TXN-01474,CUST-0150,Ananya Kulkarni,60.1,2469.45,UPI,AUTH_FAILED,2,22.0,STOP,NOT_ATTEMPTED,0.0,2026-08-11 16:16:33.043570
SIM-TXN-01475,CUST-0466,Neha Shah,91.33,1302.55,UPI,BANK_ERROR,1,70.0,RETRY,SUCCESS,1302.55,2026-08-06 13:53:33.043570
SIM-TXN-01476,CUST-0259,Kunal Patil,82.44,4099.52,NETBANKING,INSUFFICIENT_FUNDS,1,43.0,ESCALATE,FAILED,0.0,2026-08-13 07:03:33.043570
SIM-TXN-01477,CUST-0107,Aditya More,48.21,2215.52,WALLET,AUTH_FAILED,0,42.0,ESCALATE,SUCCESS,2215.52,2026-08-22 19:29:33.043570
SIM-TXN-01478,CUST-0196,Neha Shah,62.55,3413.95,WALLET,BANK_ERROR,0,70.0,RETRY,SUCCESS,3413.95,2026-08-02 06:41:33.043570
SIM-TXN-01479,CUST-0129,Kunal Patil,70.27,1199.92,CARD,BANK_TIMEOUT,1,78.0,RETRY,SUCCESS,1199.92,2026-08-22 22:02:33.043570
SIM-TXN-01480,CUST-0249,Kunal Patil,68.85,1719.92,UPI,BANK_ERROR,2,45.0,STOP,NOT_ATTEMPTED,0.0,2026-08-31 16:36:33.043570
SIM-TXN-01481,CUST-0125,Rohan Deshmukh,56.54,4349.89,WALLET,INSUFFICIENT_FUNDS,0,38.0,ESCALATE,FAILED,0.0,2026-08-14 11:51:33.043570
SIM-TXN-01482,CUST-0431,Rahul Sharma,51.44,1811.18,UPI,BANK_TIMEOUT,2,53.0,STOP,NOT_ATTEMPTED,0.0,2026-08-06 08:45:33.043570
SIM-TXN-01483,CUST-0091,Rahul Sharma,46.11,9716.41,WALLET,BANK_TIMEOUT,0,78.0,RETRY,SUCCESS,9716.41,2026-08-02 07:12:33.043570
SIM-TXN-01484,CUST-0347,Aditya More,95.4,1772.76,WALLET,BANK_TIMEOUT,1,83.0,RETRY,SUCCESS,1772.76,2026-08-03 08:35:33.043570
SIM-TXN-01485,CUST-0458,Pooja Jadhav,75.31,2921.19,CARD,AUTH_FAILED,1,42.0,ESCALATE,FAILED,0.0,2026-08-30 16:19:33.043570
SIM-TXN-01486,CUST-0416,Neha Shah,66.82,5146.5,UPI,AUTH_FAILED,1,42.0,ESCALATE,FAILED,0.0,2026-08-21 23:55:33.043570
SIM-TXN-01487,CUST-0027,Aditya More,65.15,784.7,UPI,AUTH_FAILED,1,42.0,ESCALATE,FAILED,0.0,2026-08-13 03:42:33.043570
SIM-TXN-01488,CUST-0192,Priya Patil,66.12,596.66,CARD,UNKNOWN,0,35.0,ESCALATE,SUCCESS,596.66,2026-08-03 01:29:33.043570
SIM-TXN-01489,CUST-0008,Pooja Jadhav,55.54,720.16,CARD,BANK_ERROR,2,40.0,STOP,NOT_ATTEMPTED,0.0,2026-08-04 15:58:33.043570
SIM-TXN-01490,CUST-0113,Amit Joshi,68.49,6701.37,UPI,UNKNOWN,2,10.0,STOP,NOT_ATTEMPTED,0.0,2026-08-09 10:20:33.043570
SIM-TXN-01491,CUST-0371,Rahul Sharma,77.13,1569.5,WALLET,BANK_TIMEOUT,2,58.0,STOP,NOT_ATTEMPTED,0.0,2026-08-06 16:35:33.043570
SIM-TXN-01492,CUST-0418,Pooja Jadhav,88.12,18893.24,CARD,BANK_ERROR,2,50.0,STOP,NOT_ATTEMPTED,0.0,2026-08-11 05:11:33.043570
SIM-TXN-01493,CUST-0479,Kunal Patil,97.86,1554.02,WALLET,AUTH_FAILED,0,52.0,NOTIFY,SUCCESS,1554.02,2026-08-06 14:37:33.043570
SIM-TXN-01494,CUST-0183,Amit Joshi,54.51,2828.89,UPI,BANK_ERROR,1,60.0,NOTIFY,SUCCESS,2828.89,2026-08-02 08:03:33.043570
SIM-TXN-01495,CUST-0200,Ananya Kulkarni,68.03,8380.71,CARD,BANK_TIMEOUT,0,83.0,RETRY,SUCCESS,8380.71,2026-08-14 11:06:33.043570
SIM-TXN-01496,CUST-0333,Amit Joshi,57.79,12147.45,UPI,AUTH_FAILED,0,42.0,ESCALATE,FAILED,0.0,2026-08-20 11:59:33.043570
SIM-TXN-01497,CUST-0155,Rohan Deshmukh,94.76,12698.04,WALLET,INSUFFICIENT_FUNDS,0,48.0,ESCALATE,FAILED,0.0,2026-08-27 16:41:33.043570
SIM-TXN-01498,CUST-0088,Pooja Jadhav,68.22,6416.92,UPI,BANK_TIMEOUT,2,58.0,STOP,NOT_ATTEMPTED,0.0,2026-08-16 13:14:33.043570
SIM-TXN-01499,CUST-0324,Sneha Kulkarni,75.2,5537.23,CARD,INSUFFICIENT_FUNDS,1,38.0,ESCALATE,SUCCESS,5537.23,2026-08-16 06:16:33.043570
SIM-TXN-01500,CUST-0436,Neha Shah,97.59,3920.68,UPI,AUTH_FAILED,1,47.0,ESCALATE,SUCCESS,3920.68,2026-08-28 09:58:33.043570
SIM-TXN-01501,CUST-0230,Ananya Kulkarni,46.29,4549.12,CARD,BANK_ERROR,2,40.0,STOP,NOT_ATTEMPTED,0.0,2026-08-28 12:38:33.043570
SIM-TXN-01502,CUST-0361,Rahul Sharma,70.37,1570.35,CARD,UNKNOWN,0,35.0,ESCALATE,FAILED,0.0,2026-08-07 10:28:33.043570
SIM-TXN-01503,CUST-0159,Kunal Patil,56.16,1268.31,WALLET,BANK_TIMEOUT,0,78.0,RETRY,SUCCESS,1268.31,2026-08-04 12:25:33.043570
SIM-TXN-01504,CUST-0071,Rahul Sharma,73.59,2434.02,NETBANKING,BANK_ERROR,0,70.0,RETRY,SUCCESS,2434.02,2026-08-11 02:12:33.043570
SIM-TXN-01505,CUST-0329,Kunal Patil,59.82,2129.95,WALLET,BANK_TIMEOUT,2,53.0,STOP,NOT_ATTEMPTED,0.0,2026-08-16 17:59:33.043570
SIM-TXN-01506,CUST-0069,Kunal Patil,77.28,1698.36,UPI,BANK_TIMEOUT,2,58.0,STOP,NOT_ATTEMPTED,0.0,2026-08-20 16:08:33.043570
SIM-TXN-01507,CUST-0332,Priya Patil,95.25,4260.36,UPI,INSUFFICIENT_FUNDS,0,48.0,ESCALATE,FAILED,0.0,2026-08-16 20:48:33.043570
SIM-TXN-01508,CUST-0176,Neha Shah,81.15,5240.88,UPI,BANK_TIMEOUT,2,63.0,STOP,NOT_ATTEMPTED,0.0,2026-08-13 02:13:33.043570
SIM-TXN-01509,CUST-0411,Rahul Sharma,78.64,2619.47,CARD,INSUFFICIENT_FUNDS,2,18.0,STOP,NOT_ATTEMPTED,0.0,2026-08-19 03:39:33.043570
SIM-TXN-01510,CUST-0267,Aditya More,94.97,7958.72,WALLET,BANK_ERROR,2,50.0,STOP,NOT_ATTEMPTED,0.0,2026-08-02 01:34:33.043570
SIM-TXN-01511,CUST-0034,Sneha Kulkarni,53.66,979.11,UPI,INSUFFICIENT_FUNDS,0,38.0,ESCALATE,SUCCESS,979.11,2026-08-08 05:33:33.043570
SIM-TXN-01512,CUST-0481,Rahul Sharma,85.3,2090.32,UPI,BANK_TIMEOUT,0,88.0,RETRY,SUCCESS,2090.32,2026-08-11 02:11:33.043570
SIM-TXN-01513,CUST-0121,Rahul Sharma,59.06,1375.46,WALLET,AUTH_FAILED,2,17.0,STOP,NOT_ATTEMPTED,0.0,2026-08-23 01:08:33.043570
SIM-TXN-01514,CUST-0160,Ananya Kulkarni,55.79,548.27,CARD,BANK_TIMEOUT,0,78.0,RETRY,SUCCESS,548.27,2026-08-29 08:43:33.043570
SIM-TXN-01515,CUST-0128,Pooja Jadhav,48.03,2284.39,WALLET,BANK_ERROR,2,40.0,STOP,NOT_ATTEMPTED,0.0,2026-08-10 22:57:33.043570
SIM-TXN-01516,CUST-0140,Ananya Kulkarni,80.5,2214.1,WALLET,INSUFFICIENT_FUNDS,0,48.0,ESCALATE,FAILED,0.0,2026-08-18 03:43:33.043570
SIM-TXN-01517,CUST-0204,Sneha Kulkarni,82.57,8190.74,WALLET,BANK_ERROR,1,70.0,RETRY,SUCCESS,8190.74,2026-08-29 12:35:33.043570
SIM-TXN-01518,CUST-0377,Aditya More,77.31,4042.62,CARD,BANK_ERROR,1,65.0,NOTIFY,SUCCESS,4042.62,2026-08-19 03:34:33.043570
SIM-TXN-01519,CUST-0219,Kunal Patil,67.78,1075.62,NETBANKING,INSUFFICIENT_FUNDS,2,18.0,STOP,NOT_ATTEMPTED,0.0,2026-08-26 05:43:33.043570
SIM-TXN-01520,CUST-0079,Kunal Patil,88.25,10756.59,CARD,AUTH_FAILED,1,47.0,ESCALATE,SUCCESS,10756.59,2026-08-15 17:02:33.043570
SIM-TXN-01521,CUST-0233,Amit Joshi,69.14,6482.28,WALLET,BANK_TIMEOUT,0,83.0,RETRY,SUCCESS,6482.28,2026-08-23 03:31:33.043570
SIM-TXN-01522,CUST-0101,Rahul Sharma,86.58,3888.11,CARD,BANK_TIMEOUT,0,88.0,RETRY,SUCCESS,3888.11,2026-08-24 13:51:33.043570
SIM-TXN-01523,CUST-0374,Sneha Kulkarni,60.76,2036.14,WALLET,INSUFFICIENT_FUNDS,1,38.0,ESCALATE,FAILED,0.0,2026-08-19 18:01:33.043570
SIM-TXN-01524,CUST-0497,Aditya More,92.76,1132.8,WALLET,INSUFFICIENT_FUNDS,1,43.0,ESCALATE,SUCCESS,1132.8,2026-08-28 13:33:33.043570
SIM-TXN-01525,CUST-0037,Aditya More,81.28,1812.09,UPI,BANK_ERROR,0,75.0,RETRY,SUCCESS,1812.09,2026-08-27 12:45:33.043570
SIM-TXN-01526,CUST-0084,Sneha Kulkarni,96.11,5831.32,WALLET,BANK_TIMEOUT,1,83.0,RETRY,SUCCESS,5831.32,2026-08-17 15:42:33.043570
SIM-TXN-01527,CUST-0261,Rahul Sharma,73.76,11022.23,NETBANKING,INSUFFICIENT_FUNDS,2,18.0,STOP,NOT_ATTEMPTED,0.0,2026-08-04 09:59:33.043570
SIM-TXN-01528,CUST-0334,Sneha Kulkarni,70.89,8388.31,WALLET,BANK_ERROR,2,45.0,STOP,NOT_ATTEMPTED,0.0,2026-08-13 00:31:33.043570
SIM-TXN-01529,CUST-0125,Rohan Deshmukh,56.54,1650.64,NETBANKING,BANK_ERROR,2,40.0,STOP,NOT_ATTEMPTED,0.0,2026-08-03 01:49:33.043570
SIM-TXN-01530,CUST-0358,Pooja Jadhav,78.81,996.56,CARD,AUTH_FAILED,1,42.0,ESCALATE,FAILED,0.0,2026-08-08 11:55:33.043570
SIM-TXN-01531,CUST-0131,Rahul Sharma,49.25,2731.78,CARD,BANK_TIMEOUT,0,78.0,RETRY,SUCCESS,2731.78,2026-08-05 23:47:33.043570
SIM-TXN-01532,CUST-0330,Ananya Kulkarni,82.16,593.03,WALLET,INSUFFICIENT_FUNDS,1,43.0,ESCALATE,FAILED,0.0,2026-08-05 10:43:33.043570
SIM-TXN-01533,CUST-0266,Neha Shah,65.16,3160.65,WALLET,UNKNOWN,0,35.0,ESCALATE,FAILED,0.0,2026-08-13 07:10:33.043570
SIM-TXN-01534,CUST-0355,Rohan Deshmukh,51.71,2168.78,WALLET,BANK_ERROR,2,40.0,STOP,NOT_ATTEMPTED,0.0,2026-08-15 19:21:33.043570
SIM-TXN-01535,CUST-0376,Neha Shah,75.14,1681.04,UPI,BANK_ERROR,0,70.0,RETRY,SUCCESS,1681.04,2026-08-17 11:08:33.043570
SIM-TXN-01536,CUST-0417,Aditya More,60.28,681.46,CARD,BANK_TIMEOUT,2,58.0,STOP,NOT_ATTEMPTED,0.0,2026-08-19 21:39:33.043570
SIM-TXN-01537,CUST-0358,Pooja Jadhav,78.81,3680.78,CARD,BANK_ERROR,1,65.0,NOTIFY,SUCCESS,3680.78,2026-08-04 23:15:33.043570
SIM-TXN-01538,CUST-0397,Aditya More,51.59,1593.74,WALLET,INSUFFICIENT_FUNDS,2,13.0,STOP,NOT_ATTEMPTED,0.0,2026-08-14 21:54:33.043570
SIM-TXN-01539,CUST-0376,Neha Shah,75.14,957.25,CARD,BANK_ERROR,1,65.0,NOTIFY,SUCCESS,957.25,2026-08-07 21:41:33.043570
SIM-TXN-01540,CUST-0102,Priya Patil,55.09,245.23,UPI,BANK_ERROR,1,60.0,NOTIFY,SUCCESS,245.23,2026-08-11 11:09:33.043570
SIM-TXN-01541,CUST-0096,Neha Shah,48.76,2387.47,CARD,BANK_TIMEOUT,0,78.0,RETRY,SUCCESS,2387.47,2026-08-20 09:28:33.043570
SIM-TXN-01542,CUST-0226,Neha Shah,77.82,10074.89,UPI,AUTH_FAILED,2,22.0,STOP,NOT_ATTEMPTED,0.0,2026-08-09 08:25:33.043570
SIM-TXN-01543,CUST-0041,Rahul Sharma,93.4,9218.87,WALLET,BANK_TIMEOUT,0,88.0,RETRY,SUCCESS,9218.87,2026-08-17 08:41:33.043570
SIM-TXN-01544,CUST-0016,Neha Shah,50.13,1693.11,WALLET,AUTH_FAILED,1,37.0,ESCALATE,FAILED,0.0,2026-08-06 09:04:33.043570
SIM-TXN-01545,CUST-0005,Rohan Deshmukh,46.68,1507.53,UPI,BANK_TIMEOUT,2,53.0,STOP,NOT_ATTEMPTED,0.0,2026-08-28 07:09:33.043570
SIM-TXN-01546,CUST-0405,Rohan Deshmukh,76.12,3551.12,UPI,UNKNOWN,0,35.0,ESCALATE,FAILED,0.0,2026-08-02 02:53:33.043570
SIM-TXN-01547,CUST-0193,Amit Joshi,90.81,1098.05,NETBANKING,AUTH_FAILED,1,47.0,ESCALATE,FAILED,0.0,2026-08-17 03:05:33.043570
SIM-TXN-01548,CUST-0310,Ananya Kulkarni,45.67,3107.06,NETBANKING,BANK_ERROR,2,40.0,STOP,NOT_ATTEMPTED,0.0,2026-08-17 09:41:33.043570
SIM-TXN-01549,CUST-0162,Priya Patil,70.89,4504.64,NETBANKING,INSUFFICIENT_FUNDS,2,18.0,STOP,NOT_ATTEMPTED,0.0,2026-08-19 22:12:33.043570
SIM-TXN-01550,CUST-0194,Sneha Kulkarni,63.61,6512.94,NETBANKING,AUTH_FAILED,1,42.0,ESCALATE,FAILED,0.0,2026-08-01 22:20:33.043570
SIM-TXN-01551,CUST-0234,Sneha Kulkarni,75.51,2252.68,WALLET,INSUFFICIENT_FUNDS,2,18.0,STOP,NOT_ATTEMPTED,0.0,2026-08-08 02:38:33.043570
SIM-TXN-01552,CUST-0014,Sneha Kulkarni,95.73,2073.64,NETBANKING,AUTH_FAILED,2,27.0,STOP,NOT_ATTEMPTED,0.0,2026-08-13 02:26:33.043570
SIM-TXN-01553,CUST-0189,Kunal Patil,55.58,1209.08,WALLET,BANK_ERROR,2,40.0,STOP,NOT_ATTEMPTED,0.0,2026-08-20 14:12:33.043570
SIM-TXN-01554,CUST-0339,Kunal Patil,61.23,1259.53,NETBANKING,BANK_TIMEOUT,0,83.0,RETRY,SUCCESS,1259.53,2026-08-03 20:56:33.043570
SIM-TXN-01555,CUST-0497,Aditya More,92.76,2036.15,NETBANKING,INSUFFICIENT_FUNDS,2,23.0,STOP,NOT_ATTEMPTED,0.0,2026-08-22 00:16:33.043570
SIM-TXN-01556,CUST-0120,Ananya Kulkarni,65.09,3274.41,WALLET,AUTH_FAILED,2,22.0,STOP,NOT_ATTEMPTED,0.0,2026-08-29 16:04:33.043570
SIM-TXN-01557,CUST-0407,Aditya More,75.54,5068.84,WALLET,BANK_TIMEOUT,1,78.0,RETRY,FAILED,0.0,2026-08-06 08:41:33.043570
SIM-TXN-01558,CUST-0376,Neha Shah,75.14,1283.64,CARD,BANK_ERROR,2,45.0,STOP,NOT_ATTEMPTED,0.0,2026-08-08 07:20:33.043570
SIM-TXN-01559,CUST-0446,Neha Shah,90.79,8055.83,UPI,AUTH_FAILED,0,52.0,NOTIFY,FAILED,0.0,2026-08-05 18:05:33.043570
SIM-TXN-01560,CUST-0155,Rohan Deshmukh,94.76,1964.71,WALLET,INSUFFICIENT_FUNDS,0,48.0,ESCALATE,FAILED,0.0,2026-08-07 01:19:33.043570
SIM-TXN-01561,CUST-0247,Aditya More,68.63,2399.24,CARD,AUTH_FAILED,0,47.0,ESCALATE,SUCCESS,2399.24,2026-08-05 20:39:33.043570
SIM-TXN-01562,CUST-0055,Rohan Deshmukh,76.61,1342.42,UPI,BANK_ERROR,0,70.0,RETRY,FAILED,0.0,2026-08-16 15:35:33.043570
SIM-TXN-01563,CUST-0463,Amit Joshi,71.25,350.94,NETBANKING,BANK_ERROR,0,70.0,RETRY,SUCCESS,350.94,2026-08-23 11:12:33.043570
SIM-TXN-01564,CUST-0488,Pooja Jadhav,81.14,4950.46,UPI,UNKNOWN,2,15.0,STOP,NOT_ATTEMPTED,0.0,2026-08-07 23:14:33.043570
SIM-TXN-01565,CUST-0473,Amit Joshi,90.17,4400.51,WALLET,AUTH_FAILED,0,52.0,NOTIFY,FAILED,0.0,2026-08-16 22:28:33.043570
SIM-TXN-01566,CUST-0447,Aditya More,85.95,1948.74,UPI,BANK_TIMEOUT,2,63.0,STOP,NOT_ATTEMPTED,0.0,2026-08-17 09:51:33.043570
SIM-TXN-01567,CUST-0194,Sneha Kulkarni,63.61,2574.97,WALLET,UNKNOWN,2,10.0,STOP,NOT_ATTEMPTED,0.0,2026-08-31 00:18:33.043570
SIM-TXN-01568,CUST-0402,Priya Patil,83.93,3687.67,WALLET,AUTH_FAILED,0,52.0,NOTIFY,SUCCESS,3687.67,2026-08-07 01:19:33.043570
SIM-TXN-01569,CUST-0149,Kunal Patil,91.6,699.22,UPI,BANK_TIMEOUT,1,83.0,RETRY,SUCCESS,699.22,2026-08-10 08:29:33.043570
SIM-TXN-01570,CUST-0382,Priya Patil,48.98,1598.4,NETBANKING,UNKNOWN,0,30.0,ESCALATE,FAILED,0.0,2026-08-19 02:14:33.043570
SIM-TXN-01571,CUST-0296,Neha Shah,85.65,4607.37,NETBANKING,INSUFFICIENT_FUNDS,0,48.0,ESCALATE,FAILED,0.0,2026-08-10 10:20:33.043570
SIM-TXN-01572,CUST-0434,Sneha Kulkarni,74.19,894.77,WALLET,BANK_ERROR,1,65.0,NOTIFY,FAILED,0.0,2026-08-07 12:55:33.043570
SIM-TXN-01573,CUST-0267,Aditya More,94.97,3086.66,CARD,AUTH_FAILED,0,52.0,NOTIFY,SUCCESS,3086.66,2026-08-26 06:55:33.043570
SIM-TXN-01574,CUST-0437,Aditya More,69.46,824.46,CARD,BANK_ERROR,1,65.0,NOTIFY,FAILED,0.0,2026-08-24 12:55:33.043570
SIM-TXN-01575,CUST-0349,Kunal Patil,59.65,3544.47,NETBANKING,BANK_ERROR,0,65.0,NOTIFY,FAILED,0.0,2026-08-03 08:28:33.043570
SIM-TXN-01576,CUST-0307,Aditya More,86.48,2372.0,UPI,BANK_ERROR,1,70.0,RETRY,FAILED,0.0,2026-08-27 21:53:33.043570
SIM-TXN-01577,CUST-0245,Rohan Deshmukh,77.47,670.41,CARD,AUTH_FAILED,1,42.0,ESCALATE,SUCCESS,670.41,2026-08-18 22:25:33.043570
SIM-TXN-01578,CUST-0031,Rahul Sharma,82.2,6196.82,NETBANKING,UNKNOWN,0,40.0,ESCALATE,FAILED,0.0,2026-08-11 09:00:33.043570
SIM-TXN-01579,CUST-0435,Rohan Deshmukh,66.62,1356.04,CARD,INSUFFICIENT_FUNDS,2,18.0,STOP,NOT_ATTEMPTED,0.0,2026-08-04 04:22:33.043570
SIM-TXN-01580,CUST-0473,Amit Joshi,90.17,1276.4,CARD,INSUFFICIENT_FUNDS,1,43.0,ESCALATE,FAILED,0.0,2026-08-15 09:39:33.043570
SIM-TXN-01581,CUST-0418,Pooja Jadhav,88.12,2865.38,CARD,AUTH_FAILED,0,52.0,NOTIFY,FAILED,0.0,2026-08-17 03:30:33.043570
SIM-TXN-01582,CUST-0217,Aditya More,66.52,6117.51,NETBANKING,AUTH_FAILED,1,42.0,ESCALATE,SUCCESS,6117.51,2026-08-25 19:30:33.043570
SIM-TXN-01583,CUST-0373,Amit Joshi,65.16,1082.84,CARD,BANK_TIMEOUT,2,58.0,STOP,NOT_ATTEMPTED,0.0,2026-08-26 17:32:33.043570
SIM-TXN-01584,CUST-0202,Priya Patil,51.13,2564.05,NETBANKING,BANK_TIMEOUT,2,53.0,STOP,NOT_ATTEMPTED,0.0,2026-08-04 06:05:33.043570
SIM-TXN-01585,CUST-0436,Neha Shah,97.59,3439.4,NETBANKING,UNKNOWN,1,35.0,ESCALATE,FAILED,0.0,2026-08-28 01:22:33.043570
SIM-TXN-01586,CUST-0071,Rahul Sharma,73.59,4249.19,WALLET,BANK_ERROR,1,65.0,NOTIFY,FAILED,0.0,2026-08-11 08:05:33.043570
SIM-TXN-01587,CUST-0112,Priya Patil,69.52,2810.6,CARD,INSUFFICIENT_FUNDS,2,18.0,STOP,NOT_ATTEMPTED,0.0,2026-08-31 10:17:33.043570
SIM-TXN-01588,CUST-0005,Rohan Deshmukh,46.68,1819.61,UPI,BANK_ERROR,2,40.0,STOP,NOT_ATTEMPTED,0.0,2026-08-08 12:11:33.043570
SIM-TXN-01589,CUST-0193,Amit Joshi,90.81,1258.82,WALLET,UNKNOWN,2,15.0,STOP,NOT_ATTEMPTED,0.0,2026-08-09 10:42:33.043570
SIM-TXN-01590,CUST-0475,Rohan Deshmukh,78.22,2614.73,NETBANKING,BANK_TIMEOUT,1,78.0,RETRY,SUCCESS,2614.73,2026-08-04 04:16:33.043570
SIM-TXN-01591,CUST-0061,Rahul Sharma,84.8,1035.14,NETBANKING,UNKNOWN,2,15.0,STOP,NOT_ATTEMPTED,0.0,2026-08-21 12:48:33.043570
SIM-TXN-01592,CUST-0497,Aditya More,92.76,235.78,WALLET,BANK_TIMEOUT,0,88.0,RETRY,SUCCESS,235.78,2026-08-12 18:02:33.043570
SIM-TXN-01593,CUST-0204,Sneha Kulkarni,82.57,3460.78,CARD,BANK_ERROR,2,50.0,STOP,NOT_ATTEMPTED,0.0,2026-08-18 20:58:33.043570
SIM-TXN-01594,CUST-0398,Pooja Jadhav,82.09,5029.86,UPI,INSUFFICIENT_FUNDS,1,43.0,ESCALATE,FAILED,0.0,2026-08-31 09:16:33.043570
SIM-TXN-01595,CUST-0196,Neha Shah,62.55,368.58,WALLET,BANK_TIMEOUT,1,78.0,RETRY,SUCCESS,368.58,2026-08-07 02:21:33.043570
SIM-TXN-01596,CUST-0043,Amit Joshi,56.27,1088.13,CARD,BANK_TIMEOUT,0,78.0,RETRY,SUCCESS,1088.13,2026-08-27 20:25:33.043570
SIM-TXN-01597,CUST-0246,Neha Shah,67.62,4005.1,UPI,BANK_TIMEOUT,2,58.0,STOP,NOT_ATTEMPTED,0.0,2026-08-10 00:46:33.043570
SIM-TXN-01598,CUST-0197,Aditya More,51.11,12657.39,WALLET,BANK_ERROR,1,60.0,NOTIFY,SUCCESS,12657.39,2026-08-06 07:34:33.043570
SIM-TXN-01599,CUST-0167,Aditya More,53.56,2481.54,CARD,BANK_TIMEOUT,1,73.0,RETRY,SUCCESS,2481.54,2026-08-02 16:32:33.043570
SIM-TXN-01600,CUST-0202,Priya Patil,51.13,1363.21,WALLET,AUTH_FAILED,0,42.0,ESCALATE,FAILED,0.0,2026-08-28 09:38:33.043570
SIM-TXN-01601,CUST-0276,Neha Shah,73.31,2108.4,UPI,INSUFFICIENT_FUNDS,0,43.0,ESCALATE,FAILED,0.0,2026-08-07 03:07:33.043570
SIM-TXN-01602,CUST-0093,Amit Joshi,45.38,7331.25,CARD,INSUFFICIENT_FUNDS,0,38.0,ESCALATE,FAILED,0.0,2026-08-16 02:15:33.043570
SIM-TXN-01603,CUST-0063,Amit Joshi,53.38,1455.68,CARD,BANK_TIMEOUT,2,53.0,STOP,NOT_ATTEMPTED,0.0,2026-08-09 03:03:33.043570
SIM-TXN-01604,CUST-0045,Rohan Deshmukh,52.57,1287.74,UPI,AUTH_FAILED,0,42.0,ESCALATE,FAILED,0.0,2026-08-24 19:48:33.043570
SIM-TXN-01605,CUST-0153,Amit Joshi,45.41,1658.73,CARD,BANK_ERROR,1,60.0,NOTIFY,FAILED,0.0,2026-08-31 17:51:33.043570
SIM-TXN-01606,CUST-0001,Rahul Sharma,50.9,1138.35,UPI,BANK_TIMEOUT,2,53.0,STOP,NOT_ATTEMPTED,0.0,2026-08-15 03:26:33.043570
SIM-TXN-01607,CUST-0338,Pooja Jadhav,66.43,2692.26,CARD,AUTH_FAILED,2,22.0,STOP,NOT_ATTEMPTED,0.0,2026-08-24 02:39:33.043570
SIM-TXN-01608,CUST-0356,Neha Shah,96.64,8952.99,NETBANKING,BANK_ERROR,2,50.0,STOP,NOT_ATTEMPTED,0.0,2026-08-26 06:50:33.043570
SIM-TXN-01609,CUST-0262,Priya Patil,48.3,3160.43,UPI,BANK_TIMEOUT,2,53.0,STOP,NOT_ATTEMPTED,0.0,2026-08-03 19:49:33.043570
SIM-TXN-01610,CUST-0122,Priya Patil,60.12,1994.44,CARD,BANK_TIMEOUT,1,78.0,RETRY,SUCCESS,1994.44,2026-08-11 14:02:33.043570
SIM-TXN-01611,CUST-0491,Rahul Sharma,77.84,1932.46,CARD,BANK_TIMEOUT,2,58.0,STOP,NOT_ATTEMPTED,0.0,2026-08-18 03:09:33.043570
SIM-TXN-01612,CUST-0143,Amit Joshi,69.23,698.86,WALLET,BANK_TIMEOUT,0,83.0,RETRY,SUCCESS,698.86,2026-08-13 15:41:33.043570
SIM-TXN-01613,CUST-0196,Neha Shah,62.55,4946.76,CARD,AUTH_FAILED,1,42.0,ESCALATE,FAILED,0.0,2026-08-13 08:35:33.043570
SIM-TXN-01614,CUST-0347,Aditya More,95.4,2293.26,CARD,BANK_ERROR,2,50.0,STOP,NOT_ATTEMPTED,0.0,2026-08-11 01:31:33.043570
SIM-TXN-01615,CUST-0037,Aditya More,81.28,2112.48,NETBANKING,AUTH_FAILED,2,27.0,STOP,NOT_ATTEMPTED,0.0,2026-08-31 04:06:33.043570
SIM-TXN-01616,CUST-0099,Kunal Patil,83.34,31397.58,CARD,INSUFFICIENT_FUNDS,1,43.0,ESCALATE,FAILED,0.0,2026-08-16 04:30:33.043570
SIM-TXN-01617,CUST-0404,Sneha Kulkarni,57.13,3099.52,UPI,BANK_ERROR,2,40.0,STOP,NOT_ATTEMPTED,0.0,2026-08-13 01:18:33.043570
SIM-TXN-01618,CUST-0040,Ananya Kulkarni,59.19,1337.51,UPI,BANK_TIMEOUT,2,53.0,STOP,NOT_ATTEMPTED,0.0,2026-08-26 17:55:33.043570
SIM-TXN-01619,CUST-0209,Kunal Patil,78.03,1735.26,UPI,BANK_TIMEOUT,1,78.0,RETRY,FAILED,0.0,2026-08-14 05:25:33.043570
SIM-TXN-01620,CUST-0075,Rohan Deshmukh,91.57,6116.57,CARD,INSUFFICIENT_FUNDS,1,43.0,ESCALATE,SUCCESS,6116.57,2026-08-18 22:55:33.043570
SIM-TXN-01621,CUST-0497,Aditya More,92.76,2672.09,UPI,BANK_TIMEOUT,0,88.0,RETRY,SUCCESS,2672.09,2026-08-15 17:48:33.043570
SIM-TXN-01622,CUST-0302,Priya Patil,66.02,772.3,WALLET,INSUFFICIENT_FUNDS,0,43.0,ESCALATE,FAILED,0.0,2026-08-27 19:54:33.043570
SIM-TXN-01623,CUST-0444,Sneha Kulkarni,65.33,5091.78,NETBANKING,BANK_TIMEOUT,2,58.0,STOP,NOT_ATTEMPTED,0.0,2026-08-06 07:10:33.043570
SIM-TXN-01624,CUST-0460,Ananya Kulkarni,47.31,1430.08,NETBANKING,BANK_TIMEOUT,1,73.0,RETRY,SUCCESS,1430.08,2026-08-25 23:42:33.043570
SIM-TXN-01625,CUST-0283,Amit Joshi,85.35,10923.13,WALLET,AUTH_FAILED,1,47.0,ESCALATE,FAILED,0.0,2026-08-13 13:55:33.043570
SIM-TXN-01626,CUST-0005,Rohan Deshmukh,46.68,5790.87,CARD,INSUFFICIENT_FUNDS,2,13.0,STOP,NOT_ATTEMPTED,0.0,2026-08-07 12:59:33.043570
SIM-TXN-01627,CUST-0074,Sneha Kulkarni,50.93,1706.4,NETBANKING,BANK_ERROR,0,65.0,NOTIFY,FAILED,0.0,2026-08-30 21:08:33.043570
SIM-TXN-01628,CUST-0499,Kunal Patil,95.1,6800.92,CARD,BANK_ERROR,2,50.0,STOP,NOT_ATTEMPTED,0.0,2026-08-29 11:49:33.043570
SIM-TXN-01629,CUST-0215,Rohan Deshmukh,80.9,2576.75,CARD,INSUFFICIENT_FUNDS,1,43.0,ESCALATE,FAILED,0.0,2026-08-23 02:52:33.043570
SIM-TXN-01630,CUST-0258,Pooja Jadhav,65.3,4828.15,WALLET,BANK_TIMEOUT,2,58.0,STOP,NOT_ATTEMPTED,0.0,2026-08-12 04:50:33.043570
SIM-TXN-01631,CUST-0157,Aditya More,84.35,3596.75,UPI,AUTH_FAILED,1,47.0,ESCALATE,SUCCESS,3596.75,2026-08-16 00:33:33.043570
SIM-TXN-01632,CUST-0433,Amit Joshi,82.62,1240.06,UPI,BANK_TIMEOUT,0,88.0,RETRY,SUCCESS,1240.06,2026-08-06 01:14:33.043570
SIM-TXN-01633,CUST-0085,Rohan Deshmukh,85.03,1458.49,UPI,AUTH_FAILED,2,27.0,STOP,NOT_ATTEMPTED,0.0,2026-08-14 19:11:33.043570
SIM-TXN-01634,CUST-0284,Sneha Kulkarni,59.75,5563.42,UPI,UNKNOWN,1,25.0,ESCALATE,FAILED,0.0,2026-08-07 23:58:33.043570
SIM-TXN-01635,CUST-0246,Neha Shah,67.62,1867.17,UPI,BANK_ERROR,1,65.0,NOTIFY,SUCCESS,1867.17,2026-08-10 10:41:33.043570
SIM-TXN-01636,CUST-0467,Aditya More,50.28,1767.08,UPI,INSUFFICIENT_FUNDS,2,13.0,STOP,NOT_ATTEMPTED,0.0,2026-08-21 03:09:33.043570
SIM-TXN-01637,CUST-0360,Ananya Kulkarni,75.43,1136.72,NETBANKING,AUTH_FAILED,0,47.0,ESCALATE,FAILED,0.0,2026-08-25 19:48:33.043570
SIM-TXN-01638,CUST-0351,Rahul Sharma,76.63,3425.08,WALLET,AUTH_FAILED,0,47.0,ESCALATE,FAILED,0.0,2026-08-25 14:47:33.043570
SIM-TXN-01639,CUST-0463,Amit Joshi,71.25,12708.42,UPI,BANK_TIMEOUT,1,78.0,RETRY,SUCCESS,12708.42,2026-08-25 04:02:33.043570
SIM-TXN-01640,CUST-0181,Rahul Sharma,90.82,1038.96,WALLET,UNKNOWN,1,35.0,ESCALATE,FAILED,0.0,2026-08-18 18:41:33.043570
SIM-TXN-01641,CUST-0497,Aditya More,92.76,2488.35,CARD,BANK_TIMEOUT,2,63.0,STOP,NOT_ATTEMPTED,0.0,2026-08-07 03:42:33.043570
SIM-TXN-01642,CUST-0149,Kunal Patil,91.6,7553.58,NETBANKING,BANK_TIMEOUT,1,83.0,RETRY,SUCCESS,7553.58,2026-08-30 12:22:33.043570
SIM-TXN-01643,CUST-0292,Priya Patil,77.93,2289.95,NETBANKING,BANK_ERROR,2,45.0,STOP,NOT_ATTEMPTED,0.0,2026-08-25 06:03:33.043570
SIM-TXN-01644,CUST-0423,Amit Joshi,79.86,3504.83,WALLET,UNKNOWN,2,10.0,STOP,NOT_ATTEMPTED,0.0,2026-08-24 00:17:33.043570
SIM-TXN-01645,CUST-0030,Ananya Kulkarni,56.1,1043.24,WALLET,BANK_ERROR,1,60.0,NOTIFY,SUCCESS,1043.24,2026-08-06 16:01:33.043570
SIM-TXN-01646,CUST-0003,Amit Joshi,84.03,3438.0,CARD,BANK_ERROR,1,70.0,RETRY,SUCCESS,3438.0,2026-08-06 09:39:33.043570
SIM-TXN-01647,CUST-0221,Rahul Sharma,69.64,2101.24,UPI,BANK_ERROR,2,45.0,STOP,NOT_ATTEMPTED,0.0,2026-08-25 04:44:33.043570
SIM-TXN-01648,CUST-0461,Rahul Sharma,82.38,5370.0,UPI,BANK_TIMEOUT,1,83.0,RETRY,SUCCESS,5370.0,2026-08-31 16:11:33.043570
SIM-TXN-01649,CUST-0129,Kunal Patil,70.27,6310.11,WALLET,BANK_TIMEOUT,1,78.0,RETRY,SUCCESS,6310.11,2026-08-21 06:49:33.043570
SIM-TXN-01650,CUST-0457,Aditya More,91.09,19373.3,NETBANKING,BANK_TIMEOUT,0,88.0,RETRY,FAILED,0.0,2026-08-31 15:47:33.043570
SIM-TXN-01651,CUST-0430,Ananya Kulkarni,68.22,3880.45,CARD,BANK_ERROR,1,65.0,NOTIFY,FAILED,0.0,2026-08-02 01:18:33.043570
SIM-TXN-01652,CUST-0184,Sneha Kulkarni,86.47,3167.31,CARD,UNKNOWN,0,40.0,ESCALATE,SUCCESS,3167.31,2026-08-03 14:56:33.043570
SIM-TXN-01653,CUST-0069,Kunal Patil,77.28,2851.23,NETBANKING,BANK_ERROR,0,70.0,RETRY,SUCCESS,2851.23,2026-08-10 20:19:33.043570
SIM-TXN-01654,CUST-0486,Neha Shah,67.83,1839.9,NETBANKING,BANK_ERROR,0,70.0,RETRY,SUCCESS,1839.9,2026-08-26 19:50:33.043570
SIM-TXN-01655,CUST-0254,Sneha Kulkarni,82.82,3199.62,CARD,INSUFFICIENT_FUNDS,1,43.0,ESCALATE,FAILED,0.0,2026-08-19 23:44:33.043570
SIM-TXN-01656,CUST-0257,Aditya More,52.33,1926.92,WALLET,INSUFFICIENT_FUNDS,0,38.0,ESCALATE,SUCCESS,1926.92,2026-08-06 16:47:33.043570
SIM-TXN-01657,CUST-0406,Neha Shah,97.98,2792.71,CARD,BANK_TIMEOUT,1,83.0,RETRY,SUCCESS,2792.71,2026-08-12 13:17:33.043570
SIM-TXN-01658,CUST-0027,Aditya More,65.15,7002.89,NETBANKING,AUTH_FAILED,1,42.0,ESCALATE,FAILED,0.0,2026-08-02 03:44:33.043570
SIM-TXN-01659,CUST-0223,Amit Joshi,70.08,1090.91,NETBANKING,BANK_ERROR,1,65.0,NOTIFY,SUCCESS,1090.91,2026-08-21 07:29:33.043570
SIM-TXN-01660,CUST-0127,Aditya More,48.23,6074.79,CARD,AUTH_FAILED,0,42.0,ESCALATE,SUCCESS,6074.79,2026-08-07 00:35:33.043570
SIM-TXN-01661,CUST-0443,Amit Joshi,69.21,7000.19,CARD,BANK_TIMEOUT,2,58.0,STOP,NOT_ATTEMPTED,0.0,2026-08-21 07:43:33.043570
SIM-TXN-01662,CUST-0102,Priya Patil,55.09,2220.63,UPI,BANK_ERROR,2,40.0,STOP,NOT_ATTEMPTED,0.0,2026-08-24 15:38:33.043570
SIM-TXN-01663,CUST-0313,Amit Joshi,78.69,446.98,CARD,BANK_TIMEOUT,0,83.0,RETRY,SUCCESS,446.98,2026-08-20 01:16:33.043570
SIM-TXN-01664,CUST-0020,Ananya Kulkarni,49.18,1500.78,CARD,BANK_TIMEOUT,0,78.0,RETRY,SUCCESS,1500.78,2026-08-29 20:18:33.043570
SIM-TXN-01665,CUST-0103,Amit Joshi,79.93,6888.41,UPI,BANK_TIMEOUT,1,78.0,RETRY,SUCCESS,6888.41,2026-08-15 17:41:33.043570
SIM-TXN-01666,CUST-0359,Kunal Patil,50.44,2396.36,CARD,AUTH_FAILED,0,42.0,ESCALATE,SUCCESS,2396.36,2026-08-23 14:22:33.043570
SIM-TXN-01667,CUST-0032,Priya Patil,77.28,1097.25,UPI,AUTH_FAILED,1,42.0,ESCALATE,SUCCESS,1097.25,2026-08-18 08:05:33.043570
SIM-TXN-01668,CUST-0144,Sneha Kulkarni,45.49,1629.75,WALLET,UNKNOWN,0,30.0,ESCALATE,FAILED,0.0,2026-08-03 22:54:33.043570
SIM-TXN-01669,CUST-0094,Sneha Kulkarni,48.12,4781.44,UPI,BANK_TIMEOUT,2,53.0,STOP,NOT_ATTEMPTED,0.0,2026-08-16 10:16:33.043570
SIM-TXN-01670,CUST-0109,Kunal Patil,58.18,3779.65,NETBANKING,BANK_TIMEOUT,2,53.0,STOP,NOT_ATTEMPTED,0.0,2026-08-06 09:01:33.043570
SIM-TXN-01671,CUST-0221,Rahul Sharma,69.64,2015.97,WALLET,BANK_TIMEOUT,1,78.0,RETRY,SUCCESS,2015.97,2026-08-06 20:47:33.043570
SIM-TXN-01672,CUST-0050,Ananya Kulkarni,97.86,1819.91,CARD,AUTH_FAILED,1,47.0,ESCALATE,SUCCESS,1819.91,2026-08-18 05:41:33.043570
SIM-TXN-01673,CUST-0381,Rahul Sharma,57.71,1783.96,NETBANKING,INSUFFICIENT_FUNDS,0,38.0,ESCALATE,FAILED,0.0,2026-08-11 08:22:33.043570
SIM-TXN-01674,CUST-0300,Ananya Kulkarni,75.67,1166.86,UPI,BANK_ERROR,0,70.0,RETRY,SUCCESS,1166.86,2026-08-29 04:19:33.043570
SIM-TXN-01675,CUST-0062,Priya Patil,50.91,8886.61,CARD,BANK_TIMEOUT,0,78.0,RETRY,SUCCESS,8886.61,2026-08-06 06:42:33.043570
SIM-TXN-01676,CUST-0039,Kunal Patil,87.67,1885.87,NETBANKING,UNKNOWN,1,35.0,ESCALATE,FAILED,0.0,2026-08-10 23:36:33.043570
SIM-TXN-01677,CUST-0274,Sneha Kulkarni,83.38,6462.21,UPI,INSUFFICIENT_FUNDS,0,48.0,ESCALATE,SUCCESS,6462.21,2026-08-26 20:15:33.043570
SIM-TXN-01678,CUST-0365,Rohan Deshmukh,66.24,8242.45,NETBANKING,BANK_TIMEOUT,1,78.0,RETRY,SUCCESS,8242.45,2026-08-07 03:13:33.043570
SIM-TXN-01679,CUST-0467,Aditya More,50.28,5424.32,WALLET,BANK_ERROR,1,60.0,NOTIFY,SUCCESS,5424.32,2026-08-24 17:19:33.043570
SIM-TXN-01680,CUST-0405,Rohan Deshmukh,76.12,1727.97,NETBANKING,BANK_TIMEOUT,2,58.0,STOP,NOT_ATTEMPTED,0.0,2026-08-07 15:47:33.043570
SIM-TXN-01681,CUST-0149,Kunal Patil,91.6,3371.07,UPI,BANK_TIMEOUT,2,63.0,STOP,NOT_ATTEMPTED,0.0,2026-08-10 10:42:33.043570
SIM-TXN-01682,CUST-0380,Ananya Kulkarni,80.0,2393.81,WALLET,INSUFFICIENT_FUNDS,2,23.0,STOP,NOT_ATTEMPTED,0.0,2026-08-26 00:33:33.043570
SIM-TXN-01683,CUST-0446,Neha Shah,90.79,1184.46,UPI,AUTH_FAILED,0,52.0,NOTIFY,SUCCESS,1184.46,2026-08-24 23:14:33.043570
SIM-TXN-01684,CUST-0197,Aditya More,51.11,3163.67,WALLET,AUTH_FAILED,1,37.0,ESCALATE,FAILED,0.0,2026-08-11 04:59:33.043570
SIM-TXN-01685,CUST-0095,Rohan Deshmukh,92.99,950.29,CARD,BANK_TIMEOUT,2,63.0,STOP,NOT_ATTEMPTED,0.0,2026-08-02 04:38:33.043570
SIM-TXN-01686,CUST-0451,Rahul Sharma,89.39,6311.59,WALLET,UNKNOWN,2,15.0,STOP,NOT_ATTEMPTED,0.0,2026-08-25 16:29:33.043570
SIM-TXN-01687,CUST-0133,Amit Joshi,80.79,1682.95,CARD,BANK_ERROR,1,70.0,RETRY,SUCCESS,1682.95,2026-08-26 22:03:33.043570
SIM-TXN-01688,CUST-0061,Rahul Sharma,84.8,2866.73,UPI,BANK_TIMEOUT,2,63.0,STOP,NOT_ATTEMPTED,0.0,2026-08-12 15:09:33.043570
SIM-TXN-01689,CUST-0150,Ananya Kulkarni,60.1,3061.41,CARD,BANK_TIMEOUT,1,78.0,RETRY,FAILED,0.0,2026-08-14 02:21:33.043570
SIM-TXN-01690,CUST-0448,Pooja Jadhav,63.01,1984.01,CARD,INSUFFICIENT_FUNDS,0,43.0,ESCALATE,FAILED,0.0,2026-08-01 20:29:33.043570
SIM-TXN-01691,CUST-0333,Amit Joshi,57.79,3902.43,NETBANKING,BANK_ERROR,1,60.0,NOTIFY,SUCCESS,3902.43,2026-08-26 18:55:33.043570
SIM-TXN-01692,CUST-0136,Neha Shah,47.11,1669.16,WALLET,INSUFFICIENT_FUNDS,2,13.0,STOP,NOT_ATTEMPTED,0.0,2026-08-15 05:04:33.043570
SIM-TXN-01693,CUST-0167,Aditya More,53.56,4900.23,UPI,UNKNOWN,1,25.0,ESCALATE,SUCCESS,4900.23,2026-08-14 12:27:33.043570
SIM-TXN-01694,CUST-0091,Rahul Sharma,46.11,831.49,UPI,BANK_TIMEOUT,2,53.0,STOP,NOT_ATTEMPTED,0.0,2026-08-31 16:55:33.043570
SIM-TXN-01695,CUST-0445,Rohan Deshmukh,71.94,2700.26,UPI,INSUFFICIENT_FUNDS,2,18.0,STOP,NOT_ATTEMPTED,0.0,2026-08-19 04:11:33.043570
SIM-TXN-01696,CUST-0485,Rohan Deshmukh,60.55,11511.98,CARD,AUTH_FAILED,1,42.0,ESCALATE,SUCCESS,11511.98,2026-08-14 00:33:33.043570
SIM-TXN-01697,CUST-0105,Rohan Deshmukh,90.78,1096.34,WALLET,AUTH_FAILED,0,52.0,NOTIFY,SUCCESS,1096.34,2026-08-21 12:54:33.043570
SIM-TXN-01698,CUST-0189,Kunal Patil,55.58,1419.14,WALLET,BANK_TIMEOUT,0,78.0,RETRY,SUCCESS,1419.14,2026-08-22 16:44:33.043570
SIM-TXN-01699,CUST-0095,Rohan Deshmukh,92.99,3681.69,CARD,INSUFFICIENT_FUNDS,0,48.0,ESCALATE,FAILED,0.0,2026-08-10 00:01:33.043570
SIM-TXN-01700,CUST-0332,Priya Patil,95.25,2817.67,NETBANKING,BANK_TIMEOUT,0,88.0,RETRY,FAILED,0.0,2026-08-19 17:32:33.043570
SIM-TXN-01701,CUST-0352,Priya Patil,89.13,3230.86,UPI,AUTH_FAILED,0,52.0,NOTIFY,SUCCESS,3230.86,2026-08-12 22:50:33.043570
SIM-TXN-01702,CUST-0233,Amit Joshi,69.14,3609.59,WALLET,UNKNOWN,0,35.0,ESCALATE,FAILED,0.0,2026-08-08 00:55:33.043570
SIM-TXN-01703,CUST-0373,Amit Joshi,65.16,4055.29,UPI,INSUFFICIENT_FUNDS,2,18.0,STOP,NOT_ATTEMPTED,0.0,2026-08-06 07:53:33.043570
SIM-TXN-01704,CUST-0194,Sneha Kulkarni,63.61,5929.88,UPI,BANK_ERROR,0,70.0,RETRY,FAILED,0.0,2026-08-31 02:54:33.043570
SIM-TXN-01705,CUST-0479,Kunal Patil,97.86,3387.53,CARD,BANK_TIMEOUT,0,88.0,RETRY,SUCCESS,3387.53,2026-08-30 08:14:33.043570
SIM-TXN-01706,CUST-0308,Pooja Jadhav,73.24,2012.22,UPI,BANK_TIMEOUT,0,83.0,RETRY,SUCCESS,2012.22,2026-08-17 04:34:33.043570
SIM-TXN-01707,CUST-0437,Aditya More,69.46,4179.97,CARD,INSUFFICIENT_FUNDS,0,43.0,ESCALATE,FAILED,0.0,2026-08-27 09:45:33.043570
SIM-TXN-01708,CUST-0457,Aditya More,91.09,11157.93,CARD,BANK_ERROR,1,70.0,RETRY,SUCCESS,11157.93,2026-08-08 19:44:33.043570
SIM-TXN-01709,CUST-0125,Rohan Deshmukh,56.54,2194.9,NETBANKING,BANK_TIMEOUT,2,53.0,STOP,NOT_ATTEMPTED,0.0,2026-08-26 12:44:33.043570
SIM-TXN-01710,CUST-0064,Sneha Kulkarni,95.55,1119.21,UPI,BANK_TIMEOUT,0,88.0,RETRY,SUCCESS,1119.21,2026-08-06 10:59:33.043570
SIM-TXN-01711,CUST-0262,Priya Patil,48.3,5917.47,WALLET,UNKNOWN,0,30.0,ESCALATE,SUCCESS,5917.47,2026-08-11 23:58:33.043570
SIM-TXN-01712,CUST-0013,Amit Joshi,59.73,2216.52,WALLET,BANK_TIMEOUT,0,78.0,RETRY,SUCCESS,2216.52,2026-08-14 20:16:33.043570
SIM-TXN-01713,CUST-0116,Neha Shah,94.1,429.17,WALLET,UNKNOWN,2,15.0,STOP,NOT_ATTEMPTED,0.0,2026-08-06 21:44:33.043570
SIM-TXN-01714,CUST-0252,Priya Patil,70.68,4807.52,UPI,BANK_TIMEOUT,0,83.0,RETRY,SUCCESS,4807.52,2026-08-14 14:46:33.043570
SIM-TXN-01715,CUST-0183,Amit Joshi,54.51,1590.39,NETBANKING,BANK_TIMEOUT,0,78.0,RETRY,SUCCESS,1590.39,2026-08-05 15:35:33.043570
SIM-TXN-01716,CUST-0459,Kunal Patil,90.37,2270.09,CARD,BANK_TIMEOUT,0,88.0,RETRY,SUCCESS,2270.09,2026-08-17 00:42:33.043570
SIM-TXN-01717,CUST-0308,Pooja Jadhav,73.24,3183.02,WALLET,BANK_TIMEOUT,0,83.0,RETRY,FAILED,0.0,2026-08-15 12:21:33.043570
SIM-TXN-01718,CUST-0320,Ananya Kulkarni,59.22,2842.39,NETBANKING,INSUFFICIENT_FUNDS,0,38.0,ESCALATE,SUCCESS,2842.39,2026-08-24 12:16:33.043570
SIM-TXN-01719,CUST-0339,Kunal Patil,61.23,4305.13,NETBANKING,BANK_ERROR,2,45.0,STOP,NOT_ATTEMPTED,0.0,2026-08-05 06:22:33.043570
SIM-TXN-01720,CUST-0404,Sneha Kulkarni,57.13,1722.64,CARD,BANK_TIMEOUT,2,53.0,STOP,NOT_ATTEMPTED,0.0,2026-08-08 11:04:33.043570
SIM-TXN-01721,CUST-0164,Sneha Kulkarni,88.96,3679.33,WALLET,BANK_TIMEOUT,2,63.0,STOP,NOT_ATTEMPTED,0.0,2026-08-23 13:32:33.043570
SIM-TXN-01722,CUST-0418,Pooja Jadhav,88.12,1982.99,WALLET,BANK_TIMEOUT,2,63.0,STOP,NOT_ATTEMPTED,0.0,2026-08-14 11:08:33.043570
SIM-TXN-01723,CUST-0075,Rohan Deshmukh,91.57,4407.44,CARD,BANK_TIMEOUT,0,88.0,RETRY,SUCCESS,4407.44,2026-08-17 20:06:33.043570
SIM-TXN-01724,CUST-0164,Sneha Kulkarni,88.96,3992.98,WALLET,BANK_ERROR,2,50.0,STOP,NOT_ATTEMPTED,0.0,2026-08-20 15:06:33.043570
SIM-TXN-01725,CUST-0309,Kunal Patil,48.65,1154.76,NETBANKING,INSUFFICIENT_FUNDS,0,38.0,ESCALATE,FAILED,0.0,2026-08-31 13:15:33.043570
SIM-TXN-01726,CUST-0472,Priya Patil,79.44,5818.43,WALLET,BANK_TIMEOUT,2,58.0,STOP,NOT_ATTEMPTED,0.0,2026-08-24 09:56:33.043570
SIM-TXN-01727,CUST-0276,Neha Shah,73.31,1589.59,CARD,AUTH_FAILED,1,42.0,ESCALATE,SUCCESS,1589.59,2026-08-20 23:43:33.043570
SIM-TXN-01728,CUST-0270,Ananya Kulkarni,87.39,4658.49,CARD,AUTH_FAILED,2,27.0,STOP,NOT_ATTEMPTED,0.0,2026-08-05 18:16:33.043570
SIM-TXN-01729,CUST-0121,Rahul Sharma,59.06,3274.2,CARD,BANK_ERROR,0,65.0,NOTIFY,SUCCESS,3274.2,2026-08-23 08:37:33.043570
SIM-TXN-01730,CUST-0491,Rahul Sharma,77.84,10620.56,UPI,BANK_TIMEOUT,0,83.0,RETRY,FAILED,0.0,2026-08-18 05:07:33.043570
SIM-TXN-01731,CUST-0435,Rohan Deshmukh,66.62,2041.07,CARD,INSUFFICIENT_FUNDS,1,38.0,ESCALATE,FAILED,0.0,2026-08-26 21:21:33.043570
SIM-TXN-01732,CUST-0498,Pooja Jadhav,53.37,1845.58,WALLET,UNKNOWN,0,30.0,ESCALATE,SUCCESS,1845.58,2026-08-12 00:16:33.043570
SIM-TXN-01733,CUST-0029,Kunal Patil,53.62,2402.98,UPI,INSUFFICIENT_FUNDS,2,13.0,STOP,NOT_ATTEMPTED,0.0,2026-08-08 07:14:33.043570
SIM-TXN-01734,CUST-0194,Sneha Kulkarni,63.61,1914.97,WALLET,INSUFFICIENT_FUNDS,1,38.0,ESCALATE,SUCCESS,1914.97,2026-08-06 14:45:33.043570
SIM-TXN-01735,CUST-0340,Ananya Kulkarni,64.56,4628.34,WALLET,AUTH_FAILED,2,22.0,STOP,NOT_ATTEMPTED,0.0,2026-08-08 23:44:33.043570
SIM-TXN-01736,CUST-0016,Neha Shah,50.13,669.78,CARD,BANK_TIMEOUT,0,78.0,RETRY,SUCCESS,669.78,2026-08-02 08:35:33.043570
SIM-TXN-01737,CUST-0292,Priya Patil,77.93,1050.53,WALLET,INSUFFICIENT_FUNDS,0,43.0,ESCALATE,FAILED,0.0,2026-08-23 04:04:33.043570
SIM-TXN-01738,CUST-0381,Rahul Sharma,57.71,1038.73,NETBANKING,BANK_TIMEOUT,1,73.0,RETRY,SUCCESS,1038.73,2026-08-17 03:25:33.043570
SIM-TXN-01739,CUST-0228,Pooja Jadhav,80.66,5219.97,UPI,INSUFFICIENT_FUNDS,1,43.0,ESCALATE,SUCCESS,5219.97,2026-08-04 12:30:33.043570
SIM-TXN-01740,CUST-0452,Priya Patil,97.94,9590.14,CARD,AUTH_FAILED,2,27.0,STOP,NOT_ATTEMPTED,0.0,2026-08-09 02:06:33.043570
SIM-TXN-01741,CUST-0006,Neha Shah,56.59,2244.95,WALLET,BANK_ERROR,2,40.0,STOP,NOT_ATTEMPTED,0.0,2026-08-22 11:10:33.043570
SIM-TXN-01742,CUST-0284,Sneha Kulkarni,59.75,2132.27,NETBANKING,INSUFFICIENT_FUNDS,2,13.0,STOP,NOT_ATTEMPTED,0.0,2026-08-24 15:08:33.043570
SIM-TXN-01743,CUST-0157,Aditya More,84.35,2581.28,WALLET,INSUFFICIENT_FUNDS,0,48.0,ESCALATE,SUCCESS,2581.28,2026-08-05 23:23:33.043570
SIM-TXN-01744,CUST-0268,Pooja Jadhav,84.93,6182.65,CARD,BANK_ERROR,2,50.0,STOP,NOT_ATTEMPTED,0.0,2026-08-11 10:22:33.043570
SIM-TXN-01745,CUST-0206,Neha Shah,81.4,1162.26,CARD,AUTH_FAILED,1,47.0,ESCALATE,SUCCESS,1162.26,2026-08-27 05:51:33.043570
SIM-TXN-01746,CUST-0310,Ananya Kulkarni,45.67,2953.35,WALLET,INSUFFICIENT_FUNDS,1,33.0,ESCALATE,SUCCESS,2953.35,2026-08-31 00:04:33.043570
SIM-TXN-01747,CUST-0208,Pooja Jadhav,95.29,5324.95,CARD,INSUFFICIENT_FUNDS,0,48.0,ESCALATE,FAILED,0.0,2026-08-31 05:16:33.043570
SIM-TXN-01748,CUST-0218,Pooja Jadhav,61.11,3644.14,UPI,BANK_TIMEOUT,0,83.0,RETRY,SUCCESS,3644.14,2026-08-29 05:48:33.043570
SIM-TXN-01749,CUST-0399,Kunal Patil,71.53,2840.3,UPI,INSUFFICIENT_FUNDS,0,43.0,ESCALATE,SUCCESS,2840.3,2026-08-26 10:30:33.043570
SIM-TXN-01750,CUST-0055,Rohan Deshmukh,76.61,5436.21,UPI,BANK_TIMEOUT,1,78.0,RETRY,SUCCESS,5436.21,2026-08-10 23:18:33.043570
SIM-TXN-01751,CUST-0327,Aditya More,70.84,280.74,CARD,UNKNOWN,1,30.0,ESCALATE,SUCCESS,280.74,2026-08-27 17:41:33.043570
SIM-TXN-01752,CUST-0290,Ananya Kulkarni,84.97,4197.73,WALLET,BANK_TIMEOUT,0,88.0,RETRY,SUCCESS,4197.73,2026-08-06 00:46:33.043570
SIM-TXN-01753,CUST-0484,Sneha Kulkarni,62.19,1446.26,NETBANKING,BANK_ERROR,1,65.0,NOTIFY,FAILED,0.0,2026-08-24 13:20:33.043570
SIM-TXN-01754,CUST-0100,Ananya Kulkarni,75.54,564.25,WALLET,BANK_ERROR,2,45.0,STOP,NOT_ATTEMPTED,0.0,2026-08-17 23:38:33.043570
SIM-TXN-01755,CUST-0499,Kunal Patil,95.1,3673.73,UPI,BANK_TIMEOUT,1,83.0,RETRY,SUCCESS,3673.73,2026-08-24 17:00:33.043570
SIM-TXN-01756,CUST-0052,Priya Patil,85.06,7324.11,CARD,AUTH_FAILED,0,52.0,NOTIFY,FAILED,0.0,2026-08-19 04:20:33.043570
SIM-TXN-01757,CUST-0245,Rohan Deshmukh,77.47,2186.46,UPI,AUTH_FAILED,1,42.0,ESCALATE,SUCCESS,2186.46,2026-08-22 20:48:33.043570
SIM-TXN-01758,CUST-0041,Rahul Sharma,93.4,5230.7,UPI,UNKNOWN,2,15.0,STOP,NOT_ATTEMPTED,0.0,2026-08-12 07:54:33.043570
SIM-TXN-01759,CUST-0453,Amit Joshi,90.86,8864.61,CARD,BANK_TIMEOUT,2,63.0,STOP,NOT_ATTEMPTED,0.0,2026-08-09 02:52:33.043570
SIM-TXN-01760,CUST-0494,Sneha Kulkarni,78.81,6987.87,NETBANKING,AUTH_FAILED,1,42.0,ESCALATE,FAILED,0.0,2026-08-17 05:16:33.043570
SIM-TXN-01761,CUST-0149,Kunal Patil,91.6,9063.15,WALLET,BANK_ERROR,0,75.0,RETRY,FAILED,0.0,2026-08-19 10:21:33.043570
SIM-TXN-01762,CUST-0123,Amit Joshi,80.08,4419.15,UPI,BANK_TIMEOUT,0,88.0,RETRY,SUCCESS,4419.15,2026-08-24 10:23:33.043570
SIM-TXN-01763,CUST-0050,Ananya Kulkarni,97.86,2592.42,CARD,INSUFFICIENT_FUNDS,1,43.0,ESCALATE,FAILED,0.0,2026-08-05 18:10:33.043570
SIM-TXN-01764,CUST-0256,Neha Shah,92.33,677.51,NETBANKING,BANK_TIMEOUT,0,88.0,RETRY,FAILED,0.0,2026-08-09 03:20:33.043570
SIM-TXN-01765,CUST-0035,Rohan Deshmukh,59.31,2004.5,NETBANKING,BANK_TIMEOUT,1,73.0,RETRY,SUCCESS,2004.5,2026-08-09 22:41:33.043570
SIM-TXN-01766,CUST-0364,Sneha Kulkarni,51.05,1243.15,NETBANKING,INSUFFICIENT_FUNDS,1,33.0,ESCALATE,FAILED,0.0,2026-08-21 21:47:33.043570
SIM-TXN-01767,CUST-0333,Amit Joshi,57.79,13859.89,UPI,UNKNOWN,2,5.0,STOP,NOT_ATTEMPTED,0.0,2026-08-24 00:16:33.043570
SIM-TXN-01768,CUST-0021,Rahul Sharma,88.96,2120.25,NETBANKING,BANK_ERROR,1,70.0,RETRY,SUCCESS,2120.25,2026-08-29 23:49:33.043570
SIM-TXN-01769,CUST-0470,Ananya Kulkarni,48.97,2693.41,WALLET,INSUFFICIENT_FUNDS,1,33.0,ESCALATE,FAILED,0.0,2026-08-30 05:13:33.043570
SIM-TXN-01770,CUST-0488,Pooja Jadhav,81.14,3794.05,UPI,BANK_ERROR,2,50.0,STOP,NOT_ATTEMPTED,0.0,2026-08-20 14:17:33.043570
SIM-TXN-01771,CUST-0260,Ananya Kulkarni,66.99,2527.24,UPI,BANK_ERROR,2,45.0,STOP,NOT_ATTEMPTED,0.0,2026-08-31 02:14:33.043570
SIM-TXN-01772,CUST-0030,Ananya Kulkarni,56.1,9471.48,CARD,INSUFFICIENT_FUNDS,2,13.0,STOP,NOT_ATTEMPTED,0.0,2026-08-27 07:30:33.043570
SIM-TXN-01773,CUST-0005,Rohan Deshmukh,46.68,1483.09,UPI,BANK_TIMEOUT,1,73.0,RETRY,SUCCESS,1483.09,2026-08-27 17:42:33.043570
SIM-TXN-01774,CUST-0205,Rohan Deshmukh,72.56,2851.74,CARD,INSUFFICIENT_FUNDS,1,38.0,ESCALATE,FAILED,0.0,2026-08-06 01:05:33.043570
SIM-TXN-01775,CUST-0179,Kunal Patil,96.61,1347.52,WALLET,BANK_ERROR,0,75.0,RETRY,SUCCESS,1347.52,2026-08-06 17:18:33.043570
SIM-TXN-01776,CUST-0470,Ananya Kulkarni,48.97,848.93,WALLET,UNKNOWN,1,25.0,ESCALATE,SUCCESS,848.93,2026-08-16 18:01:33.043570
SIM-TXN-01777,CUST-0034,Sneha Kulkarni,53.66,1496.05,WALLET,BANK_ERROR,0,65.0,NOTIFY,FAILED,0.0,2026-08-23 11:07:33.043570
SIM-TXN-01778,CUST-0059,Kunal Patil,81.06,2369.35,UPI,BANK_TIMEOUT,2,63.0,STOP,NOT_ATTEMPTED,0.0,2026-08-08 21:04:33.043570
SIM-TXN-01779,CUST-0486,Neha Shah,67.83,1731.18,CARD,BANK_ERROR,1,65.0,NOTIFY,SUCCESS,1731.18,2026-08-29 03:30:33.043570
SIM-TXN-01780,CUST-0397,Aditya More,51.59,1402.57,NETBANKING,BANK_ERROR,1,60.0,NOTIFY,FAILED,0.0,2026-08-11 12:04:33.043570
SIM-TXN-01781,CUST-0028,Pooja Jadhav,78.69,792.3,UPI,BANK_TIMEOUT,2,58.0,STOP,NOT_ATTEMPTED,0.0,2026-08-21 00:54:33.043570
SIM-TXN-01782,CUST-0139,Kunal Patil,94.54,2283.62,CARD,BANK_TIMEOUT,0,88.0,RETRY,SUCCESS,2283.62,2026-08-14 06:08:33.043570
SIM-TXN-01783,CUST-0208,Pooja Jadhav,95.29,732.32,WALLET,BANK_TIMEOUT,1,83.0,RETRY,SUCCESS,732.32,2026-08-13 14:21:33.043570
SIM-TXN-01784,CUST-0095,Rohan Deshmukh,92.99,4482.99,UPI,INSUFFICIENT_FUNDS,1,43.0,ESCALATE,SUCCESS,4482.99,2026-08-15 07:15:33.043570
SIM-TXN-01785,CUST-0085,Rohan Deshmukh,85.03,2606.99,WALLET,BANK_TIMEOUT,1,83.0,RETRY,SUCCESS,2606.99,2026-08-09 02:28:33.043570
SIM-TXN-01786,CUST-0495,Rohan Deshmukh,58.53,760.49,NETBANKING,INSUFFICIENT_FUNDS,2,13.0,STOP,NOT_ATTEMPTED,0.0,2026-08-27 17:54:33.043570
SIM-TXN-01787,CUST-0200,Ananya Kulkarni,68.03,1905.75,CARD,INSUFFICIENT_FUNDS,0,43.0,ESCALATE,FAILED,0.0,2026-08-28 02:49:33.043570
SIM-TXN-01788,CUST-0316,Neha Shah,96.17,1337.12,NETBANKING,BANK_TIMEOUT,0,88.0,RETRY,SUCCESS,1337.12,2026-08-22 15:56:33.043570
SIM-TXN-01789,CUST-0479,Kunal Patil,97.86,3150.57,NETBANKING,BANK_TIMEOUT,0,88.0,RETRY,SUCCESS,3150.57,2026-08-20 06:50:33.043570
SIM-TXN-01790,CUST-0135,Rohan Deshmukh,58.05,7132.1,UPI,AUTH_FAILED,1,37.0,ESCALATE,FAILED,0.0,2026-08-07 12:17:33.043570
SIM-TXN-01791,CUST-0325,Rohan Deshmukh,62.83,544.5,UPI,BANK_ERROR,0,70.0,RETRY,SUCCESS,544.5,2026-08-10 07:56:33.043570
SIM-TXN-01792,CUST-0216,Neha Shah,77.62,2675.85,CARD,INSUFFICIENT_FUNDS,2,18.0,STOP,NOT_ATTEMPTED,0.0,2026-08-18 23:21:33.043570
SIM-TXN-01793,CUST-0111,Rahul Sharma,67.36,2147.14,CARD,BANK_ERROR,2,45.0,STOP,NOT_ATTEMPTED,0.0,2026-08-28 01:01:33.043570
SIM-TXN-01794,CUST-0490,Ananya Kulkarni,77.3,4175.85,NETBANKING,BANK_TIMEOUT,0,83.0,RETRY,SUCCESS,4175.85,2026-08-15 18:15:33.043570
SIM-TXN-01795,CUST-0258,Pooja Jadhav,65.3,2894.47,UPI,INSUFFICIENT_FUNDS,2,18.0,STOP,NOT_ATTEMPTED,0.0,2026-08-24 12:09:33.043570
SIM-TXN-01796,CUST-0333,Amit Joshi,57.79,1337.32,WALLET,UNKNOWN,1,25.0,ESCALATE,FAILED,0.0,2026-08-26 11:29:33.043570
SIM-TXN-01797,CUST-0219,Kunal Patil,67.78,1890.8,NETBANKING,AUTH_FAILED,0,47.0,ESCALATE,FAILED,0.0,2026-08-22 16:07:33.043570
SIM-TXN-01798,CUST-0220,Ananya Kulkarni,77.15,1291.01,CARD,BANK_ERROR,2,45.0,STOP,NOT_ATTEMPTED,0.0,2026-08-21 15:03:33.043570
SIM-TXN-01799,CUST-0196,Neha Shah,62.55,5772.18,WALLET,BANK_TIMEOUT,2,58.0,STOP,NOT_ATTEMPTED,0.0,2026-08-14 16:20:33.043570
SIM-TXN-01800,CUST-0360,Ananya Kulkarni,75.43,2482.57,UPI,AUTH_FAILED,0,47.0,ESCALATE,FAILED,0.0,2026-08-06 12:21:33.043570
SIM-TXN-01801,CUST-0046,Neha Shah,58.07,11169.62,WALLET,AUTH_FAILED,0,42.0,ESCALATE,FAILED,0.0,2026-08-30 04:21:33.043570
SIM-TXN-01802,CUST-0475,Rohan Deshmukh,78.22,2324.99,WALLET,AUTH_FAILED,2,22.0,STOP,NOT_ATTEMPTED,0.0,2026-08-28 05:49:33.043570
SIM-TXN-01803,CUST-0413,Amit Joshi,63.44,1384.75,NETBANKING,BANK_TIMEOUT,1,78.0,RETRY,SUCCESS,1384.75,2026-08-22 11:32:33.043570
SIM-TXN-01804,CUST-0283,Amit Joshi,85.35,727.07,CARD,BANK_ERROR,1,70.0,RETRY,FAILED,0.0,2026-08-17 17:55:33.043570
SIM-TXN-01805,CUST-0496,Neha Shah,92.64,576.8,WALLET,INSUFFICIENT_FUNDS,1,43.0,ESCALATE,FAILED,0.0,2026-08-31 03:19:33.043570
SIM-TXN-01806,CUST-0361,Rahul Sharma,70.37,687.25,WALLET,INSUFFICIENT_FUNDS,0,43.0,ESCALATE,FAILED,0.0,2026-08-11 23:33:33.043570
SIM-TXN-01807,CUST-0260,Ananya Kulkarni,66.99,3022.08,NETBANKING,BANK_TIMEOUT,1,78.0,RETRY,SUCCESS,3022.08,2026-08-20 15:56:33.043570
SIM-TXN-01808,CUST-0345,Rohan Deshmukh,57.22,3666.45,WALLET,BANK_TIMEOUT,0,78.0,RETRY,SUCCESS,3666.45,2026-08-08 18:29:33.043570
SIM-TXN-01809,CUST-0405,Rohan Deshmukh,76.12,688.87,NETBANKING,BANK_ERROR,1,65.0,NOTIFY,SUCCESS,688.87,2026-08-27 19:56:33.043570
SIM-TXN-01810,CUST-0221,Rahul Sharma,69.64,4994.19,WALLET,BANK_TIMEOUT,0,83.0,RETRY,SUCCESS,4994.19,2026-08-19 16:34:33.043570
SIM-TXN-01811,CUST-0425,Rohan Deshmukh,54.94,1658.3,WALLET,BANK_TIMEOUT,0,78.0,RETRY,FAILED,0.0,2026-08-19 13:24:33.043570
SIM-TXN-01812,CUST-0373,Amit Joshi,65.16,2744.72,NETBANKING,BANK_TIMEOUT,2,58.0,STOP,NOT_ATTEMPTED,0.0,2026-08-09 00:01:33.043570
SIM-TXN-01813,CUST-0224,Sneha Kulkarni,79.92,8864.2,CARD,BANK_TIMEOUT,2,58.0,STOP,NOT_ATTEMPTED,0.0,2026-08-07 04:15:33.043570
SIM-TXN-01814,CUST-0324,Sneha Kulkarni,75.2,5001.39,WALLET,AUTH_FAILED,2,22.0,STOP,NOT_ATTEMPTED,0.0,2026-08-13 15:12:33.043570
SIM-TXN-01815,CUST-0429,Kunal Patil,51.94,1968.79,NETBANKING,AUTH_FAILED,0,42.0,ESCALATE,SUCCESS,1968.79,2026-08-02 22:58:33.043570
SIM-TXN-01816,CUST-0224,Sneha Kulkarni,79.92,1196.37,CARD,BANK_TIMEOUT,0,83.0,RETRY,SUCCESS,1196.37,2026-08-26 12:48:33.043570
SIM-TXN-01817,CUST-0472,Priya Patil,79.44,436.39,WALLET,UNKNOWN,0,35.0,ESCALATE,FAILED,0.0,2026-08-07 17:33:33.043570
SIM-TXN-01818,CUST-0233,Amit Joshi,69.14,1372.9,NETBANKING,AUTH_FAILED,0,47.0,ESCALATE,SUCCESS,1372.9,2026-08-11 21:10:33.043570
SIM-TXN-01819,CUST-0153,Amit Joshi,45.41,2061.31,CARD,BANK_TIMEOUT,2,53.0,STOP,NOT_ATTEMPTED,0.0,2026-08-18 23:57:33.043570
SIM-TXN-01820,CUST-0395,Rohan Deshmukh,84.69,1107.94,UPI,BANK_TIMEOUT,1,83.0,RETRY,SUCCESS,1107.94,2026-08-08 08:00:33.043570
SIM-TXN-01821,CUST-0322,Priya Patil,59.78,2197.32,UPI,BANK_TIMEOUT,0,78.0,RETRY,SUCCESS,2197.32,2026-08-28 21:50:33.043570
SIM-TXN-01822,CUST-0063,Amit Joshi,53.38,2595.36,NETBANKING,BANK_TIMEOUT,1,73.0,RETRY,FAILED,0.0,2026-08-06 00:18:33.043570
SIM-TXN-01823,CUST-0040,Ananya Kulkarni,59.19,2038.8,NETBANKING,BANK_ERROR,0,65.0,NOTIFY,SUCCESS,2038.8,2026-08-24 03:18:33.043570
SIM-TXN-01824,CUST-0408,Pooja Jadhav,69.94,1450.99,UPI,BANK_TIMEOUT,1,78.0,RETRY,FAILED,0.0,2026-08-05 06:19:33.043570
SIM-TXN-01825,CUST-0108,Pooja Jadhav,87.43,2793.15,WALLET,INSUFFICIENT_FUNDS,1,43.0,ESCALATE,FAILED,0.0,2026-08-22 07:26:33.043570
SIM-TXN-01826,CUST-0414,Sneha Kulkarni,62.02,3475.7,NETBANKING,BANK_TIMEOUT,0,83.0,RETRY,FAILED,0.0,2026-08-27 14:36:33.043570
SIM-TXN-01827,CUST-0324,Sneha Kulkarni,75.2,1020.13,UPI,AUTH_FAILED,0,47.0,ESCALATE,FAILED,0.0,2026-08-17 13:44:33.043570
SIM-TXN-01828,CUST-0248,Pooja Jadhav,84.41,7545.8,UPI,UNKNOWN,0,40.0,ESCALATE,FAILED,0.0,2026-08-13 08:56:33.043570
SIM-TXN-01829,CUST-0475,Rohan Deshmukh,78.22,2255.51,UPI,BANK_TIMEOUT,2,58.0,STOP,NOT_ATTEMPTED,0.0,2026-08-02 20:07:33.043570
SIM-TXN-01830,CUST-0266,Neha Shah,65.16,2477.68,CARD,AUTH_FAILED,0,47.0,ESCALATE,FAILED,0.0,2026-08-07 00:20:33.043570
SIM-TXN-01831,CUST-0461,Rahul Sharma,82.38,4300.87,NETBANKING,BANK_TIMEOUT,0,88.0,RETRY,SUCCESS,4300.87,2026-08-07 13:13:33.043570
SIM-TXN-01832,CUST-0138,Pooja Jadhav,74.96,2941.2,CARD,BANK_TIMEOUT,0,83.0,RETRY,SUCCESS,2941.2,2026-08-26 21:20:33.043570
SIM-TXN-01833,CUST-0334,Sneha Kulkarni,70.89,5231.79,WALLET,BANK_TIMEOUT,1,78.0,RETRY,SUCCESS,5231.79,2026-08-19 23:48:33.043570
SIM-TXN-01834,CUST-0473,Amit Joshi,90.17,3070.82,CARD,BANK_TIMEOUT,0,88.0,RETRY,SUCCESS,3070.82,2026-08-14 13:59:33.043570
SIM-TXN-01835,CUST-0493,Amit Joshi,52.59,1495.25,NETBANKING,BANK_ERROR,0,65.0,NOTIFY,FAILED,0.0,2026-08-23 23:48:33.043570
SIM-TXN-01836,CUST-0222,Priya Patil,80.81,3259.09,WALLET,UNKNOWN,2,15.0,STOP,NOT_ATTEMPTED,0.0,2026-08-14 03:42:33.043570
SIM-TXN-01837,CUST-0418,Pooja Jadhav,88.12,977.52,UPI,BANK_ERROR,2,50.0,STOP,NOT_ATTEMPTED,0.0,2026-08-19 05:21:33.043570
SIM-TXN-01838,CUST-0220,Ananya Kulkarni,77.15,2662.04,NETBANKING,BANK_TIMEOUT,1,78.0,RETRY,FAILED,0.0,2026-08-04 17:09:33.043570
SIM-TXN-01839,CUST-0231,Rahul Sharma,97.15,2376.58,UPI,BANK_TIMEOUT,2,63.0,STOP,NOT_ATTEMPTED,0.0,2026-08-13 07:22:33.043570
SIM-TXN-01840,CUST-0301,Rahul Sharma,75.52,2066.28,NETBANKING,BANK_ERROR,1,65.0,NOTIFY,SUCCESS,2066.28,2026-08-09 23:28:33.043570
SIM-TXN-01841,CUST-0415,Rohan Deshmukh,90.46,2202.11,CARD,BANK_ERROR,1,70.0,RETRY,SUCCESS,2202.11,2026-08-11 14:00:33.043570
SIM-TXN-01842,CUST-0337,Aditya More,49.93,541.6,CARD,BANK_ERROR,1,60.0,NOTIFY,SUCCESS,541.6,2026-08-16 06:57:33.043570
SIM-TXN-01843,CUST-0353,Amit Joshi,57.06,1573.44,NETBANKING,BANK_TIMEOUT,0,78.0,RETRY,SUCCESS,1573.44,2026-08-16 10:11:33.043570
SIM-TXN-01844,CUST-0461,Rahul Sharma,82.38,2628.78,UPI,BANK_TIMEOUT,1,83.0,RETRY,SUCCESS,2628.78,2026-08-11 10:43:33.043570
SIM-TXN-01845,CUST-0270,Ananya Kulkarni,87.39,2773.55,NETBANKING,BANK_TIMEOUT,2,63.0,STOP,NOT_ATTEMPTED,0.0,2026-08-29 10:57:33.043570
SIM-TXN-01846,CUST-0485,Rohan Deshmukh,60.55,1072.62,UPI,UNKNOWN,2,10.0,STOP,NOT_ATTEMPTED,0.0,2026-08-31 04:51:33.043570
SIM-TXN-01847,CUST-0216,Neha Shah,77.62,6718.14,WALLET,INSUFFICIENT_FUNDS,1,38.0,ESCALATE,FAILED,0.0,2026-08-10 19:23:33.043570
SIM-TXN-01848,CUST-0101,Rahul Sharma,86.58,1220.55,WALLET,BANK_TIMEOUT,1,83.0,RETRY,SUCCESS,1220.55,2026-08-14 06:42:33.043570
SIM-TXN-01849,CUST-0216,Neha Shah,77.62,5300.55,WALLET,BANK_TIMEOUT,0,83.0,RETRY,SUCCESS,5300.55,2026-08-28 16:40:33.043570
SIM-TXN-01850,CUST-0197,Aditya More,51.11,3434.94,UPI,BANK_TIMEOUT,1,73.0,RETRY,SUCCESS,3434.94,2026-08-27 23:50:33.043570
SIM-TXN-01851,CUST-0003,Amit Joshi,84.03,1455.37,NETBANKING,UNKNOWN,0,40.0,ESCALATE,FAILED,0.0,2026-08-20 02:56:33.043570
SIM-TXN-01852,CUST-0019,Kunal Patil,51.62,10099.58,UPI,UNKNOWN,1,25.0,ESCALATE,FAILED,0.0,2026-08-04 22:49:33.043570
SIM-TXN-01853,CUST-0241,Rahul Sharma,58.21,939.26,WALLET,BANK_TIMEOUT,2,53.0,STOP,NOT_ATTEMPTED,0.0,2026-08-15 11:44:33.043570
SIM-TXN-01854,CUST-0141,Rahul Sharma,57.65,5091.48,NETBANKING,BANK_ERROR,1,60.0,NOTIFY,SUCCESS,5091.48,2026-08-16 01:02:33.043570
SIM-TXN-01855,CUST-0253,Amit Joshi,59.55,5434.19,WALLET,AUTH_FAILED,1,37.0,ESCALATE,FAILED,0.0,2026-08-22 11:29:33.043570
SIM-TXN-01856,CUST-0253,Amit Joshi,59.55,1427.25,UPI,INSUFFICIENT_FUNDS,1,33.0,ESCALATE,FAILED,0.0,2026-08-06 11:11:33.043570
SIM-TXN-01857,CUST-0015,Rohan Deshmukh,50.42,7435.14,UPI,BANK_TIMEOUT,0,78.0,RETRY,SUCCESS,7435.14,2026-08-16 11:36:33.043570
SIM-TXN-01858,CUST-0442,Priya Patil,96.95,1998.12,WALLET,INSUFFICIENT_FUNDS,0,48.0,ESCALATE,SUCCESS,1998.12,2026-08-10 11:45:33.043570
SIM-TXN-01859,CUST-0371,Rahul Sharma,77.13,3074.68,NETBANKING,UNKNOWN,2,10.0,STOP,NOT_ATTEMPTED,0.0,2026-08-02 00:21:33.043570
SIM-TXN-01860,CUST-0479,Kunal Patil,97.86,3005.68,UPI,INSUFFICIENT_FUNDS,1,43.0,ESCALATE,FAILED,0.0,2026-08-03 18:01:33.043570
SIM-TXN-01861,CUST-0057,Aditya More,73.04,2191.96,NETBANKING,BANK_TIMEOUT,0,83.0,RETRY,SUCCESS,2191.96,2026-08-29 16:15:33.043570
SIM-TXN-01862,CUST-0406,Neha Shah,97.98,4668.75,NETBANKING,INSUFFICIENT_FUNDS,2,23.0,STOP,NOT_ATTEMPTED,0.0,2026-08-09 13:01:33.043570
SIM-TXN-01863,CUST-0474,Sneha Kulkarni,65.14,4604.51,WALLET,BANK_TIMEOUT,0,83.0,RETRY,SUCCESS,4604.51,2026-08-08 12:37:33.043570
SIM-TXN-01864,CUST-0386,Neha Shah,82.26,602.55,WALLET,AUTH_FAILED,2,27.0,STOP,NOT_ATTEMPTED,0.0,2026-08-22 02:58:33.043570
SIM-TXN-01865,CUST-0343,Amit Joshi,62.53,6929.01,CARD,BANK_TIMEOUT,2,58.0,STOP,NOT_ATTEMPTED,0.0,2026-08-23 12:59:33.043570
SIM-TXN-01866,CUST-0339,Kunal Patil,61.23,645.49,NETBANKING,BANK_ERROR,1,65.0,NOTIFY,FAILED,0.0,2026-08-23 18:12:33.043570
SIM-TXN-01867,CUST-0116,Neha Shah,94.1,5574.94,NETBANKING,BANK_TIMEOUT,2,63.0,STOP,NOT_ATTEMPTED,0.0,2026-08-05 13:24:33.043570
SIM-TXN-01868,CUST-0181,Rahul Sharma,90.82,6011.11,CARD,AUTH_FAILED,2,27.0,STOP,NOT_ATTEMPTED,0.0,2026-08-31 05:48:33.043570
SIM-TXN-01869,CUST-0377,Aditya More,77.31,1019.66,UPI,INSUFFICIENT_FUNDS,0,43.0,ESCALATE,FAILED,0.0,2026-08-04 12:47:33.043570
SIM-TXN-01870,CUST-0109,Kunal Patil,58.18,1756.97,CARD,BANK_TIMEOUT,1,73.0,RETRY,SUCCESS,1756.97,2026-08-10 08:13:33.043570
SIM-TXN-01871,CUST-0250,Ananya Kulkarni,89.51,1007.71,CARD,BANK_TIMEOUT,2,63.0,STOP,NOT_ATTEMPTED,0.0,2026-08-25 19:17:33.043570
SIM-TXN-01872,CUST-0264,Sneha Kulkarni,95.14,2055.07,NETBANKING,INSUFFICIENT_FUNDS,2,23.0,STOP,NOT_ATTEMPTED,0.0,2026-08-22 10:52:33.043570
SIM-TXN-01873,CUST-0336,Neha Shah,68.75,1907.55,UPI,BANK_TIMEOUT,0,83.0,RETRY,SUCCESS,1907.55,2026-08-18 08:09:33.043570
SIM-TXN-01874,CUST-0198,Pooja Jadhav,54.46,4553.85,CARD,UNKNOWN,1,25.0,ESCALATE,SUCCESS,4553.85,2026-08-14 10:26:33.043570
SIM-TXN-01875,CUST-0217,Aditya More,66.52,6962.17,NETBANKING,BANK_TIMEOUT,2,58.0,STOP,NOT_ATTEMPTED,0.0,2026-08-31 07:10:33.043570
SIM-TXN-01876,CUST-0053,Amit Joshi,53.1,7454.31,UPI,BANK_TIMEOUT,2,53.0,STOP,NOT_ATTEMPTED,0.0,2026-08-06 19:20:33.043570
SIM-TXN-01877,CUST-0124,Sneha Kulkarni,53.2,1556.61,WALLET,BANK_TIMEOUT,0,78.0,RETRY,SUCCESS,1556.61,2026-08-23 11:08:33.043570
SIM-TXN-01878,CUST-0339,Kunal Patil,61.23,2064.46,NETBANKING,AUTH_FAILED,1,42.0,ESCALATE,SUCCESS,2064.46,2026-08-26 20:02:33.043570
SIM-TXN-01879,CUST-0044,Sneha Kulkarni,65.97,634.76,CARD,BANK_ERROR,0,70.0,RETRY,SUCCESS,634.76,2026-08-21 09:34:33.043570
SIM-TXN-01880,CUST-0261,Rahul Sharma,73.76,1280.88,WALLET,BANK_ERROR,1,65.0,NOTIFY,SUCCESS,1280.88,2026-08-04 00:38:33.043570
SIM-TXN-01881,CUST-0333,Amit Joshi,57.79,5281.06,WALLET,BANK_ERROR,0,65.0,NOTIFY,SUCCESS,5281.06,2026-08-20 02:48:33.043570
SIM-TXN-01882,CUST-0091,Rahul Sharma,46.11,8888.08,WALLET,AUTH_FAILED,2,17.0,STOP,NOT_ATTEMPTED,0.0,2026-08-21 12:32:33.043570
SIM-TXN-01883,CUST-0056,Neha Shah,65.23,909.16,CARD,INSUFFICIENT_FUNDS,0,43.0,ESCALATE,SUCCESS,909.16,2026-08-04 05:00:33.043570
SIM-TXN-01884,CUST-0459,Kunal Patil,90.37,1519.34,NETBANKING,BANK_TIMEOUT,0,88.0,RETRY,SUCCESS,1519.34,2026-08-06 09:19:33.043570
SIM-TXN-01885,CUST-0142,Priya Patil,51.94,2389.59,WALLET,BANK_TIMEOUT,1,73.0,RETRY,SUCCESS,2389.59,2026-08-11 19:08:33.043570
SIM-TXN-01886,CUST-0376,Neha Shah,75.14,3053.76,NETBANKING,INSUFFICIENT_FUNDS,1,38.0,ESCALATE,SUCCESS,3053.76,2026-08-11 01:19:33.043570
SIM-TXN-01887,CUST-0178,Pooja Jadhav,91.86,1277.06,NETBANKING,AUTH_FAILED,2,27.0,STOP,NOT_ATTEMPTED,0.0,2026-08-01 22:21:33.043570
SIM-TXN-01888,CUST-0049,Kunal Patil,66.17,3426.34,WALLET,BANK_TIMEOUT,2,58.0,STOP,NOT_ATTEMPTED,0.0,2026-08-15 16:27:33.043570
SIM-TXN-01889,CUST-0437,Aditya More,69.46,1670.58,CARD,UNKNOWN,0,35.0,ESCALATE,FAILED,0.0,2026-08-04 22:49:33.043570
SIM-TXN-01890,CUST-0086,Neha Shah,82.79,2412.55,WALLET,BANK_TIMEOUT,0,88.0,RETRY,FAILED,0.0,2026-08-23 09:21:33.043570
SIM-TXN-01891,CUST-0220,Ananya Kulkarni,77.15,3778.29,CARD,BANK_ERROR,1,65.0,NOTIFY,FAILED,0.0,2026-08-09 13:26:33.043570
SIM-TXN-01892,CUST-0348,Pooja Jadhav,55.15,2453.17,UPI,INSUFFICIENT_FUNDS,2,13.0,STOP,NOT_ATTEMPTED,0.0,2026-08-17 19:36:33.043570
SIM-TXN-01893,CUST-0497,Aditya More,92.76,1721.4,UPI,BANK_ERROR,1,70.0,RETRY,FAILED,0.0,2026-08-23 07:08:33.043570
SIM-TXN-01894,CUST-0057,Aditya More,73.04,2235.71,UPI,BANK_TIMEOUT,2,58.0,STOP,NOT_ATTEMPTED,0.0,2026-08-15 00:26:33.043570
SIM-TXN-01895,CUST-0428,Pooja Jadhav,55.79,2274.03,CARD,BANK_TIMEOUT,0,78.0,RETRY,SUCCESS,2274.03,2026-08-06 08:11:33.043570
SIM-TXN-01896,CUST-0156,Neha Shah,59.02,1815.27,NETBANKING,INSUFFICIENT_FUNDS,1,33.0,ESCALATE,FAILED,0.0,2026-08-17 18:06:33.043570
SIM-TXN-01897,CUST-0280,Ananya Kulkarni,54.63,1984.18,WALLET,BANK_TIMEOUT,1,73.0,RETRY,SUCCESS,1984.18,2026-08-02 09:46:33.043570
SIM-TXN-01898,CUST-0424,Sneha Kulkarni,69.48,8768.47,NETBANKING,BANK_ERROR,2,45.0,STOP,NOT_ATTEMPTED,0.0,2026-08-28 21:40:33.043570
SIM-TXN-01899,CUST-0248,Pooja Jadhav,84.41,3822.79,UPI,BANK_TIMEOUT,0,88.0,RETRY,FAILED,0.0,2026-08-11 19:32:33.043570
SIM-TXN-01900,CUST-0338,Pooja Jadhav,66.43,1926.8,NETBANKING,UNKNOWN,1,30.0,ESCALATE,SUCCESS,1926.8,2026-08-28 01:50:33.043570
SIM-TXN-01901,CUST-0380,Ananya Kulkarni,80.0,4262.3,WALLET,INSUFFICIENT_FUNDS,1,43.0,ESCALATE,SUCCESS,4262.3,2026-08-05 20:28:33.043570
SIM-TXN-01902,CUST-0100,Ananya Kulkarni,75.54,1868.6,WALLET,UNKNOWN,2,10.0,STOP,NOT_ATTEMPTED,0.0,2026-08-06 16:51:33.043570
SIM-TXN-01903,CUST-0495,Rohan Deshmukh,58.53,6238.53,WALLET,BANK_TIMEOUT,2,53.0,STOP,NOT_ATTEMPTED,0.0,2026-08-09 18:03:33.043570
SIM-TXN-01904,CUST-0136,Neha Shah,47.11,3280.38,NETBANKING,UNKNOWN,1,25.0,ESCALATE,FAILED,0.0,2026-08-20 18:45:33.043570
SIM-TXN-01905,CUST-0484,Sneha Kulkarni,62.19,2239.84,NETBANKING,UNKNOWN,0,35.0,ESCALATE,SUCCESS,2239.84,2026-08-25 11:01:33.043570
SIM-TXN-01906,CUST-0360,Ananya Kulkarni,75.43,3491.8,UPI,BANK_ERROR,1,65.0,NOTIFY,FAILED,0.0,2026-08-27 13:54:33.043570
SIM-TXN-01907,CUST-0496,Neha Shah,92.64,694.57,NETBANKING,INSUFFICIENT_FUNDS,1,43.0,ESCALATE,SUCCESS,694.57,2026-08-02 04:04:33.043570
SIM-TXN-01908,CUST-0256,Neha Shah,92.33,990.87,CARD,UNKNOWN,1,35.0,ESCALATE,FAILED,0.0,2026-08-25 14:25:33.043570
SIM-TXN-01909,CUST-0495,Rohan Deshmukh,58.53,939.04,CARD,BANK_TIMEOUT,1,73.0,RETRY,SUCCESS,939.04,2026-08-04 17:32:33.043570
SIM-TXN-01910,CUST-0410,Ananya Kulkarni,97.84,2736.28,WALLET,BANK_TIMEOUT,0,88.0,RETRY,SUCCESS,2736.28,2026-08-28 18:45:33.043570
SIM-TXN-01911,CUST-0064,Sneha Kulkarni,95.55,9759.65,NETBANKING,BANK_TIMEOUT,0,88.0,RETRY,SUCCESS,9759.65,2026-08-01 19:40:33.043570
SIM-TXN-01912,CUST-0026,Neha Shah,90.33,14545.55,NETBANKING,BANK_TIMEOUT,1,83.0,RETRY,SUCCESS,14545.55,2026-08-24 15:16:33.043570
SIM-TXN-01913,CUST-0341,Rahul Sharma,73.14,4066.11,CARD,UNKNOWN,0,35.0,ESCALATE,FAILED,0.0,2026-08-08 06:46:33.043570
SIM-TXN-01914,CUST-0376,Neha Shah,75.14,3643.41,UPI,BANK_TIMEOUT,1,78.0,RETRY,SUCCESS,3643.41,2026-08-23 07:48:33.043570
SIM-TXN-01915,CUST-0478,Pooja Jadhav,78.45,577.76,WALLET,BANK_ERROR,1,65.0,NOTIFY,SUCCESS,577.76,2026-08-06 06:09:33.043570
SIM-TXN-01916,CUST-0458,Pooja Jadhav,75.31,1581.08,NETBANKING,BANK_TIMEOUT,2,58.0,STOP,NOT_ATTEMPTED,0.0,2026-08-15 22:22:33.043570
SIM-TXN-01917,CUST-0089,Kunal Patil,68.93,1299.55,NETBANKING,AUTH_FAILED,2,22.0,STOP,NOT_ATTEMPTED,0.0,2026-08-08 02:59:33.043570
SIM-TXN-01918,CUST-0350,Ananya Kulkarni,96.76,1485.23,NETBANKING,INSUFFICIENT_FUNDS,0,48.0,ESCALATE,FAILED,0.0,2026-08-10 20:53:33.043570
SIM-TXN-01919,CUST-0155,Rohan Deshmukh,94.76,2133.43,NETBANKING,BANK_ERROR,2,50.0,STOP,NOT_ATTEMPTED,0.0,2026-08-30 09:15:33.043570
SIM-TXN-01920,CUST-0237,Aditya More,92.31,1672.92,WALLET,AUTH_FAILED,1,47.0,ESCALATE,SUCCESS,1672.92,2026-08-25 18:07:33.043570
SIM-TXN-01921,CUST-0227,Aditya More,88.38,500.98,NETBANKING,INSUFFICIENT_FUNDS,1,43.0,ESCALATE,SUCCESS,500.98,2026-08-23 00:33:33.043570
SIM-TXN-01922,CUST-0216,Neha Shah,77.62,4439.64,WALLET,UNKNOWN,0,35.0,ESCALATE,FAILED,0.0,2026-08-02 23:49:33.043570
SIM-TXN-01923,CUST-0491,Rahul Sharma,77.84,1034.64,UPI,INSUFFICIENT_FUNDS,0,43.0,ESCALATE,FAILED,0.0,2026-08-15 13:15:33.043570
SIM-TXN-01924,CUST-0403,Amit Joshi,58.27,2955.42,NETBANKING,BANK_TIMEOUT,0,78.0,RETRY,SUCCESS,2955.42,2026-08-27 12:43:33.043570
SIM-TXN-01925,CUST-0450,Ananya Kulkarni,59.99,12826.47,WALLET,BANK_TIMEOUT,0,78.0,RETRY,SUCCESS,12826.47,2026-08-02 01:28:33.043570
SIM-TXN-01926,CUST-0237,Aditya More,92.31,1169.69,WALLET,INSUFFICIENT_FUNDS,0,48.0,ESCALATE,SUCCESS,1169.69,2026-08-14 02:04:33.043570
SIM-TXN-01927,CUST-0425,Rohan Deshmukh,54.94,322.39,UPI,UNKNOWN,1,25.0,ESCALATE,FAILED,0.0,2026-08-15 00:21:33.043570
SIM-TXN-01928,CUST-0290,Ananya Kulkarni,84.97,1941.46,NETBANKING,BANK_ERROR,0,75.0,RETRY,SUCCESS,1941.46,2026-08-28 09:31:33.043570
SIM-TXN-01929,CUST-0346,Neha Shah,61.72,5888.57,UPI,AUTH_FAILED,2,22.0,STOP,NOT_ATTEMPTED,0.0,2026-08-11 02:57:33.043570
SIM-TXN-01930,CUST-0265,Rohan Deshmukh,90.41,11692.21,WALLET,BANK_TIMEOUT,0,88.0,RETRY,SUCCESS,11692.21,2026-08-30 21:39:33.043570
SIM-TXN-01931,CUST-0437,Aditya More,69.46,912.66,NETBANKING,BANK_TIMEOUT,2,58.0,STOP,NOT_ATTEMPTED,0.0,2026-08-02 02:00:33.043570
SIM-TXN-01932,CUST-0413,Amit Joshi,63.44,3631.35,CARD,BANK_ERROR,0,70.0,RETRY,SUCCESS,3631.35,2026-08-08 18:06:33.043570
SIM-TXN-01933,CUST-0310,Ananya Kulkarni,45.67,1682.02,UPI,INSUFFICIENT_FUNDS,0,38.0,ESCALATE,SUCCESS,1682.02,2026-08-23 08:25:33.043570
SIM-TXN-01934,CUST-0013,Amit Joshi,59.73,2242.26,WALLET,INSUFFICIENT_FUNDS,1,33.0,ESCALATE,SUCCESS,2242.26,2026-08-07 08:01:33.043570
SIM-TXN-01935,CUST-0154,Sneha Kulkarni,60.87,20241.19,CARD,BANK_ERROR,0,70.0,RETRY,FAILED,0.0,2026-08-26 16:07:33.043570
SIM-TXN-01936,CUST-0134,Sneha Kulkarni,66.4,733.35,WALLET,INSUFFICIENT_FUNDS,2,18.0,STOP,NOT_ATTEMPTED,0.0,2026-08-29 21:04:33.043570
SIM-TXN-01937,CUST-0064,Sneha Kulkarni,95.55,2989.89,UPI,BANK_ERROR,0,75.0,RETRY,SUCCESS,2989.89,2026-08-31 17:05:33.043570
SIM-TXN-01938,CUST-0124,Sneha Kulkarni,53.2,3548.05,CARD,BANK_TIMEOUT,1,73.0,RETRY,SUCCESS,3548.05,2026-08-14 23:07:33.043570
SIM-TXN-01939,CUST-0342,Priya Patil,97.82,5817.52,WALLET,BANK_TIMEOUT,1,83.0,RETRY,SUCCESS,5817.52,2026-08-19 14:14:33.043570
SIM-TXN-01940,CUST-0198,Pooja Jadhav,54.46,2639.61,UPI,INSUFFICIENT_FUNDS,1,33.0,ESCALATE,FAILED,0.0,2026-08-21 02:59:33.043570
SIM-TXN-01941,CUST-0076,Neha Shah,57.69,3122.66,WALLET,BANK_TIMEOUT,0,78.0,RETRY,SUCCESS,3122.66,2026-08-02 07:00:33.043570
SIM-TXN-01942,CUST-0298,Pooja Jadhav,86.22,1784.12,WALLET,BANK_ERROR,0,75.0,RETRY,FAILED,0.0,2026-08-17 22:25:33.043570
SIM-TXN-01943,CUST-0493,Amit Joshi,52.59,3026.92,WALLET,BANK_TIMEOUT,1,73.0,RETRY,SUCCESS,3026.92,2026-08-08 23:53:33.043570
SIM-TXN-01944,CUST-0184,Sneha Kulkarni,86.47,1854.64,CARD,AUTH_FAILED,1,47.0,ESCALATE,FAILED,0.0,2026-08-25 16:28:33.043570
SIM-TXN-01945,CUST-0200,Ananya Kulkarni,68.03,4012.85,CARD,AUTH_FAILED,2,22.0,STOP,NOT_ATTEMPTED,0.0,2026-08-08 16:20:33.043570
SIM-TXN-01946,CUST-0181,Rahul Sharma,90.82,1815.86,NETBANKING,AUTH_FAILED,1,47.0,ESCALATE,FAILED,0.0,2026-08-08 03:55:33.043570
SIM-TXN-01947,CUST-0143,Amit Joshi,69.23,3300.01,NETBANKING,INSUFFICIENT_FUNDS,1,38.0,ESCALATE,SUCCESS,3300.01,2026-08-31 03:37:33.043570
SIM-TXN-01948,CUST-0248,Pooja Jadhav,84.41,2384.13,WALLET,BANK_ERROR,2,50.0,STOP,NOT_ATTEMPTED,0.0,2026-08-31 18:44:33.043570
SIM-TXN-01949,CUST-0093,Amit Joshi,45.38,6007.96,NETBANKING,AUTH_FAILED,0,42.0,ESCALATE,FAILED,0.0,2026-08-28 14:09:33.043570
SIM-TXN-01950,CUST-0490,Ananya Kulkarni,77.3,2342.29,WALLET,AUTH_FAILED,0,47.0,ESCALATE,SUCCESS,2342.29,2026-08-09 00:49:33.043570
SIM-TXN-01951,CUST-0119,Kunal Patil,92.83,590.86,UPI,BANK_TIMEOUT,1,83.0,RETRY,FAILED,0.0,2026-08-23 11:20:33.043570
SIM-TXN-01952,CUST-0166,Neha Shah,78.77,6697.82,CARD,INSUFFICIENT_FUNDS,0,43.0,ESCALATE,FAILED,0.0,2026-08-09 17:01:33.043570
SIM-TXN-01953,CUST-0373,Amit Joshi,65.16,1182.53,WALLET,UNKNOWN,0,35.0,ESCALATE,SUCCESS,1182.53,2026-08-13 04:33:33.043570
SIM-TXN-01954,CUST-0059,Kunal Patil,81.06,1446.62,UPI,BANK_TIMEOUT,1,83.0,RETRY,SUCCESS,1446.62,2026-08-29 09:27:33.043570
SIM-TXN-01955,CUST-0324,Sneha Kulkarni,75.2,1515.45,CARD,INSUFFICIENT_FUNDS,1,38.0,ESCALATE,SUCCESS,1515.45,2026-08-22 05:57:33.043570
SIM-TXN-01956,CUST-0194,Sneha Kulkarni,63.61,7328.68,CARD,BANK_TIMEOUT,0,83.0,RETRY,SUCCESS,7328.68,2026-08-21 16:50:33.043570
SIM-TXN-01957,CUST-0348,Pooja Jadhav,55.15,442.07,CARD,BANK_TIMEOUT,2,53.0,STOP,NOT_ATTEMPTED,0.0,2026-08-09 04:00:33.043570
SIM-TXN-01958,CUST-0223,Amit Joshi,70.08,30037.41,CARD,INSUFFICIENT_FUNDS,0,43.0,ESCALATE,FAILED,0.0,2026-08-30 10:07:33.043570
SIM-TXN-01959,CUST-0492,Priya Patil,71.38,5680.79,CARD,AUTH_FAILED,0,47.0,ESCALATE,FAILED,0.0,2026-08-02 00:41:33.043570
SIM-TXN-01960,CUST-0185,Rohan Deshmukh,87.52,2917.82,UPI,INSUFFICIENT_FUNDS,1,43.0,ESCALATE,SUCCESS,2917.82,2026-08-31 00:27:33.043570
SIM-TXN-01961,CUST-0271,Rahul Sharma,70.88,2335.74,CARD,BANK_ERROR,2,45.0,STOP,NOT_ATTEMPTED,0.0,2026-08-23 08:24:33.043570
SIM-TXN-01962,CUST-0257,Aditya More,52.33,3066.96,CARD,BANK_ERROR,0,65.0,NOTIFY,SUCCESS,3066.96,2026-08-30 06:08:33.043570
SIM-TXN-01963,CUST-0193,Amit Joshi,90.81,3703.0,UPI,INSUFFICIENT_FUNDS,0,48.0,ESCALATE,FAILED,0.0,2026-08-15 08:42:33.043570
SIM-TXN-01964,CUST-0052,Priya Patil,85.06,4089.48,CARD,BANK_TIMEOUT,0,88.0,RETRY,SUCCESS,4089.48,2026-08-16 20:25:33.043570
SIM-TXN-01965,CUST-0012,Priya Patil,82.0,3806.57,NETBANKING,BANK_TIMEOUT,1,83.0,RETRY,SUCCESS,3806.57,2026-08-18 01:53:33.043570
SIM-TXN-01966,CUST-0035,Rohan Deshmukh,59.31,2621.93,CARD,INSUFFICIENT_FUNDS,1,33.0,ESCALATE,SUCCESS,2621.93,2026-08-27 23:24:33.043570
SIM-TXN-01967,CUST-0124,Sneha Kulkarni,53.2,2084.18,NETBANKING,INSUFFICIENT_FUNDS,1,33.0,ESCALATE,FAILED,0.0,2026-08-26 15:16:33.043570
SIM-TXN-01968,CUST-0358,Pooja Jadhav,78.81,2162.42,WALLET,UNKNOWN,1,30.0,ESCALATE,FAILED,0.0,2026-08-03 06:13:33.043570
SIM-TXN-01969,CUST-0174,Sneha Kulkarni,61.34,2088.23,CARD,BANK_ERROR,1,65.0,NOTIFY,FAILED,0.0,2026-08-04 11:50:33.043570
SIM-TXN-01970,CUST-0072,Priya Patil,93.68,6045.18,NETBANKING,BANK_TIMEOUT,2,63.0,STOP,NOT_ATTEMPTED,0.0,2026-08-04 15:02:33.043570
SIM-TXN-01971,CUST-0121,Rahul Sharma,59.06,3923.92,UPI,BANK_ERROR,1,60.0,NOTIFY,FAILED,0.0,2026-08-20 17:36:33.043570
SIM-TXN-01972,CUST-0307,Aditya More,86.48,232.22,UPI,INSUFFICIENT_FUNDS,2,23.0,STOP,NOT_ATTEMPTED,0.0,2026-08-23 13:54:33.043570
SIM-TXN-01973,CUST-0485,Rohan Deshmukh,60.55,4124.58,UPI,BANK_TIMEOUT,0,83.0,RETRY,SUCCESS,4124.58,2026-08-24 21:24:33.043570
SIM-TXN-01974,CUST-0116,Neha Shah,94.1,2852.04,WALLET,AUTH_FAILED,1,47.0,ESCALATE,SUCCESS,2852.04,2026-08-12 03:44:33.043570
SIM-TXN-01975,CUST-0011,Rahul Sharma,85.22,2404.35,UPI,UNKNOWN,0,40.0,ESCALATE,FAILED,0.0,2026-08-19 01:21:33.043570
SIM-TXN-01976,CUST-0350,Ananya Kulkarni,96.76,1788.59,UPI,INSUFFICIENT_FUNDS,2,23.0,STOP,NOT_ATTEMPTED,0.0,2026-08-23 17:37:33.043570
SIM-TXN-01977,CUST-0027,Aditya More,65.15,5998.65,WALLET,BANK_ERROR,2,45.0,STOP,NOT_ATTEMPTED,0.0,2026-08-07 11:45:33.043570
SIM-TXN-01978,CUST-0221,Rahul Sharma,69.64,5208.36,CARD,INSUFFICIENT_FUNDS,0,43.0,ESCALATE,FAILED,0.0,2026-08-29 19:25:33.043570
SIM-TXN-01979,CUST-0463,Amit Joshi,71.25,1315.14,CARD,BANK_ERROR,1,65.0,NOTIFY,SUCCESS,1315.14,2026-08-04 10:14:33.043570
SIM-TXN-01980,CUST-0122,Priya Patil,60.12,3380.04,UPI,BANK_TIMEOUT,0,83.0,RETRY,SUCCESS,3380.04,2026-08-26 04:39:33.043570
SIM-TXN-01981,CUST-0291,Rahul Sharma,55.57,1121.78,UPI,BANK_TIMEOUT,2,53.0,STOP,NOT_ATTEMPTED,0.0,2026-08-13 03:56:33.043570
SIM-TXN-01982,CUST-0417,Aditya More,60.28,809.41,UPI,BANK_TIMEOUT,0,83.0,RETRY,SUCCESS,809.41,2026-08-14 15:38:33.043570
SIM-TXN-01983,CUST-0023,Amit Joshi,75.6,1478.27,CARD,BANK_ERROR,1,65.0,NOTIFY,SUCCESS,1478.27,2026-08-19 21:29:33.043570
SIM-TXN-01984,CUST-0246,Neha Shah,67.62,4865.45,UPI,AUTH_FAILED,0,47.0,ESCALATE,SUCCESS,4865.45,2026-08-26 12:46:33.043570
SIM-TXN-01985,CUST-0106,Neha Shah,80.69,5231.74,NETBANKING,BANK_ERROR,0,75.0,RETRY,SUCCESS,5231.74,2026-08-15 13:36:33.043570
SIM-TXN-01986,CUST-0483,Amit Joshi,92.88,3679.27,NETBANKING,BANK_ERROR,2,50.0,STOP,NOT_ATTEMPTED,0.0,2026-08-12 21:42:33.043570
SIM-TXN-01987,CUST-0270,Ananya Kulkarni,87.39,4359.34,NETBANKING,UNKNOWN,2,15.0,STOP,NOT_ATTEMPTED,0.0,2026-08-26 10:20:33.043570
SIM-TXN-01988,CUST-0258,Pooja Jadhav,65.3,3688.38,NETBANKING,BANK_TIMEOUT,1,78.0,RETRY,SUCCESS,3688.38,2026-08-30 02:12:33.043570
SIM-TXN-01989,CUST-0249,Kunal Patil,68.85,1460.91,CARD,BANK_TIMEOUT,0,83.0,RETRY,SUCCESS,1460.91,2026-08-25 12:01:33.043570
SIM-TXN-01990,CUST-0119,Kunal Patil,92.83,3447.96,CARD,BANK_ERROR,0,75.0,RETRY,SUCCESS,3447.96,2026-08-08 06:01:33.043570
SIM-TXN-01991,CUST-0019,Kunal Patil,51.62,4630.07,WALLET,UNKNOWN,2,5.0,STOP,NOT_ATTEMPTED,0.0,2026-08-22 10:35:33.043570
SIM-TXN-01992,CUST-0488,Pooja Jadhav,81.14,4462.36,WALLET,BANK_TIMEOUT,0,88.0,RETRY,SUCCESS,4462.36,2026-08-28 13:28:33.043570
SIM-TXN-01993,CUST-0197,Aditya More,51.11,6317.83,UPI,BANK_ERROR,0,65.0,NOTIFY,SUCCESS,6317.83,2026-08-29 12:58:33.043570
SIM-TXN-01994,CUST-0197,Aditya More,51.11,4301.17,WALLET,BANK_ERROR,1,60.0,NOTIFY,SUCCESS,4301.17,2026-08-12 00:07:33.043570
SIM-TXN-01995,CUST-0106,Neha Shah,80.69,3232.98,WALLET,BANK_ERROR,2,50.0,STOP,NOT_ATTEMPTED,0.0,2026-08-04 04:02:33.043570
SIM-TXN-01996,CUST-0339,Kunal Patil,61.23,5745.2,NETBANKING,BANK_ERROR,0,70.0,RETRY,FAILED,0.0,2026-08-17 02:12:33.043570
SIM-TXN-01997,CUST-0473,Amit Joshi,90.17,2389.37,NETBANKING,INSUFFICIENT_FUNDS,2,23.0,STOP,NOT_ATTEMPTED,0.0,2026-08-11 15:29:33.043570
SIM-TXN-01998,CUST-0388,Pooja Jadhav,93.97,1205.32,WALLET,BANK_TIMEOUT,1,83.0,RETRY,SUCCESS,1205.32,2026-08-04 09:21:33.043570
SIM-TXN-01999,CUST-0414,Sneha Kulkarni,62.02,2142.11,WALLET,BANK_TIMEOUT,2,58.0,STOP,NOT_ATTEMPTED,0.0,2026-08-14 20:54:33.043570
SIM-TXN-02000,CUST-0440,Ananya Kulkarni,71.97,1344.9,WALLET,UNKNOWN,1,30.0,ESCALATE,FAILED,0.0,2026-08-27 15:42:33.043570
SIM-TXN-02001,CUST-0394,Sneha Kulkarni,87.01,1422.05,CARD,AUTH_FAILED,1,47.0,ESCALATE,FAILED,0.0,2026-08-12 15:10:33.043570
SIM-TXN-02002,CUST-0068,Pooja Jadhav,89.61,2174.13,NETBANKING,UNKNOWN,2,15.0,STOP,NOT_ATTEMPTED,0.0,2026-08-14 06:40:33.043570
SIM-TXN-02003,CUST-0044,Sneha Kulkarni,65.97,1294.74,NETBANKING,UNKNOWN,1,30.0,ESCALATE,FAILED,0.0,2026-08-03 13:08:33.043570
SIM-TXN-02004,CUST-0316,Neha Shah,96.17,1907.66,NETBANKING,BANK_TIMEOUT,2,63.0,STOP,NOT_ATTEMPTED,0.0,2026-08-13 04:35:33.043570
SIM-TXN-02005,CUST-0401,Rahul Sharma,47.11,536.52,UPI,AUTH_FAILED,0,42.0,ESCALATE,SUCCESS,536.52,2026-08-16 09:34:33.043570
SIM-TXN-02006,CUST-0429,Kunal Patil,51.94,2894.69,CARD,BANK_TIMEOUT,1,73.0,RETRY,SUCCESS,2894.69,2026-08-21 19:27:33.043570
SIM-TXN-02007,CUST-0005,Rohan Deshmukh,46.68,2442.96,NETBANKING,BANK_ERROR,1,60.0,NOTIFY,SUCCESS,2442.96,2026-08-27 02:55:33.043570
SIM-TXN-02008,CUST-0112,Priya Patil,69.52,1269.44,UPI,BANK_ERROR,1,65.0,NOTIFY,FAILED,0.0,2026-08-26 21:17:33.043570
SIM-TXN-02009,CUST-0161,Rahul Sharma,90.2,4135.64,WALLET,UNKNOWN,0,40.0,ESCALATE,SUCCESS,4135.64,2026-08-14 08:35:33.043570
SIM-TXN-02010,CUST-0133,Amit Joshi,80.79,5167.04,CARD,INSUFFICIENT_FUNDS,0,48.0,ESCALATE,FAILED,0.0,2026-08-08 11:25:33.043570
SIM-TXN-02011,CUST-0447,Aditya More,85.95,674.49,UPI,AUTH_FAILED,0,52.0,NOTIFY,SUCCESS,674.49,2026-08-03 13:01:33.043570
SIM-TXN-02012,CUST-0095,Rohan Deshmukh,92.99,1325.86,WALLET,INSUFFICIENT_FUNDS,2,23.0,STOP,NOT_ATTEMPTED,0.0,2026-08-16 05:34:33.043570
SIM-TXN-02013,CUST-0022,Priya Patil,91.93,1319.08,CARD,AUTH_FAILED,0,52.0,NOTIFY,FAILED,0.0,2026-08-13 13:55:33.043570
SIM-TXN-02014,CUST-0500,Ananya Kulkarni,60.86,1150.64,NETBANKING,BANK_TIMEOUT,2,58.0,STOP,NOT_ATTEMPTED,0.0,2026-08-03 19:49:33.043570
SIM-TXN-02015,CUST-0308,Pooja Jadhav,73.24,4738.99,UPI,BANK_TIMEOUT,0,83.0,RETRY,SUCCESS,4738.99,2026-08-06 22:35:33.043570
SIM-TXN-02016,CUST-0262,Priya Patil,48.3,2090.04,CARD,BANK_TIMEOUT,1,73.0,RETRY,SUCCESS,2090.04,2026-08-20 17:18:33.043570
SIM-TXN-02017,CUST-0037,Aditya More,81.28,1975.13,NETBANKING,AUTH_FAILED,0,52.0,NOTIFY,SUCCESS,1975.13,2026-08-29 09:56:33.043570
SIM-TXN-02018,CUST-0404,Sneha Kulkarni,57.13,491.23,WALLET,BANK_ERROR,2,40.0,STOP,NOT_ATTEMPTED,0.0,2026-08-18 20:15:33.043570
SIM-TXN-02019,CUST-0241,Rahul Sharma,58.21,4057.55,NETBANKING,UNKNOWN,2,5.0,STOP,NOT_ATTEMPTED,0.0,2026-08-03 04:59:33.043570
SIM-TXN-02020,CUST-0083,Amit Joshi,91.24,905.6,NETBANKING,BANK_ERROR,0,75.0,RETRY,FAILED,0.0,2026-08-02 22:51:33.043570
SIM-TXN-02021,CUST-0055,Rohan Deshmukh,76.61,2560.47,NETBANKING,AUTH_FAILED,2,22.0,STOP,NOT_ATTEMPTED,0.0,2026-08-24 22:02:33.043570
SIM-TXN-02022,CUST-0402,Priya Patil,83.93,3046.97,NETBANKING,AUTH_FAILED,0,52.0,NOTIFY,SUCCESS,3046.97,2026-08-28 07:24:33.043570
SIM-TXN-02023,CUST-0017,Aditya More,77.0,7248.33,CARD,AUTH_FAILED,1,42.0,ESCALATE,FAILED,0.0,2026-08-31 08:04:33.043570
SIM-TXN-02024,CUST-0041,Rahul Sharma,93.4,856.58,CARD,UNKNOWN,2,15.0,STOP,NOT_ATTEMPTED,0.0,2026-08-24 16:55:33.043570
SIM-TXN-02025,CUST-0295,Rohan Deshmukh,69.65,217.98,WALLET,AUTH_FAILED,2,22.0,STOP,NOT_ATTEMPTED,0.0,2026-08-07 07:23:33.043570
SIM-TXN-02026,CUST-0434,Sneha Kulkarni,74.19,2827.31,UPI,INSUFFICIENT_FUNDS,2,18.0,STOP,NOT_ATTEMPTED,0.0,2026-08-23 06:52:33.043570
SIM-TXN-02027,CUST-0338,Pooja Jadhav,66.43,10305.25,WALLET,AUTH_FAILED,1,42.0,ESCALATE,SUCCESS,10305.25,2026-08-27 23:17:33.043570
SIM-TXN-02028,CUST-0151,Rahul Sharma,89.19,6575.84,NETBANKING,UNKNOWN,0,40.0,ESCALATE,FAILED,0.0,2026-08-18 06:19:33.043570
SIM-TXN-02029,CUST-0119,Kunal Patil,92.83,2886.29,UPI,BANK_ERROR,2,50.0,STOP,NOT_ATTEMPTED,0.0,2026-08-12 18:15:33.043570
SIM-TXN-02030,CUST-0228,Pooja Jadhav,80.66,1646.97,WALLET,INSUFFICIENT_FUNDS,1,43.0,ESCALATE,SUCCESS,1646.97,2026-08-27 07:08:33.043570
SIM-TXN-02031,CUST-0259,Kunal Patil,82.44,4655.0,NETBANKING,BANK_TIMEOUT,2,63.0,STOP,NOT_ATTEMPTED,0.0,2026-08-23 19:47:33.043570
SIM-TXN-02032,CUST-0310,Ananya Kulkarni,45.67,1120.09,WALLET,BANK_TIMEOUT,0,78.0,RETRY,SUCCESS,1120.09,2026-08-07 11:48:33.043570
SIM-TXN-02033,CUST-0474,Sneha Kulkarni,65.14,3572.73,WALLET,AUTH_FAILED,2,22.0,STOP,NOT_ATTEMPTED,0.0,2026-08-28 09:40:33.043570
SIM-TXN-02034,CUST-0341,Rahul Sharma,73.14,3656.92,NETBANKING,BANK_TIMEOUT,1,78.0,RETRY,SUCCESS,3656.92,2026-08-07 03:48:33.043570
SIM-TXN-02035,CUST-0042,Priya Patil,91.45,5699.69,CARD,BANK_ERROR,2,50.0,STOP,NOT_ATTEMPTED,0.0,2026-08-24 06:45:33.043570
SIM-TXN-02036,CUST-0324,Sneha Kulkarni,75.2,22197.35,CARD,UNKNOWN,0,35.0,ESCALATE,FAILED,0.0,2026-08-02 11:54:33.043570
SIM-TXN-02037,CUST-0086,Neha Shah,82.79,3340.69,NETBANKING,BANK_TIMEOUT,2,63.0,STOP,NOT_ATTEMPTED,0.0,2026-08-23 04:10:33.043570
SIM-TXN-02038,CUST-0381,Rahul Sharma,57.71,1624.29,UPI,BANK_TIMEOUT,1,73.0,RETRY,SUCCESS,1624.29,2026-08-09 09:18:33.043570
SIM-TXN-02039,CUST-0038,Pooja Jadhav,57.14,2391.18,WALLET,BANK_TIMEOUT,1,73.0,RETRY,SUCCESS,2391.18,2026-08-20 02:24:33.043570
SIM-TXN-02040,CUST-0357,Aditya More,60.48,592.73,NETBANKING,AUTH_FAILED,0,47.0,ESCALATE,SUCCESS,592.73,2026-08-17 02:40:33.043570
SIM-TXN-02041,CUST-0303,Amit Joshi,49.03,1400.0,UPI,AUTH_FAILED,2,17.0,STOP,NOT_ATTEMPTED,0.0,2026-08-03 20:22:33.043570
SIM-TXN-02042,CUST-0038,Pooja Jadhav,57.14,1759.13,NETBANKING,INSUFFICIENT_FUNDS,1,33.0,ESCALATE,FAILED,0.0,2026-08-30 12:00:33.043570
SIM-TXN-02043,CUST-0231,Rahul Sharma,97.15,1604.76,WALLET,INSUFFICIENT_FUNDS,1,43.0,ESCALATE,FAILED,0.0,2026-08-07 21:59:33.043570
SIM-TXN-02044,CUST-0376,Neha Shah,75.14,2756.96,UPI,BANK_TIMEOUT,0,83.0,RETRY,FAILED,0.0,2026-08-28 19:17:33.043570
SIM-TXN-02045,CUST-0304,Sneha Kulkarni,57.87,1264.03,WALLET,BANK_ERROR,1,60.0,NOTIFY,SUCCESS,1264.03,2026-08-09 19:59:33.043570
SIM-TXN-02046,CUST-0261,Rahul Sharma,73.76,5983.88,NETBANKING,INSUFFICIENT_FUNDS,0,43.0,ESCALATE,SUCCESS,5983.88,2026-08-24 05:46:33.043570
SIM-TXN-02047,CUST-0175,Rohan Deshmukh,92.64,2441.01,WALLET,BANK_TIMEOUT,1,83.0,RETRY,SUCCESS,2441.01,2026-08-16 06:56:33.043570
SIM-TXN-02048,CUST-0388,Pooja Jadhav,93.97,2422.51,CARD,BANK_TIMEOUT,0,88.0,RETRY,SUCCESS,2422.51,2026-08-11 09:05:33.043570
SIM-TXN-02049,CUST-0221,Rahul Sharma,69.64,1877.48,NETBANKING,AUTH_FAILED,0,47.0,ESCALATE,SUCCESS,1877.48,2026-08-09 07:50:33.043570
SIM-TXN-02050,CUST-0061,Rahul Sharma,84.8,2763.22,WALLET,BANK_TIMEOUT,1,83.0,RETRY,SUCCESS,2763.22,2026-08-09 11:54:33.043570
SIM-TXN-02051,CUST-0148,Pooja Jadhav,94.46,4722.43,NETBANKING,UNKNOWN,2,15.0,STOP,NOT_ATTEMPTED,0.0,2026-08-06 14:52:33.043570
SIM-TXN-02052,CUST-0474,Sneha Kulkarni,65.14,1219.62,NETBANKING,BANK_TIMEOUT,0,83.0,RETRY,SUCCESS,1219.62,2026-08-26 22:04:33.043570
SIM-TXN-02053,CUST-0430,Ananya Kulkarni,68.22,1441.6,CARD,AUTH_FAILED,0,47.0,ESCALATE,FAILED,0.0,2026-08-03 14:22:33.043570
SIM-TXN-02054,CUST-0492,Priya Patil,71.38,1914.13,CARD,UNKNOWN,0,35.0,ESCALATE,FAILED,0.0,2026-08-02 23:07:33.043570
SIM-TXN-02055,CUST-0190,Ananya Kulkarni,63.53,831.56,WALLET,BANK_TIMEOUT,2,58.0,STOP,NOT_ATTEMPTED,0.0,2026-08-22 00:50:33.043570
SIM-TXN-02056,CUST-0267,Aditya More,94.97,1267.24,WALLET,BANK_TIMEOUT,1,83.0,RETRY,FAILED,0.0,2026-08-07 05:58:33.043570
SIM-TXN-02057,CUST-0228,Pooja Jadhav,80.66,1667.4,WALLET,UNKNOWN,1,35.0,ESCALATE,SUCCESS,1667.4,2026-08-08 00:24:33.043570
SIM-TXN-02058,CUST-0143,Amit Joshi,69.23,4912.37,UPI,INSUFFICIENT_FUNDS,1,38.0,ESCALATE,FAILED,0.0,2026-08-11 21:55:33.043570
SIM-TXN-02059,CUST-0373,Amit Joshi,65.16,3011.06,CARD,BANK_TIMEOUT,2,58.0,STOP,NOT_ATTEMPTED,0.0,2026-08-17 01:14:33.043570
SIM-TXN-02060,CUST-0142,Priya Patil,51.94,2849.42,UPI,BANK_ERROR,2,40.0,STOP,NOT_ATTEMPTED,0.0,2026-08-16 02:49:33.043570
SIM-TXN-02061,CUST-0457,Aditya More,91.09,4820.91,WALLET,UNKNOWN,0,40.0,ESCALATE,FAILED,0.0,2026-08-25 12:21:33.043570
SIM-TXN-02062,CUST-0163,Amit Joshi,49.89,2186.6,UPI,BANK_TIMEOUT,2,53.0,STOP,NOT_ATTEMPTED,0.0,2026-08-30 08:07:33.043570
SIM-TXN-02063,CUST-0005,Rohan Deshmukh,46.68,3335.48,WALLET,BANK_TIMEOUT,0,78.0,RETRY,SUCCESS,3335.48,2026-08-13 20:43:33.043570
SIM-TXN-02064,CUST-0241,Rahul Sharma,58.21,2247.16,CARD,BANK_TIMEOUT,2,53.0,STOP,NOT_ATTEMPTED,0.0,2026-08-24 09:31:33.043570
SIM-TXN-02065,CUST-0145,Rohan Deshmukh,97.92,3017.82,UPI,BANK_TIMEOUT,2,63.0,STOP,NOT_ATTEMPTED,0.0,2026-08-11 12:55:33.043570
SIM-TXN-02066,CUST-0002,Priya Patil,57.98,1531.18,WALLET,BANK_ERROR,2,40.0,STOP,NOT_ATTEMPTED,0.0,2026-08-29 14:34:33.043570
SIM-TXN-02067,CUST-0107,Aditya More,48.21,346.87,UPI,INSUFFICIENT_FUNDS,1,33.0,ESCALATE,FAILED,0.0,2026-08-29 16:56:33.043570
SIM-TXN-02068,CUST-0195,Rohan Deshmukh,66.18,2192.02,CARD,AUTH_FAILED,2,22.0,STOP,NOT_ATTEMPTED,0.0,2026-08-17 15:50:33.043570
SIM-TXN-02069,CUST-0248,Pooja Jadhav,84.41,7617.46,CARD,AUTH_FAILED,1,47.0,ESCALATE,FAILED,0.0,2026-08-15 02:02:33.043570
SIM-TXN-02070,CUST-0343,Amit Joshi,62.53,5120.32,WALLET,BANK_ERROR,2,45.0,STOP,NOT_ATTEMPTED,0.0,2026-08-18 01:02:33.043570
SIM-TXN-02071,CUST-0279,Kunal Patil,52.19,5283.36,UPI,BANK_ERROR,0,65.0,NOTIFY,SUCCESS,5283.36,2026-08-14 20:44:33.043570
SIM-TXN-02072,CUST-0215,Rohan Deshmukh,80.9,6561.04,NETBANKING,UNKNOWN,0,40.0,ESCALATE,FAILED,0.0,2026-08-07 01:28:33.043570
SIM-TXN-02073,CUST-0091,Rahul Sharma,46.11,2619.99,NETBANKING,BANK_ERROR,2,40.0,STOP,NOT_ATTEMPTED,0.0,2026-08-06 22:58:33.043570
SIM-TXN-02074,CUST-0178,Pooja Jadhav,91.86,2857.93,CARD,INSUFFICIENT_FUNDS,1,43.0,ESCALATE,FAILED,0.0,2026-08-24 01:16:33.043570
SIM-TXN-02075,CUST-0308,Pooja Jadhav,73.24,1489.03,CARD,BANK_ERROR,0,70.0,RETRY,SUCCESS,1489.03,2026-08-24 21:16:33.043570
SIM-TXN-02076,CUST-0111,Rahul Sharma,67.36,1895.32,WALLET,UNKNOWN,0,35.0,ESCALATE,FAILED,0.0,2026-08-16 11:58:33.043570
SIM-TXN-02077,CUST-0134,Sneha Kulkarni,66.4,3994.27,WALLET,AUTH_FAILED,1,42.0,ESCALATE,FAILED,0.0,2026-08-21 03:23:33.043570
SIM-TXN-02078,CUST-0205,Rohan Deshmukh,72.56,6393.95,UPI,BANK_TIMEOUT,1,78.0,RETRY,SUCCESS,6393.95,2026-08-11 18:06:33.043570
SIM-TXN-02079,CUST-0174,Sneha Kulkarni,61.34,2182.97,UPI,AUTH_FAILED,1,42.0,ESCALATE,FAILED,0.0,2026-08-11 20:41:33.043570
SIM-TXN-02080,CUST-0294,Sneha Kulkarni,74.89,1702.49,CARD,INSUFFICIENT_FUNDS,2,18.0,STOP,NOT_ATTEMPTED,0.0,2026-08-06 19:27:33.043570
SIM-TXN-02081,CUST-0486,Neha Shah,67.83,2441.63,NETBANKING,UNKNOWN,0,35.0,ESCALATE,FAILED,0.0,2026-08-02 16:43:33.043570
SIM-TXN-02082,CUST-0487,Aditya More,73.15,3948.0,WALLET,INSUFFICIENT_FUNDS,0,43.0,ESCALATE,FAILED,0.0,2026-08-16 23:00:33.043570
SIM-TXN-02083,CUST-0468,Pooja Jadhav,45.81,768.87,UPI,BANK_ERROR,2,40.0,STOP,NOT_ATTEMPTED,0.0,2026-08-04 00:43:33.043570
SIM-TXN-02084,CUST-0266,Neha Shah,65.16,388.8,CARD,BANK_TIMEOUT,0,83.0,RETRY,SUCCESS,388.8,2026-08-19 18:59:33.043570
SIM-TXN-02085,CUST-0441,Rahul Sharma,67.02,1571.16,NETBANKING,INSUFFICIENT_FUNDS,0,43.0,ESCALATE,FAILED,0.0,2026-08-16 21:03:33.043570
SIM-TXN-02086,CUST-0212,Priya Patil,62.29,919.13,CARD,BANK_TIMEOUT,0,83.0,RETRY,SUCCESS,919.13,2026-08-02 16:50:33.043570
SIM-TXN-02087,CUST-0387,Aditya More,48.77,1625.37,UPI,UNKNOWN,2,5.0,STOP,NOT_ATTEMPTED,0.0,2026-08-19 21:37:33.043570
SIM-TXN-02088,CUST-0406,Neha Shah,97.98,2168.47,CARD,BANK_ERROR,1,70.0,RETRY,SUCCESS,2168.47,2026-08-12 06:11:33.043570
SIM-TXN-02089,CUST-0324,Sneha Kulkarni,75.2,1698.33,CARD,INSUFFICIENT_FUNDS,0,43.0,ESCALATE,SUCCESS,1698.33,2026-08-07 10:01:33.043570
SIM-TXN-02090,CUST-0417,Aditya More,60.28,7800.74,WALLET,INSUFFICIENT_FUNDS,0,43.0,ESCALATE,FAILED,0.0,2026-08-14 01:52:33.043570
SIM-TXN-02091,CUST-0442,Priya Patil,96.95,3169.71,UPI,BANK_TIMEOUT,2,63.0,STOP,NOT_ATTEMPTED,0.0,2026-08-20 16:40:33.043570
SIM-TXN-02092,CUST-0011,Rahul Sharma,85.22,3103.79,CARD,BANK_TIMEOUT,0,88.0,RETRY,SUCCESS,3103.79,2026-08-19 14:10:33.043570
SIM-TXN-02093,CUST-0100,Ananya Kulkarni,75.54,4014.89,NETBANKING,INSUFFICIENT_FUNDS,1,38.0,ESCALATE,FAILED,0.0,2026-08-02 20:33:33.043570
SIM-TXN-02094,CUST-0155,Rohan Deshmukh,94.76,981.35,CARD,BANK_TIMEOUT,0,88.0,RETRY,SUCCESS,981.35,2026-08-31 15:32:33.043570
SIM-TXN-02095,CUST-0296,Neha Shah,85.65,5604.3,NETBANKING,BANK_ERROR,1,70.0,RETRY,SUCCESS,5604.3,2026-08-20 06:47:33.043570
SIM-TXN-02096,CUST-0288,Pooja Jadhav,56.88,2297.07,NETBANKING,BANK_TIMEOUT,2,53.0,STOP,NOT_ATTEMPTED,0.0,2026-08-26 01:22:33.043570
SIM-TXN-02097,CUST-0260,Ananya Kulkarni,66.99,4172.98,UPI,BANK_TIMEOUT,1,78.0,RETRY,SUCCESS,4172.98,2026-08-18 18:05:33.043570
SIM-TXN-02098,CUST-0391,Rahul Sharma,56.91,1035.37,UPI,AUTH_FAILED,1,37.0,ESCALATE,SUCCESS,1035.37,2026-08-02 22:09:33.043570
SIM-TXN-02099,CUST-0204,Sneha Kulkarni,82.57,704.15,WALLET,INSUFFICIENT_FUNDS,1,43.0,ESCALATE,FAILED,0.0,2026-08-06 17:58:33.043570
SIM-TXN-02100,CUST-0330,Ananya Kulkarni,82.16,4695.27,CARD,BANK_ERROR,2,50.0,STOP,NOT_ATTEMPTED,0.0,2026-08-05 14:19:33.043570
SIM-TXN-02101,CUST-0049,Kunal Patil,66.17,3298.19,CARD,AUTH_FAILED,1,42.0,ESCALATE,FAILED,0.0,2026-08-05 14:35:33.043570
SIM-TXN-02102,CUST-0073,Amit Joshi,62.18,1186.02,WALLET,BANK_ERROR,2,45.0,STOP,NOT_ATTEMPTED,0.0,2026-08-27 13:53:33.043570
SIM-TXN-02103,CUST-0390,Ananya Kulkarni,67.53,1217.15,WALLET,BANK_TIMEOUT,1,78.0,RETRY,SUCCESS,1217.15,2026-08-17 04:00:33.043570
SIM-TXN-02104,CUST-0428,Pooja Jadhav,55.79,6005.0,NETBANKING,BANK_TIMEOUT,2,53.0,STOP,NOT_ATTEMPTED,0.0,2026-08-27 12:26:33.043570
SIM-TXN-02105,CUST-0307,Aditya More,86.48,942.44,UPI,BANK_ERROR,1,70.0,RETRY,SUCCESS,942.44,2026-08-27 09:16:33.043570
SIM-TXN-02106,CUST-0407,Aditya More,75.54,9082.81,WALLET,BANK_ERROR,1,65.0,NOTIFY,FAILED,0.0,2026-08-12 12:27:33.043570
SIM-TXN-02107,CUST-0165,Rohan Deshmukh,45.19,1187.38,WALLET,BANK_ERROR,2,40.0,STOP,NOT_ATTEMPTED,0.0,2026-08-27 00:57:33.043570
SIM-TXN-02108,CUST-0440,Ananya Kulkarni,71.97,4067.21,UPI,INSUFFICIENT_FUNDS,0,43.0,ESCALATE,FAILED,0.0,2026-08-05 07:37:33.043570
SIM-TXN-02109,CUST-0193,Amit Joshi,90.81,1876.39,UPI,BANK_TIMEOUT,0,88.0,RETRY,SUCCESS,1876.39,2026-08-07 07:39:33.043570
SIM-TXN-02110,CUST-0086,Neha Shah,82.79,3954.26,UPI,BANK_TIMEOUT,0,88.0,RETRY,FAILED,0.0,2026-08-24 07:50:33.043570
SIM-TXN-02111,CUST-0088,Pooja Jadhav,68.22,1579.26,WALLET,AUTH_FAILED,0,47.0,ESCALATE,FAILED,0.0,2026-08-26 16:31:33.043570
SIM-TXN-02112,CUST-0215,Rohan Deshmukh,80.9,2142.58,NETBANKING,BANK_ERROR,0,75.0,RETRY,SUCCESS,2142.58,2026-08-15 04:20:33.043570
SIM-TXN-02113,CUST-0369,Kunal Patil,97.68,2521.82,NETBANKING,UNKNOWN,2,15.0,STOP,NOT_ATTEMPTED,0.0,2026-08-16 11:05:33.043570
SIM-TXN-02114,CUST-0315,Rohan Deshmukh,54.34,1094.72,CARD,UNKNOWN,0,30.0,ESCALATE,SUCCESS,1094.72,2026-08-11 02:17:33.043570
SIM-TXN-02115,CUST-0412,Priya Patil,96.36,4414.54,NETBANKING,AUTH_FAILED,2,27.0,STOP,NOT_ATTEMPTED,0.0,2026-08-29 07:15:33.043570
SIM-TXN-02116,CUST-0129,Kunal Patil,70.27,1618.78,CARD,BANK_ERROR,1,65.0,NOTIFY,FAILED,0.0,2026-08-07 22:47:33.043570
SIM-TXN-02117,CUST-0085,Rohan Deshmukh,85.03,2032.7,WALLET,AUTH_FAILED,0,52.0,NOTIFY,SUCCESS,2032.7,2026-08-09 22:43:33.043570
SIM-TXN-02118,CUST-0077,Aditya More,91.53,1101.6,UPI,BANK_ERROR,1,70.0,RETRY,SUCCESS,1101.6,2026-08-10 20:37:33.043570
SIM-TXN-02119,CUST-0356,Neha Shah,96.64,314.23,WALLET,BANK_TIMEOUT,1,83.0,RETRY,SUCCESS,314.23,2026-08-30 05:36:33.043570
SIM-TXN-02120,CUST-0240,Ananya Kulkarni,69.62,2094.73,UPI,AUTH_FAILED,1,42.0,ESCALATE,FAILED,0.0,2026-08-12 01:51:33.043570
SIM-TXN-02121,CUST-0177,Aditya More,63.74,16816.11,CARD,AUTH_FAILED,1,42.0,ESCALATE,SUCCESS,16816.11,2026-08-21 04:27:33.043570
SIM-TXN-02122,CUST-0300,Ananya Kulkarni,75.67,4571.9,NETBANKING,INSUFFICIENT_FUNDS,2,18.0,STOP,NOT_ATTEMPTED,0.0,2026-08-20 03:26:33.043570
SIM-TXN-02123,CUST-0479,Kunal Patil,97.86,2403.28,CARD,BANK_TIMEOUT,0,88.0,RETRY,SUCCESS,2403.28,2026-08-06 11:26:33.043570
SIM-TXN-02124,CUST-0375,Rohan Deshmukh,97.47,1977.7,CARD,BANK_TIMEOUT,1,83.0,RETRY,SUCCESS,1977.7,2026-08-07 13:21:33.043570
SIM-TXN-02125,CUST-0409,Kunal Patil,93.55,2484.86,WALLET,AUTH_FAILED,1,47.0,ESCALATE,FAILED,0.0,2026-08-28 17:46:33.043570
SIM-TXN-02126,CUST-0310,Ananya Kulkarni,45.67,3780.82,WALLET,BANK_TIMEOUT,0,78.0,RETRY,SUCCESS,3780.82,2026-08-12 08:11:33.043570
SIM-TXN-02127,CUST-0111,Rahul Sharma,67.36,948.94,CARD,BANK_TIMEOUT,0,83.0,RETRY,SUCCESS,948.94,2026-08-01 19:14:33.043570
SIM-TXN-02128,CUST-0166,Neha Shah,78.77,5951.85,UPI,BANK_TIMEOUT,0,83.0,RETRY,SUCCESS,5951.85,2026-08-21 19:13:33.043570
SIM-TXN-02129,CUST-0218,Pooja Jadhav,61.11,4325.6,NETBANKING,AUTH_FAILED,1,42.0,ESCALATE,FAILED,0.0,2026-08-07 03:05:33.043570
SIM-TXN-02130,CUST-0124,Sneha Kulkarni,53.2,4335.31,WALLET,AUTH_FAILED,1,37.0,ESCALATE,FAILED,0.0,2026-08-17 22:42:33.043570
SIM-TXN-02131,CUST-0160,Ananya Kulkarni,55.79,3466.08,NETBANKING,INSUFFICIENT_FUNDS,2,13.0,STOP,NOT_ATTEMPTED,0.0,2026-08-05 08:22:33.043570
SIM-TXN-02132,CUST-0453,Amit Joshi,90.86,2479.21,CARD,AUTH_FAILED,0,52.0,NOTIFY,FAILED,0.0,2026-08-14 10:19:33.043570
SIM-TXN-02133,CUST-0365,Rohan Deshmukh,66.24,4180.93,WALLET,BANK_TIMEOUT,2,58.0,STOP,NOT_ATTEMPTED,0.0,2026-08-21 21:21:33.043570
SIM-TXN-02134,CUST-0251,Rahul Sharma,85.59,3918.45,NETBANKING,INSUFFICIENT_FUNDS,2,23.0,STOP,NOT_ATTEMPTED,0.0,2026-08-07 06:18:33.043570
SIM-TXN-02135,CUST-0286,Neha Shah,69.93,1838.61,NETBANKING,UNKNOWN,0,35.0,ESCALATE,SUCCESS,1838.61,2026-08-18 10:23:33.043570
SIM-TXN-02136,CUST-0438,Pooja Jadhav,79.33,1542.44,NETBANKING,BANK_ERROR,2,45.0,STOP,NOT_ATTEMPTED,0.0,2026-08-21 02:10:33.043570
SIM-TXN-02137,CUST-0110,Ananya Kulkarni,73.42,2647.8,CARD,AUTH_FAILED,1,42.0,ESCALATE,SUCCESS,2647.8,2026-08-02 06:37:33.043570
SIM-TXN-02138,CUST-0101,Rahul Sharma,86.58,8427.17,CARD,BANK_ERROR,0,75.0,RETRY,SUCCESS,8427.17,2026-08-16 17:43:33.043570
SIM-TXN-02139,CUST-0049,Kunal Patil,66.17,905.71,NETBANKING,UNKNOWN,2,10.0,STOP,NOT_ATTEMPTED,0.0,2026-08-02 09:09:33.043570
SIM-TXN-02140,CUST-0311,Rahul Sharma,88.58,754.44,NETBANKING,BANK_TIMEOUT,2,63.0,STOP,NOT_ATTEMPTED,0.0,2026-08-23 13:52:33.043570
SIM-TXN-02141,CUST-0204,Sneha Kulkarni,82.57,2784.46,NETBANKING,BANK_TIMEOUT,1,83.0,RETRY,SUCCESS,2784.46,2026-08-27 19:56:33.043570
SIM-TXN-02142,CUST-0422,Priya Patil,90.84,2542.01,WALLET,BANK_TIMEOUT,2,63.0,STOP,NOT_ATTEMPTED,0.0,2026-08-30 13:32:33.043570
SIM-TXN-02143,CUST-0233,Amit Joshi,69.14,2803.64,WALLET,BANK_ERROR,2,45.0,STOP,NOT_ATTEMPTED,0.0,2026-08-31 06:15:33.043570
SIM-TXN-02144,CUST-0385,Rohan Deshmukh,57.27,2966.57,UPI,AUTH_FAILED,0,42.0,ESCALATE,SUCCESS,2966.57,2026-08-29 16:26:33.043570
SIM-TXN-02145,CUST-0458,Pooja Jadhav,75.31,2041.5,CARD,INSUFFICIENT_FUNDS,0,43.0,ESCALATE,SUCCESS,2041.5,2026-08-07 05:24:33.043570
SIM-TXN-02146,CUST-0029,Kunal Patil,53.62,8037.64,UPI,BANK_ERROR,1,60.0,NOTIFY,SUCCESS,8037.64,2026-08-26 13:15:33.043570
SIM-TXN-02147,CUST-0143,Amit Joshi,69.23,678.09,CARD,UNKNOWN,2,10.0,STOP,NOT_ATTEMPTED,0.0,2026-08-29 17:37:33.043570
SIM-TXN-02148,CUST-0378,Pooja Jadhav,95.22,1257.9,NETBANKING,BANK_TIMEOUT,2,63.0,STOP,NOT_ATTEMPTED,0.0,2026-08-09 11:47:33.043570
SIM-TXN-02149,CUST-0464,Sneha Kulkarni,51.69,2247.1,NETBANKING,UNKNOWN,2,5.0,STOP,NOT_ATTEMPTED,0.0,2026-08-02 10:26:33.043570
SIM-TXN-02150,CUST-0482,Priya Patil,68.51,655.53,WALLET,AUTH_FAILED,2,22.0,STOP,NOT_ATTEMPTED,0.0,2026-08-04 14:07:33.043570
SIM-TXN-02151,CUST-0034,Sneha Kulkarni,53.66,2120.31,CARD,BANK_TIMEOUT,2,53.0,STOP,NOT_ATTEMPTED,0.0,2026-08-13 22:12:33.043570
SIM-TXN-02152,CUST-0043,Amit Joshi,56.27,9220.42,UPI,BANK_TIMEOUT,1,73.0,RETRY,SUCCESS,9220.42,2026-08-24 19:04:33.043570
SIM-TXN-02153,CUST-0210,Ananya Kulkarni,83.15,2481.73,UPI,BANK_TIMEOUT,1,83.0,RETRY,SUCCESS,2481.73,2026-08-17 18:00:33.043570
SIM-TXN-02154,CUST-0061,Rahul Sharma,84.8,2935.29,UPI,BANK_ERROR,2,50.0,STOP,NOT_ATTEMPTED,0.0,2026-08-22 20:41:33.043570
SIM-TXN-02155,CUST-0046,Neha Shah,58.07,890.58,UPI,BANK_TIMEOUT,0,78.0,RETRY,SUCCESS,890.58,2026-08-10 05:45:33.043570
SIM-TXN-02156,CUST-0163,Amit Joshi,49.89,1490.57,UPI,AUTH_FAILED,0,42.0,ESCALATE,FAILED,0.0,2026-08-11 16:33:33.043570
SIM-TXN-02157,CUST-0327,Aditya More,70.84,1807.76,UPI,BANK_ERROR,2,45.0,STOP,NOT_ATTEMPTED,0.0,2026-08-13 00:27:33.043570
SIM-TXN-02158,CUST-0158,Pooja Jadhav,59.43,1892.83,CARD,INSUFFICIENT_FUNDS,2,13.0,STOP,NOT_ATTEMPTED,0.0,2026-08-07 19:56:33.043570
SIM-TXN-02159,CUST-0159,Kunal Patil,56.16,6804.33,NETBANKING,BANK_TIMEOUT,0,78.0,RETRY,SUCCESS,6804.33,2026-08-27 12:08:33.043570
SIM-TXN-02160,CUST-0162,Priya Patil,70.89,3812.93,CARD,BANK_ERROR,1,65.0,NOTIFY,FAILED,0.0,2026-08-09 20:25:33.043570
SIM-TXN-02161,CUST-0152,Priya Patil,77.42,1003.08,WALLET,BANK_TIMEOUT,1,78.0,RETRY,SUCCESS,1003.08,2026-08-17 22:53:33.043570
SIM-TXN-02162,CUST-0297,Aditya More,77.11,2972.63,WALLET,BANK_ERROR,2,45.0,STOP,NOT_ATTEMPTED,0.0,2026-08-09 13:10:33.043570
SIM-TXN-02163,CUST-0019,Kunal Patil,51.62,3635.77,WALLET,UNKNOWN,0,30.0,ESCALATE,FAILED,0.0,2026-08-11 09:03:33.043570
SIM-TXN-02164,CUST-0360,Ananya Kulkarni,75.43,6076.11,NETBANKING,BANK_ERROR,0,70.0,RETRY,SUCCESS,6076.11,2026-08-24 17:12:33.043570
SIM-TXN-02165,CUST-0283,Amit Joshi,85.35,8642.37,NETBANKING,INSUFFICIENT_FUNDS,0,48.0,ESCALATE,FAILED,0.0,2026-08-11 09:07:33.043570
SIM-TXN-02166,CUST-0133,Amit Joshi,80.79,1083.47,NETBANKING,BANK_TIMEOUT,0,88.0,RETRY,FAILED,0.0,2026-08-25 07:42:33.043570
SIM-TXN-02167,CUST-0338,Pooja Jadhav,66.43,1275.78,WALLET,AUTH_FAILED,0,47.0,ESCALATE,FAILED,0.0,2026-08-16 11:45:33.043570
SIM-TXN-02168,CUST-0191,Rahul Sharma,56.81,892.42,UPI,AUTH_FAILED,1,37.0,ESCALATE,FAILED,0.0,2026-08-30 10:31:33.043570
SIM-TXN-02169,CUST-0184,Sneha Kulkarni,86.47,2023.91,UPI,INSUFFICIENT_FUNDS,0,48.0,ESCALATE,FAILED,0.0,2026-08-17 00:33:33.043570
SIM-TXN-02170,CUST-0173,Amit Joshi,67.78,3544.27,UPI,AUTH_FAILED,0,47.0,ESCALATE,FAILED,0.0,2026-08-15 17:30:33.043570
SIM-TXN-02171,CUST-0084,Sneha Kulkarni,96.11,5376.9,CARD,BANK_ERROR,0,75.0,RETRY,SUCCESS,5376.9,2026-08-29 20:28:33.043570
SIM-TXN-02172,CUST-0234,Sneha Kulkarni,75.51,2296.72,WALLET,AUTH_FAILED,2,22.0,STOP,NOT_ATTEMPTED,0.0,2026-08-19 23:08:33.043570
SIM-TXN-02173,CUST-0243,Amit Joshi,80.38,1889.6,NETBANKING,INSUFFICIENT_FUNDS,2,23.0,STOP,NOT_ATTEMPTED,0.0,2026-08-18 18:37:33.043570
SIM-TXN-02174,CUST-0308,Pooja Jadhav,73.24,2755.64,WALLET,BANK_ERROR,1,65.0,NOTIFY,SUCCESS,2755.64,2026-08-12 10:53:33.043570
SIM-TXN-02175,CUST-0391,Rahul Sharma,56.91,1251.23,UPI,UNKNOWN,1,25.0,ESCALATE,FAILED,0.0,2026-08-14 01:10:33.043570
SIM-TXN-02176,CUST-0489,Kunal Patil,54.01,12986.05,UPI,AUTH_FAILED,0,42.0,ESCALATE,FAILED,0.0,2026-08-15 11:16:33.043570
SIM-TXN-02177,CUST-0454,Sneha Kulkarni,73.54,674.43,CARD,AUTH_FAILED,2,22.0,STOP,NOT_ATTEMPTED,0.0,2026-08-08 03:23:33.043570
SIM-TXN-02178,CUST-0067,Aditya More,91.14,2829.32,UPI,AUTH_FAILED,0,52.0,NOTIFY,SUCCESS,2829.32,2026-08-08 05:28:33.043570
SIM-TXN-02179,CUST-0411,Rahul Sharma,78.64,12318.84,WALLET,BANK_ERROR,0,70.0,RETRY,SUCCESS,12318.84,2026-08-31 18:20:33.043570
SIM-TXN-02180,CUST-0076,Neha Shah,57.69,2453.91,CARD,BANK_TIMEOUT,1,73.0,RETRY,SUCCESS,2453.91,2026-08-10 04:35:33.043570
SIM-TXN-02181,CUST-0121,Rahul Sharma,59.06,2096.38,WALLET,INSUFFICIENT_FUNDS,0,38.0,ESCALATE,FAILED,0.0,2026-08-08 19:19:33.043570
SIM-TXN-02182,CUST-0351,Rahul Sharma,76.63,1833.61,NETBANKING,AUTH_FAILED,0,47.0,ESCALATE,FAILED,0.0,2026-08-17 11:29:33.043570
SIM-TXN-02183,CUST-0052,Priya Patil,85.06,2112.63,WALLET,BANK_ERROR,2,50.0,STOP,NOT_ATTEMPTED,0.0,2026-08-11 11:03:33.043570
SIM-TXN-02184,CUST-0468,Pooja Jadhav,45.81,7319.36,WALLET,BANK_ERROR,1,60.0,NOTIFY,FAILED,0.0,2026-08-06 03:37:33.043570
SIM-TXN-02185,CUST-0199,Kunal Patil,47.03,415.93,CARD,BANK_TIMEOUT,1,73.0,RETRY,SUCCESS,415.93,2026-08-14 16:17:33.043570
SIM-TXN-02186,CUST-0420,Ananya Kulkarni,61.67,8322.74,WALLET,AUTH_FAILED,2,22.0,STOP,NOT_ATTEMPTED,0.0,2026-08-19 17:09:33.043570
SIM-TXN-02187,CUST-0274,Sneha Kulkarni,83.38,781.2,WALLET,BANK_TIMEOUT,2,63.0,STOP,NOT_ATTEMPTED,0.0,2026-08-28 11:30:33.043570
SIM-TXN-02188,CUST-0014,Sneha Kulkarni,95.73,1971.75,CARD,BANK_TIMEOUT,0,88.0,RETRY,SUCCESS,1971.75,2026-08-17 06:10:33.043570
SIM-TXN-02189,CUST-0257,Aditya More,52.33,1731.26,WALLET,INSUFFICIENT_FUNDS,0,38.0,ESCALATE,FAILED,0.0,2026-08-08 01:47:33.043570
SIM-TXN-02190,CUST-0256,Neha Shah,92.33,3908.24,CARD,BANK_TIMEOUT,1,83.0,RETRY,SUCCESS,3908.24,2026-08-17 05:53:33.043570
SIM-TXN-02191,CUST-0197,Aditya More,51.11,679.6,WALLET,AUTH_FAILED,0,42.0,ESCALATE,SUCCESS,679.6,2026-08-19 09:28:33.043570
SIM-TXN-02192,CUST-0346,Neha Shah,61.72,3532.42,UPI,INSUFFICIENT_FUNDS,1,38.0,ESCALATE,FAILED,0.0,2026-08-20 23:36:33.043570
SIM-TXN-02193,CUST-0092,Priya Patil,57.2,12325.77,UPI,BANK_TIMEOUT,1,73.0,RETRY,SUCCESS,12325.77,2026-08-17 13:12:33.043570
SIM-TXN-02194,CUST-0352,Priya Patil,89.13,820.13,WALLET,INSUFFICIENT_FUNDS,0,48.0,ESCALATE,SUCCESS,820.13,2026-08-07 15:35:33.043570
SIM-TXN-02195,CUST-0295,Rohan Deshmukh,69.65,2840.58,WALLET,AUTH_FAILED,0,47.0,ESCALATE,FAILED,0.0,2026-08-20 01:44:33.043570
SIM-TXN-02196,CUST-0217,Aditya More,66.52,1437.15,NETBANKING,INSUFFICIENT_FUNDS,1,38.0,ESCALATE,SUCCESS,1437.15,2026-08-30 15:35:33.043570
SIM-TXN-02197,CUST-0060,Ananya Kulkarni,81.13,3431.35,WALLET,AUTH_FAILED,2,27.0,STOP,NOT_ATTEMPTED,0.0,2026-08-18 18:11:33.043570
SIM-TXN-02198,CUST-0400,Ananya Kulkarni,68.2,2478.28,NETBANKING,BANK_ERROR,2,45.0,STOP,NOT_ATTEMPTED,0.0,2026-08-18 09:29:33.043570
SIM-TXN-02199,CUST-0058,Pooja Jadhav,90.62,1460.9,WALLET,INSUFFICIENT_FUNDS,2,23.0,STOP,NOT_ATTEMPTED,0.0,2026-08-19 05:49:33.043570
SIM-TXN-02200,CUST-0446,Neha Shah,90.79,3605.8,CARD,AUTH_FAILED,0,52.0,NOTIFY,SUCCESS,3605.8,2026-08-28 15:34:33.043570
SIM-TXN-02201,CUST-0133,Amit Joshi,80.79,10336.93,WALLET,BANK_TIMEOUT,1,83.0,RETRY,SUCCESS,10336.93,2026-08-14 14:40:33.043570
SIM-TXN-02202,CUST-0021,Rahul Sharma,88.96,2094.93,WALLET,BANK_TIMEOUT,1,83.0,RETRY,SUCCESS,2094.93,2026-08-29 01:35:33.043570
SIM-TXN-02203,CUST-0352,Priya Patil,89.13,4340.77,WALLET,BANK_ERROR,1,70.0,RETRY,SUCCESS,4340.77,2026-08-02 20:40:33.043570
SIM-TXN-02204,CUST-0278,Pooja Jadhav,49.45,867.3,NETBANKING,BANK_TIMEOUT,1,73.0,RETRY,SUCCESS,867.3,2026-08-22 02:57:33.043570
SIM-TXN-02205,CUST-0167,Aditya More,53.56,1135.53,UPI,BANK_TIMEOUT,2,53.0,STOP,NOT_ATTEMPTED,0.0,2026-08-06 20:57:33.043570
SIM-TXN-02206,CUST-0183,Amit Joshi,54.51,3561.46,WALLET,INSUFFICIENT_FUNDS,0,38.0,ESCALATE,SUCCESS,3561.46,2026-08-26 03:18:33.043570
SIM-TXN-02207,CUST-0049,Kunal Patil,66.17,8000.77,CARD,BANK_TIMEOUT,2,58.0,STOP,NOT_ATTEMPTED,0.0,2026-08-24 05:56:33.043570
SIM-TXN-02208,CUST-0221,Rahul Sharma,69.64,3243.77,NETBANKING,UNKNOWN,1,30.0,ESCALATE,FAILED,0.0,2026-08-12 21:35:33.043570
SIM-TXN-02209,CUST-0471,Rahul Sharma,62.94,1899.89,WALLET,INSUFFICIENT_FUNDS,0,43.0,ESCALATE,SUCCESS,1899.89,2026-08-18 18:09:33.043570
SIM-TXN-02210,CUST-0020,Ananya Kulkarni,49.18,2439.22,UPI,BANK_TIMEOUT,1,73.0,RETRY,SUCCESS,2439.22,2026-08-05 08:59:33.043570
SIM-TXN-02211,CUST-0173,Amit Joshi,67.78,897.55,NETBANKING,UNKNOWN,1,30.0,ESCALATE,FAILED,0.0,2026-08-10 03:52:33.043570
SIM-TXN-02212,CUST-0487,Aditya More,73.15,3958.47,UPI,INSUFFICIENT_FUNDS,1,38.0,ESCALATE,FAILED,0.0,2026-08-10 12:17:33.043570
SIM-TXN-02213,CUST-0293,Amit Joshi,51.69,4943.69,NETBANKING,BANK_TIMEOUT,2,53.0,STOP,NOT_ATTEMPTED,0.0,2026-08-25 04:26:33.043570
SIM-TXN-02214,CUST-0277,Aditya More,76.37,1699.91,CARD,INSUFFICIENT_FUNDS,2,18.0,STOP,NOT_ATTEMPTED,0.0,2026-08-04 00:18:33.043570
SIM-TXN-02215,CUST-0192,Priya Patil,66.12,1675.67,CARD,AUTH_FAILED,1,42.0,ESCALATE,SUCCESS,1675.67,2026-08-10 05:48:33.043570
SIM-TXN-02216,CUST-0142,Priya Patil,51.94,3019.07,UPI,AUTH_FAILED,2,17.0,STOP,NOT_ATTEMPTED,0.0,2026-08-19 22:25:33.043570
SIM-TXN-02217,CUST-0466,Neha Shah,91.33,1720.94,NETBANKING,BANK_TIMEOUT,1,83.0,RETRY,SUCCESS,1720.94,2026-08-11 05:12:33.043570
SIM-TXN-02218,CUST-0010,Ananya Kulkarni,76.23,2314.84,CARD,INSUFFICIENT_FUNDS,1,38.0,ESCALATE,SUCCESS,2314.84,2026-08-29 01:19:33.043570
SIM-TXN-02219,CUST-0405,Rohan Deshmukh,76.12,13092.27,NETBANKING,UNKNOWN,0,35.0,ESCALATE,SUCCESS,13092.27,2026-08-02 14:42:33.043570
SIM-TXN-02220,CUST-0364,Sneha Kulkarni,51.05,2002.96,UPI,BANK_ERROR,2,40.0,STOP,NOT_ATTEMPTED,0.0,2026-08-14 21:21:33.043570
SIM-TXN-02221,CUST-0373,Amit Joshi,65.16,1832.3,WALLET,INSUFFICIENT_FUNDS,2,18.0,STOP,NOT_ATTEMPTED,0.0,2026-08-20 22:33:33.043570
SIM-TXN-02222,CUST-0326,Neha Shah,90.1,1453.84,WALLET,AUTH_FAILED,1,47.0,ESCALATE,FAILED,0.0,2026-08-02 08:41:33.043570
SIM-TXN-02223,CUST-0176,Neha Shah,81.15,4426.45,NETBANKING,BANK_ERROR,1,70.0,RETRY,SUCCESS,4426.45,2026-08-24 11:58:33.043570
SIM-TXN-02224,CUST-0108,Pooja Jadhav,87.43,2111.22,CARD,AUTH_FAILED,2,27.0,STOP,NOT_ATTEMPTED,0.0,2026-08-19 13:01:33.043570
SIM-TXN-02225,CUST-0131,Rahul Sharma,49.25,1451.72,UPI,BANK_ERROR,2,40.0,STOP,NOT_ATTEMPTED,0.0,2026-08-23 22:23:33.043570
SIM-TXN-02226,CUST-0288,Pooja Jadhav,56.88,7023.68,UPI,UNKNOWN,0,30.0,ESCALATE,FAILED,0.0,2026-08-25 21:25:33.043570
SIM-TXN-02227,CUST-0190,Ananya Kulkarni,63.53,7598.32,NETBANKING,BANK_ERROR,1,65.0,NOTIFY,SUCCESS,7598.32,2026-08-03 03:15:33.043570
SIM-TXN-02228,CUST-0080,Ananya Kulkarni,85.59,1509.69,CARD,AUTH_FAILED,2,27.0,STOP,NOT_ATTEMPTED,0.0,2026-08-17 19:02:33.043570
SIM-TXN-02229,CUST-0290,Ananya Kulkarni,84.97,548.27,UPI,BANK_ERROR,1,70.0,RETRY,SUCCESS,548.27,2026-08-24 03:00:33.043570
SIM-TXN-02230,CUST-0121,Rahul Sharma,59.06,5464.41,CARD,BANK_ERROR,1,60.0,NOTIFY,SUCCESS,5464.41,2026-08-07 09:51:33.043570
SIM-TXN-02231,CUST-0050,Ananya Kulkarni,97.86,1411.34,CARD,BANK_ERROR,0,75.0,RETRY,SUCCESS,1411.34,2026-08-09 22:04:33.043570
SIM-TXN-02232,CUST-0443,Amit Joshi,69.21,4593.97,WALLET,BANK_TIMEOUT,2,58.0,STOP,NOT_ATTEMPTED,0.0,2026-08-20 09:10:33.043570
SIM-TXN-02233,CUST-0181,Rahul Sharma,90.82,504.68,WALLET,INSUFFICIENT_FUNDS,2,23.0,STOP,NOT_ATTEMPTED,0.0,2026-08-14 11:34:33.043570
SIM-TXN-02234,CUST-0164,Sneha Kulkarni,88.96,4984.45,UPI,INSUFFICIENT_FUNDS,2,23.0,STOP,NOT_ATTEMPTED,0.0,2026-08-30 14:30:33.043570
SIM-TXN-02235,CUST-0391,Rahul Sharma,56.91,926.17,WALLET,AUTH_FAILED,0,42.0,ESCALATE,FAILED,0.0,2026-08-24 07:27:33.043570
SIM-TXN-02236,CUST-0388,Pooja Jadhav,93.97,4379.16,WALLET,BANK_ERROR,0,75.0,RETRY,FAILED,0.0,2026-08-09 20:58:33.043570
SIM-TXN-02237,CUST-0205,Rohan Deshmukh,72.56,2468.63,NETBANKING,BANK_TIMEOUT,1,78.0,RETRY,SUCCESS,2468.63,2026-08-06 06:21:33.043570
SIM-TXN-02238,CUST-0197,Aditya More,51.11,1137.8,WALLET,AUTH_FAILED,1,37.0,ESCALATE,SUCCESS,1137.8,2026-08-30 18:06:33.043570
SIM-TXN-02239,CUST-0015,Rohan Deshmukh,50.42,1762.29,CARD,AUTH_FAILED,2,17.0,STOP,NOT_ATTEMPTED,0.0,2026-08-30 00:05:33.043570
SIM-TXN-02240,CUST-0258,Pooja Jadhav,65.3,4226.18,WALLET,UNKNOWN,0,35.0,ESCALATE,FAILED,0.0,2026-08-13 03:58:33.043570
SIM-TXN-02241,CUST-0086,Neha Shah,82.79,2656.37,WALLET,AUTH_FAILED,2,27.0,STOP,NOT_ATTEMPTED,0.0,2026-08-05 22:19:33.043570
SIM-TXN-02242,CUST-0488,Pooja Jadhav,81.14,3895.32,WALLET,BANK_ERROR,2,50.0,STOP,NOT_ATTEMPTED,0.0,2026-08-25 01:28:33.043570
SIM-TXN-02243,CUST-0443,Amit Joshi,69.21,11862.68,CARD,BANK_TIMEOUT,1,78.0,RETRY,SUCCESS,11862.68,2026-08-12 16:21:33.043570
SIM-TXN-02244,CUST-0090,Ananya Kulkarni,56.91,698.27,CARD,BANK_ERROR,1,60.0,NOTIFY,SUCCESS,698.27,2026-08-04 17:45:33.043570
SIM-TXN-02245,CUST-0458,Pooja Jadhav,75.31,8899.68,WALLET,BANK_TIMEOUT,1,78.0,RETRY,SUCCESS,8899.68,2026-08-29 05:52:33.043570
SIM-TXN-02246,CUST-0228,Pooja Jadhav,80.66,2653.1,CARD,UNKNOWN,1,35.0,ESCALATE,FAILED,0.0,2026-08-06 20:22:33.043570
SIM-TXN-02247,CUST-0412,Priya Patil,96.36,1189.12,NETBANKING,AUTH_FAILED,0,52.0,NOTIFY,SUCCESS,1189.12,2026-08-04 23:15:33.043570
SIM-TXN-02248,CUST-0004,Sneha Kulkarni,49.61,841.97,WALLET,INSUFFICIENT_FUNDS,2,13.0,STOP,NOT_ATTEMPTED,0.0,2026-08-23 04:33:33.043570
SIM-TXN-02249,CUST-0442,Priya Patil,96.95,2097.92,WALLET,BANK_ERROR,1,70.0,RETRY,FAILED,0.0,2026-08-26 05:53:33.043570
SIM-TXN-02250,CUST-0062,Priya Patil,50.91,5101.65,UPI,INSUFFICIENT_FUNDS,1,33.0,ESCALATE,FAILED,0.0,2026-08-04 12:16:33.043570
SIM-TXN-02251,CUST-0150,Ananya Kulkarni,60.1,2203.85,UPI,INSUFFICIENT_FUNDS,1,38.0,ESCALATE,FAILED,0.0,2026-08-25 01:43:33.043570
SIM-TXN-02252,CUST-0323,Amit Joshi,57.92,8175.72,WALLET,AUTH_FAILED,0,42.0,ESCALATE,SUCCESS,8175.72,2026-08-13 17:41:33.043570
SIM-TXN-02253,CUST-0389,Kunal Patil,76.26,764.38,UPI,INSUFFICIENT_FUNDS,2,18.0,STOP,NOT_ATTEMPTED,0.0,2026-08-09 11:30:33.043570
SIM-TXN-02254,CUST-0188,Pooja Jadhav,90.51,2417.11,NETBANKING,BANK_ERROR,0,75.0,RETRY,FAILED,0.0,2026-08-23 18:05:33.043570
SIM-TXN-02255,CUST-0108,Pooja Jadhav,87.43,896.13,NETBANKING,BANK_TIMEOUT,2,63.0,STOP,NOT_ATTEMPTED,0.0,2026-08-05 03:52:33.043570
SIM-TXN-02256,CUST-0235,Rohan Deshmukh,71.2,3264.64,WALLET,UNKNOWN,0,35.0,ESCALATE,FAILED,0.0,2026-08-17 09:00:33.043570
SIM-TXN-02257,CUST-0152,Priya Patil,77.42,4961.73,NETBANKING,INSUFFICIENT_FUNDS,1,38.0,ESCALATE,FAILED,0.0,2026-08-27 15:37:33.043570
SIM-TXN-02258,CUST-0141,Rahul Sharma,57.65,1743.05,CARD,AUTH_FAILED,0,42.0,ESCALATE,FAILED,0.0,2026-08-02 23:18:33.043570
SIM-TXN-02259,CUST-0114,Sneha Kulkarni,50.19,303.88,NETBANKING,UNKNOWN,2,5.0,STOP,NOT_ATTEMPTED,0.0,2026-08-15 01:03:33.043570
SIM-TXN-02260,CUST-0158,Pooja Jadhav,59.43,2861.66,CARD,UNKNOWN,2,5.0,STOP,NOT_ATTEMPTED,0.0,2026-08-30 15:20:33.043570
SIM-TXN-02261,CUST-0157,Aditya More,84.35,3461.27,WALLET,BANK_ERROR,2,50.0,STOP,NOT_ATTEMPTED,0.0,2026-08-15 05:03:33.043570
SIM-TXN-02262,CUST-0080,Ananya Kulkarni,85.59,3372.59,CARD,INSUFFICIENT_FUNDS,0,48.0,ESCALATE,FAILED,0.0,2026-08-19 06:38:33.043570
SIM-TXN-02263,CUST-0132,Priya Patil,48.63,6559.21,UPI,AUTH_FAILED,0,42.0,ESCALATE,FAILED,0.0,2026-08-08 13:01:33.043570
SIM-TXN-02264,CUST-0300,Ananya Kulkarni,75.67,1036.04,NETBANKING,BANK_TIMEOUT,2,58.0,STOP,NOT_ATTEMPTED,0.0,2026-08-24 22:29:33.043570
SIM-TXN-02265,CUST-0382,Priya Patil,48.98,4205.6,WALLET,INSUFFICIENT_FUNDS,1,33.0,ESCALATE,FAILED,0.0,2026-08-09 13:05:33.043570
SIM-TXN-02266,CUST-0498,Pooja Jadhav,53.37,6336.02,CARD,BANK_ERROR,2,40.0,STOP,NOT_ATTEMPTED,0.0,2026-08-24 14:17:33.043570
SIM-TXN-02267,CUST-0161,Rahul Sharma,90.2,588.24,WALLET,AUTH_FAILED,1,47.0,ESCALATE,FAILED,0.0,2026-08-25 16:39:33.043570
SIM-TXN-02268,CUST-0247,Aditya More,68.63,3151.78,WALLET,BANK_TIMEOUT,0,83.0,RETRY,SUCCESS,3151.78,2026-08-04 17:41:33.043570
SIM-TXN-02269,CUST-0176,Neha Shah,81.15,1630.52,CARD,BANK_TIMEOUT,0,88.0,RETRY,SUCCESS,1630.52,2026-08-29 11:45:33.043570
SIM-TXN-02270,CUST-0399,Kunal Patil,71.53,2286.51,UPI,INSUFFICIENT_FUNDS,2,18.0,STOP,NOT_ATTEMPTED,0.0,2026-08-10 18:04:33.043570
SIM-TXN-02271,CUST-0183,Amit Joshi,54.51,3223.24,UPI,BANK_ERROR,2,40.0,STOP,NOT_ATTEMPTED,0.0,2026-08-25 15:26:33.043570
SIM-TXN-02272,CUST-0460,Ananya Kulkarni,47.31,1652.79,CARD,BANK_TIMEOUT,1,73.0,RETRY,SUCCESS,1652.79,2026-08-19 22:13:33.043570
SIM-TXN-02273,CUST-0321,Rahul Sharma,89.03,1421.45,NETBANKING,BANK_TIMEOUT,2,63.0,STOP,NOT_ATTEMPTED,0.0,2026-08-04 20:21:33.043570
SIM-TXN-02274,CUST-0139,Kunal Patil,94.54,2508.2,UPI,AUTH_FAILED,0,52.0,NOTIFY,SUCCESS,2508.2,2026-08-25 14:09:33.043570
SIM-TXN-02275,CUST-0127,Aditya More,48.23,1022.7,CARD,BANK_TIMEOUT,2,53.0,STOP,NOT_ATTEMPTED,0.0,2026-08-31 09:49:33.043570
SIM-TXN-02276,CUST-0440,Ananya Kulkarni,71.97,1023.86,WALLET,BANK_TIMEOUT,0,83.0,RETRY,SUCCESS,1023.86,2026-08-29 12:18:33.043570
SIM-TXN-02277,CUST-0137,Aditya More,67.22,4202.77,UPI,AUTH_FAILED,2,22.0,STOP,NOT_ATTEMPTED,0.0,2026-08-10 10:30:33.043570
SIM-TXN-02278,CUST-0376,Neha Shah,75.14,973.57,UPI,INSUFFICIENT_FUNDS,0,43.0,ESCALATE,FAILED,0.0,2026-08-04 13:26:33.043570
SIM-TXN-02279,CUST-0107,Aditya More,48.21,4159.08,WALLET,BANK_TIMEOUT,1,73.0,RETRY,SUCCESS,4159.08,2026-08-04 02:45:33.043570
SIM-TXN-02280,CUST-0164,Sneha Kulkarni,88.96,3533.6,UPI,INSUFFICIENT_FUNDS,0,48.0,ESCALATE,FAILED,0.0,2026-08-21 21:38:33.043570
SIM-TXN-02281,CUST-0043,Amit Joshi,56.27,613.61,UPI,BANK_ERROR,2,40.0,STOP,NOT_ATTEMPTED,0.0,2026-08-28 14:43:33.043570
SIM-TXN-02282,CUST-0111,Rahul Sharma,67.36,1419.34,NETBANKING,AUTH_FAILED,2,22.0,STOP,NOT_ATTEMPTED,0.0,2026-08-02 05:27:33.043570
SIM-TXN-02283,CUST-0298,Pooja Jadhav,86.22,6344.14,UPI,BANK_ERROR,2,50.0,STOP,NOT_ATTEMPTED,0.0,2026-08-21 22:26:33.043570
SIM-TXN-02284,CUST-0399,Kunal Patil,71.53,1113.28,WALLET,AUTH_FAILED,0,47.0,ESCALATE,SUCCESS,1113.28,2026-08-20 07:42:33.043570
SIM-TXN-02285,CUST-0308,Pooja Jadhav,73.24,1683.24,CARD,BANK_TIMEOUT,1,78.0,RETRY,SUCCESS,1683.24,2026-08-25 04:36:33.043570
SIM-TXN-02286,CUST-0146,Neha Shah,48.88,3532.1,NETBANKING,UNKNOWN,1,25.0,ESCALATE,FAILED,0.0,2026-08-13 02:57:33.043570
SIM-TXN-02287,CUST-0175,Rohan Deshmukh,92.64,4567.46,NETBANKING,BANK_TIMEOUT,2,63.0,STOP,NOT_ATTEMPTED,0.0,2026-08-21 19:36:33.043570
SIM-TXN-02288,CUST-0058,Pooja Jadhav,90.62,1995.74,CARD,UNKNOWN,1,35.0,ESCALATE,SUCCESS,1995.74,2026-08-24 23:31:33.043570
SIM-TXN-02289,CUST-0241,Rahul Sharma,58.21,1513.22,CARD,BANK_ERROR,0,65.0,NOTIFY,FAILED,0.0,2026-08-15 15:42:33.043570
SIM-TXN-02290,CUST-0049,Kunal Patil,66.17,7615.16,WALLET,UNKNOWN,1,30.0,ESCALATE,FAILED,0.0,2026-08-26 07:15:33.043570
SIM-TXN-02291,CUST-0422,Priya Patil,90.84,9809.63,UPI,BANK_TIMEOUT,0,88.0,RETRY,SUCCESS,9809.63,2026-08-24 15:02:33.043570
SIM-TXN-02292,CUST-0157,Aditya More,84.35,5340.56,WALLET,BANK_ERROR,0,75.0,RETRY,SUCCESS,5340.56,2026-08-29 12:43:33.043570
SIM-TXN-02293,CUST-0108,Pooja Jadhav,87.43,2613.0,CARD,AUTH_FAILED,1,47.0,ESCALATE,SUCCESS,2613.0,2026-08-19 19:45:33.043570
SIM-TXN-02294,CUST-0403,Amit Joshi,58.27,1278.43,CARD,BANK_TIMEOUT,2,53.0,STOP,NOT_ATTEMPTED,0.0,2026-08-08 22:35:33.043570
SIM-TXN-02295,CUST-0167,Aditya More,53.56,1255.95,WALLET,UNKNOWN,2,5.0,STOP,NOT_ATTEMPTED,0.0,2026-08-28 21:06:33.043570
SIM-TXN-02296,CUST-0404,Sneha Kulkarni,57.13,3707.12,NETBANKING,BANK_ERROR,0,65.0,NOTIFY,FAILED,0.0,2026-08-23 06:29:33.043570
SIM-TXN-02297,CUST-0479,Kunal Patil,97.86,3410.86,NETBANKING,INSUFFICIENT_FUNDS,1,43.0,ESCALATE,SUCCESS,3410.86,2026-08-16 23:28:33.043570
SIM-TXN-02298,CUST-0373,Amit Joshi,65.16,7489.66,NETBANKING,BANK_ERROR,1,65.0,NOTIFY,SUCCESS,7489.66,2026-08-27 10:13:33.043570
SIM-TXN-02299,CUST-0202,Priya Patil,51.13,4106.64,UPI,INSUFFICIENT_FUNDS,1,33.0,ESCALATE,SUCCESS,4106.64,2026-08-20 09:28:33.043570
SIM-TXN-02300,CUST-0182,Priya Patil,91.72,733.29,CARD,AUTH_FAILED,1,47.0,ESCALATE,FAILED,0.0,2026-08-02 16:14:33.043570
SIM-TXN-02301,CUST-0420,Ananya Kulkarni,61.67,5662.15,CARD,INSUFFICIENT_FUNDS,2,18.0,STOP,NOT_ATTEMPTED,0.0,2026-08-13 10:30:33.043570
SIM-TXN-02302,CUST-0151,Rahul Sharma,89.19,1098.34,UPI,INSUFFICIENT_FUNDS,1,43.0,ESCALATE,FAILED,0.0,2026-08-19 04:39:33.043570
SIM-TXN-02303,CUST-0167,Aditya More,53.56,1795.11,CARD,AUTH_FAILED,0,42.0,ESCALATE,FAILED,0.0,2026-08-21 19:40:33.043570
SIM-TXN-02304,CUST-0439,Kunal Patil,71.41,2981.44,UPI,BANK_TIMEOUT,0,83.0,RETRY,SUCCESS,2981.44,2026-08-23 14:54:33.043570
SIM-TXN-02305,CUST-0483,Amit Joshi,92.88,12046.55,WALLET,INSUFFICIENT_FUNDS,0,48.0,ESCALATE,FAILED,0.0,2026-08-19 13:01:33.043570
SIM-TXN-02306,CUST-0353,Amit Joshi,57.06,29376.05,WALLET,UNKNOWN,0,30.0,ESCALATE,SUCCESS,29376.05,2026-08-29 09:39:33.043570
SIM-TXN-02307,CUST-0301,Rahul Sharma,75.52,3965.47,UPI,BANK_ERROR,0,70.0,RETRY,SUCCESS,3965.47,2026-08-14 08:28:33.043570
SIM-TXN-02308,CUST-0276,Neha Shah,73.31,2107.89,NETBANKING,BANK_ERROR,0,70.0,RETRY,SUCCESS,2107.89,2026-08-05 03:46:33.043570
SIM-TXN-02309,CUST-0167,Aditya More,53.56,3742.86,WALLET,UNKNOWN,0,30.0,ESCALATE,FAILED,0.0,2026-08-28 15:11:33.043570
SIM-TXN-02310,CUST-0154,Sneha Kulkarni,60.87,4964.78,UPI,AUTH_FAILED,1,42.0,ESCALATE,SUCCESS,4964.78,2026-08-27 20:32:33.043570
SIM-TXN-02311,CUST-0280,Ananya Kulkarni,54.63,1888.36,NETBANKING,INSUFFICIENT_FUNDS,2,13.0,STOP,NOT_ATTEMPTED,0.0,2026-08-25 22:59:33.043570
SIM-TXN-02312,CUST-0419,Kunal Patil,46.94,10261.65,UPI,BANK_TIMEOUT,0,78.0,RETRY,SUCCESS,10261.65,2026-08-04 21:14:33.043570
SIM-TXN-02313,CUST-0446,Neha Shah,90.79,2933.81,NETBANKING,INSUFFICIENT_FUNDS,1,43.0,ESCALATE,FAILED,0.0,2026-08-22 01:56:33.043570
SIM-TXN-02314,CUST-0383,Amit Joshi,66.65,3634.38,CARD,UNKNOWN,1,30.0,ESCALATE,FAILED,0.0,2026-08-22 18:17:33.043570
SIM-TXN-02315,CUST-0186,Neha Shah,59.14,4157.79,NETBANKING,BANK_ERROR,1,60.0,NOTIFY,SUCCESS,4157.79,2026-08-02 20:14:33.043570
SIM-TXN-02316,CUST-0072,Priya Patil,93.68,3419.57,WALLET,BANK_TIMEOUT,1,83.0,RETRY,SUCCESS,3419.57,2026-08-23 22:11:33.043570
SIM-TXN-02317,CUST-0409,Kunal Patil,93.55,4775.02,UPI,BANK_TIMEOUT,2,63.0,STOP,NOT_ATTEMPTED,0.0,2026-08-18 18:54:33.043570
SIM-TXN-02318,CUST-0009,Kunal Patil,67.23,1489.5,UPI,AUTH_FAILED,2,22.0,STOP,NOT_ATTEMPTED,0.0,2026-08-16 16:12:33.043570
SIM-TXN-02319,CUST-0405,Rohan Deshmukh,76.12,1561.43,NETBANKING,AUTH_FAILED,2,22.0,STOP,NOT_ATTEMPTED,0.0,2026-08-16 23:30:33.043570
SIM-TXN-02320,CUST-0325,Rohan Deshmukh,62.83,1012.2,UPI,BANK_TIMEOUT,2,58.0,STOP,NOT_ATTEMPTED,0.0,2026-08-05 23:36:33.043570
SIM-TXN-02321,CUST-0499,Kunal Patil,95.1,3468.93,UPI,AUTH_FAILED,2,27.0,STOP,NOT_ATTEMPTED,0.0,2026-08-08 23:47:33.043570
SIM-TXN-02322,CUST-0409,Kunal Patil,93.55,4551.21,UPI,AUTH_FAILED,2,27.0,STOP,NOT_ATTEMPTED,0.0,2026-08-23 02:38:33.043570
SIM-TXN-02323,CUST-0313,Amit Joshi,78.69,3520.01,CARD,AUTH_FAILED,0,47.0,ESCALATE,FAILED,0.0,2026-08-21 09:40:33.043570
SIM-TXN-02324,CUST-0419,Kunal Patil,46.94,9316.98,WALLET,BANK_TIMEOUT,2,53.0,STOP,NOT_ATTEMPTED,0.0,2026-08-08 17:12:33.043570
SIM-TXN-02325,CUST-0334,Sneha Kulkarni,70.89,2429.7,CARD,BANK_ERROR,2,45.0,STOP,NOT_ATTEMPTED,0.0,2026-08-27 23:15:33.043570
SIM-TXN-02326,CUST-0174,Sneha Kulkarni,61.34,4167.17,WALLET,BANK_ERROR,0,70.0,RETRY,SUCCESS,4167.17,2026-08-15 03:53:33.043570
SIM-TXN-02327,CUST-0004,Sneha Kulkarni,49.61,1019.06,WALLET,AUTH_FAILED,0,42.0,ESCALATE,SUCCESS,1019.06,2026-08-16 11:05:33.043570
SIM-TXN-02328,CUST-0219,Kunal Patil,67.78,1790.63,CARD,BANK_TIMEOUT,2,58.0,STOP,NOT_ATTEMPTED,0.0,2026-08-16 15:43:33.043570
SIM-TXN-02329,CUST-0273,Amit Joshi,65.61,4257.47,CARD,BANK_ERROR,2,45.0,STOP,NOT_ATTEMPTED,0.0,2026-08-17 22:20:33.043570
SIM-TXN-02330,CUST-0458,Pooja Jadhav,75.31,4813.99,CARD,UNKNOWN,0,35.0,ESCALATE,FAILED,0.0,2026-08-11 04:07:33.043570
SIM-TXN-02331,CUST-0158,Pooja Jadhav,59.43,1929.13,UPI,BANK_TIMEOUT,2,53.0,STOP,NOT_ATTEMPTED,0.0,2026-08-29 04:25:33.043570
SIM-TXN-02332,CUST-0484,Sneha Kulkarni,62.19,2304.73,CARD,INSUFFICIENT_FUNDS,2,18.0,STOP,NOT_ATTEMPTED,0.0,2026-08-17 15:38:33.043570
SIM-TXN-02333,CUST-0489,Kunal Patil,54.01,724.66,NETBANKING,BANK_TIMEOUT,0,78.0,RETRY,SUCCESS,724.66,2026-08-10 23:16:33.043570
SIM-TXN-02334,CUST-0156,Neha Shah,59.02,1834.22,NETBANKING,BANK_TIMEOUT,0,78.0,RETRY,FAILED,0.0,2026-08-11 16:14:33.043570
SIM-TXN-02335,CUST-0396,Neha Shah,93.82,4975.63,CARD,BANK_ERROR,1,70.0,RETRY,SUCCESS,4975.63,2026-08-18 20:41:33.043570
SIM-TXN-02336,CUST-0014,Sneha Kulkarni,95.73,3866.73,CARD,BANK_ERROR,1,70.0,RETRY,SUCCESS,3866.73,2026-08-21 17:58:33.043570
SIM-TXN-02337,CUST-0205,Rohan Deshmukh,72.56,3642.89,WALLET,BANK_TIMEOUT,2,58.0,STOP,NOT_ATTEMPTED,0.0,2026-08-07 11:07:33.043570
SIM-TXN-02338,CUST-0048,Pooja Jadhav,67.71,2539.74,UPI,UNKNOWN,0,35.0,ESCALATE,FAILED,0.0,2026-08-07 06:25:33.043570
SIM-TXN-02339,CUST-0482,Priya Patil,68.51,2454.43,NETBANKING,BANK_ERROR,2,45.0,STOP,NOT_ATTEMPTED,0.0,2026-08-16 05:05:33.043570
SIM-TXN-02340,CUST-0213,Amit Joshi,74.38,1439.06,UPI,BANK_TIMEOUT,2,58.0,STOP,NOT_ATTEMPTED,0.0,2026-08-18 04:01:33.043570
SIM-TXN-02341,CUST-0245,Rohan Deshmukh,77.47,4268.69,UPI,BANK_TIMEOUT,1,78.0,RETRY,SUCCESS,4268.69,2026-08-19 02:03:33.043570
SIM-TXN-02342,CUST-0412,Priya Patil,96.36,3417.89,UPI,BANK_ERROR,1,70.0,RETRY,SUCCESS,3417.89,2026-08-15 21:32:33.043570
SIM-TXN-02343,CUST-0429,Kunal Patil,51.94,3617.78,NETBANKING,BANK_TIMEOUT,0,78.0,RETRY,FAILED,0.0,2026-08-05 15:12:33.043570
SIM-TXN-02344,CUST-0334,Sneha Kulkarni,70.89,1602.26,WALLET,AUTH_FAILED,1,42.0,ESCALATE,SUCCESS,1602.26,2026-08-14 07:01:33.043570
SIM-TXN-02345,CUST-0374,Sneha Kulkarni,60.76,435.86,NETBANKING,AUTH_FAILED,0,47.0,ESCALATE,SUCCESS,435.86,2026-08-13 02:56:33.043570
SIM-TXN-02346,CUST-0091,Rahul Sharma,46.11,5870.66,CARD,AUTH_FAILED,2,17.0,STOP,NOT_ATTEMPTED,0.0,2026-08-08 21:05:33.043570
SIM-TXN-02347,CUST-0072,Priya Patil,93.68,1663.92,UPI,INSUFFICIENT_FUNDS,0,48.0,ESCALATE,FAILED,0.0,2026-08-11 08:09:33.043570
SIM-TXN-02348,CUST-0444,Sneha Kulkarni,65.33,1223.88,NETBANKING,INSUFFICIENT_FUNDS,1,38.0,ESCALATE,FAILED,0.0,2026-08-08 22:58:33.043570
SIM-TXN-02349,CUST-0215,Rohan Deshmukh,80.9,4250.46,CARD,BANK_TIMEOUT,2,63.0,STOP,NOT_ATTEMPTED,0.0,2026-08-10 01:20:33.043570
SIM-TXN-02350,CUST-0187,Aditya More,65.27,1783.6,UPI,INSUFFICIENT_FUNDS,0,43.0,ESCALATE,SUCCESS,1783.6,2026-08-11 01:52:33.043570
SIM-TXN-02351,CUST-0157,Aditya More,84.35,5698.45,NETBANKING,BANK_ERROR,1,70.0,RETRY,SUCCESS,5698.45,2026-08-03 02:04:33.043570
SIM-TXN-02352,CUST-0402,Priya Patil,83.93,3998.22,UPI,BANK_TIMEOUT,1,83.0,RETRY,SUCCESS,3998.22,2026-08-08 08:37:33.043570
SIM-TXN-02353,CUST-0468,Pooja Jadhav,45.81,4216.9,WALLET,BANK_ERROR,2,40.0,STOP,NOT_ATTEMPTED,0.0,2026-08-25 16:37:33.043570
SIM-TXN-02354,CUST-0087,Aditya More,97.74,818.31,UPI,BANK_TIMEOUT,1,83.0,RETRY,FAILED,0.0,2026-08-05 23:35:33.043570
SIM-TXN-02355,CUST-0215,Rohan Deshmukh,80.9,6435.31,UPI,UNKNOWN,1,35.0,ESCALATE,FAILED,0.0,2026-08-20 16:20:33.043570
SIM-TXN-02356,CUST-0439,Kunal Patil,71.41,3007.91,WALLET,UNKNOWN,0,35.0,ESCALATE,FAILED,0.0,2026-08-30 18:34:33.043570
SIM-TXN-02357,CUST-0001,Rahul Sharma,50.9,1816.34,WALLET,BANK_ERROR,1,60.0,NOTIFY,SUCCESS,1816.34,2026-08-31 15:54:33.043570
SIM-TXN-02358,CUST-0277,Aditya More,76.37,2737.25,UPI,BANK_ERROR,1,65.0,NOTIFY,SUCCESS,2737.25,2026-08-27 18:54:33.043570
SIM-TXN-02359,CUST-0101,Rahul Sharma,86.58,589.35,CARD,BANK_TIMEOUT,0,88.0,RETRY,SUCCESS,589.35,2026-08-05 12:44:33.043570
SIM-TXN-02360,CUST-0381,Rahul Sharma,57.71,3384.37,WALLET,BANK_TIMEOUT,1,73.0,RETRY,FAILED,0.0,2026-08-06 13:54:33.043570
SIM-TXN-02361,CUST-0128,Pooja Jadhav,48.03,1071.17,CARD,BANK_TIMEOUT,2,53.0,STOP,NOT_ATTEMPTED,0.0,2026-08-15 11:51:33.043570
SIM-TXN-02362,CUST-0169,Kunal Patil,74.73,827.05,WALLET,INSUFFICIENT_FUNDS,2,18.0,STOP,NOT_ATTEMPTED,0.0,2026-08-28 16:15:33.043570
SIM-TXN-02363,CUST-0267,Aditya More,94.97,722.06,NETBANKING,AUTH_FAILED,0,52.0,NOTIFY,SUCCESS,722.06,2026-08-18 20:18:33.043570
SIM-TXN-02364,CUST-0339,Kunal Patil,61.23,5944.08,UPI,BANK_TIMEOUT,2,58.0,STOP,NOT_ATTEMPTED,0.0,2026-08-19 07:31:33.043570
SIM-TXN-02365,CUST-0324,Sneha Kulkarni,75.2,1475.26,CARD,BANK_TIMEOUT,0,83.0,RETRY,SUCCESS,1475.26,2026-08-30 16:09:33.043570
SIM-TXN-02366,CUST-0018,Pooja Jadhav,83.68,8324.7,CARD,INSUFFICIENT_FUNDS,0,48.0,ESCALATE,FAILED,0.0,2026-08-02 07:45:33.043570
SIM-TXN-02367,CUST-0293,Amit Joshi,51.69,1589.79,NETBANKING,BANK_ERROR,0,65.0,NOTIFY,SUCCESS,1589.79,2026-08-28 01:25:33.043570
SIM-TXN-02368,CUST-0208,Pooja Jadhav,95.29,622.73,CARD,BANK_ERROR,1,70.0,RETRY,SUCCESS,622.73,2026-08-26 15:12:33.043570
SIM-TXN-02369,CUST-0226,Neha Shah,77.82,999.03,NETBANKING,BANK_TIMEOUT,2,58.0,STOP,NOT_ATTEMPTED,0.0,2026-08-25 04:55:33.043570
SIM-TXN-02370,CUST-0474,Sneha Kulkarni,65.14,6559.37,CARD,BANK_ERROR,1,65.0,NOTIFY,SUCCESS,6559.37,2026-08-23 23:17:33.043570
SIM-TXN-02371,CUST-0396,Neha Shah,93.82,2154.43,UPI,AUTH_FAILED,2,27.0,STOP,NOT_ATTEMPTED,0.0,2026-08-17 08:55:33.043570
SIM-TXN-02372,CUST-0391,Rahul Sharma,56.91,1573.99,UPI,AUTH_FAILED,1,37.0,ESCALATE,SUCCESS,1573.99,2026-08-02 22:43:33.043570
SIM-TXN-02373,CUST-0494,Sneha Kulkarni,78.81,2773.91,UPI,AUTH_FAILED,0,47.0,ESCALATE,FAILED,0.0,2026-08-06 20:21:33.043570
SIM-TXN-02374,CUST-0062,Priya Patil,50.91,3646.15,NETBANKING,AUTH_FAILED,0,42.0,ESCALATE,FAILED,0.0,2026-08-15 18:19:33.043570
SIM-TXN-02375,CUST-0232,Priya Patil,90.04,5966.52,UPI,BANK_ERROR,2,50.0,STOP,NOT_ATTEMPTED,0.0,2026-08-10 02:25:33.043570
SIM-TXN-02376,CUST-0204,Sneha Kulkarni,82.57,7776.02,CARD,INSUFFICIENT_FUNDS,0,48.0,ESCALATE,FAILED,0.0,2026-08-11 21:17:33.043570
SIM-TXN-02377,CUST-0398,Pooja Jadhav,82.09,1830.21,NETBANKING,BANK_TIMEOUT,2,63.0,STOP,NOT_ATTEMPTED,0.0,2026-08-29 03:20:33.043570
SIM-TXN-02378,CUST-0400,Ananya Kulkarni,68.2,844.85,UPI,BANK_TIMEOUT,2,58.0,STOP,NOT_ATTEMPTED,0.0,2026-08-18 07:05:33.043570
SIM-TXN-02379,CUST-0277,Aditya More,76.37,1753.25,CARD,BANK_TIMEOUT,1,78.0,RETRY,SUCCESS,1753.25,2026-08-09 07:53:33.043570
SIM-TXN-02380,CUST-0326,Neha Shah,90.1,3005.58,CARD,AUTH_FAILED,2,27.0,STOP,NOT_ATTEMPTED,0.0,2026-08-08 17:02:33.043570
SIM-TXN-02381,CUST-0277,Aditya More,76.37,1128.89,WALLET,UNKNOWN,0,35.0,ESCALATE,SUCCESS,1128.89,2026-08-20 00:49:33.043570
SIM-TXN-02382,CUST-0152,Priya Patil,77.42,1134.88,WALLET,BANK_ERROR,1,65.0,NOTIFY,SUCCESS,1134.88,2026-08-07 23:38:33.043570
SIM-TXN-02383,CUST-0370,Ananya Kulkarni,74.58,3213.22,UPI,UNKNOWN,0,35.0,ESCALATE,SUCCESS,3213.22,2026-08-27 02:00:33.043570
SIM-TXN-02384,CUST-0343,Amit Joshi,62.53,2347.43,UPI,BANK_ERROR,0,70.0,RETRY,FAILED,0.0,2026-08-08 04:12:33.043570
SIM-TXN-02385,CUST-0074,Sneha Kulkarni,50.93,2505.48,CARD,BANK_ERROR,0,65.0,NOTIFY,SUCCESS,2505.48,2026-08-09 01:07:33.043570
SIM-TXN-02386,CUST-0331,Rahul Sharma,74.46,1330.36,CARD,BANK_ERROR,0,70.0,RETRY,FAILED,0.0,2026-08-05 00:00:33.043570
SIM-TXN-02387,CUST-0116,Neha Shah,94.1,2029.77,NETBANKING,UNKNOWN,0,40.0,ESCALATE,FAILED,0.0,2026-08-07 09:49:33.043570
SIM-TXN-02388,CUST-0372,Priya Patil,56.96,1165.16,CARD,INSUFFICIENT_FUNDS,0,38.0,ESCALATE,FAILED,0.0,2026-08-14 07:51:33.043570
SIM-TXN-02389,CUST-0390,Ananya Kulkarni,67.53,4974.89,UPI,BANK_ERROR,2,45.0,STOP,NOT_ATTEMPTED,0.0,2026-08-15 22:50:33.043570
SIM-TXN-02390,CUST-0269,Kunal Patil,73.53,5587.01,WALLET,BANK_TIMEOUT,0,83.0,RETRY,SUCCESS,5587.01,2026-08-15 09:21:33.043570
SIM-TXN-02391,CUST-0421,Rahul Sharma,51.14,557.27,WALLET,BANK_TIMEOUT,0,78.0,RETRY,SUCCESS,557.27,2026-08-17 07:50:33.043570
SIM-TXN-02392,CUST-0449,Kunal Patil,59.16,1160.25,UPI,BANK_TIMEOUT,1,73.0,RETRY,SUCCESS,1160.25,2026-08-13 09:59:33.043570
SIM-TXN-02393,CUST-0058,Pooja Jadhav,90.62,737.14,WALLET,AUTH_FAILED,2,27.0,STOP,NOT_ATTEMPTED,0.0,2026-08-09 10:57:33.043570
SIM-TXN-02394,CUST-0449,Kunal Patil,59.16,1450.96,WALLET,INSUFFICIENT_FUNDS,1,33.0,ESCALATE,SUCCESS,1450.96,2026-08-06 11:31:33.043570
SIM-TXN-02395,CUST-0046,Neha Shah,58.07,2283.01,NETBANKING,UNKNOWN,0,30.0,ESCALATE,FAILED,0.0,2026-08-24 07:07:33.043570
SIM-TXN-02396,CUST-0429,Kunal Patil,51.94,765.31,WALLET,INSUFFICIENT_FUNDS,1,33.0,ESCALATE,SUCCESS,765.31,2026-08-06 13:51:33.043570
SIM-TXN-02397,CUST-0443,Amit Joshi,69.21,1167.37,NETBANKING,INSUFFICIENT_FUNDS,1,38.0,ESCALATE,FAILED,0.0,2026-08-16 18:08:33.043570
SIM-TXN-02398,CUST-0215,Rohan Deshmukh,80.9,1093.17,NETBANKING,AUTH_FAILED,1,47.0,ESCALATE,SUCCESS,1093.17,2026-08-06 09:25:33.043570
SIM-TXN-02399,CUST-0366,Neha Shah,75.58,2880.77,CARD,INSUFFICIENT_FUNDS,2,18.0,STOP,NOT_ATTEMPTED,0.0,2026-08-24 07:36:33.043570
SIM-TXN-02400,CUST-0114,Sneha Kulkarni,50.19,2579.82,NETBANKING,AUTH_FAILED,0,42.0,ESCALATE,FAILED,0.0,2026-08-23 23:50:33.043570
SIM-TXN-02401,CUST-0288,Pooja Jadhav,56.88,1370.06,WALLET,AUTH_FAILED,2,17.0,STOP,NOT_ATTEMPTED,0.0,2026-08-25 09:49:33.043570
SIM-TXN-02402,CUST-0446,Neha Shah,90.79,2811.45,WALLET,UNKNOWN,0,40.0,ESCALATE,FAILED,0.0,2026-08-28 15:46:33.043570
SIM-TXN-02403,CUST-0430,Ananya Kulkarni,68.22,1576.02,UPI,INSUFFICIENT_FUNDS,2,18.0,STOP,NOT_ATTEMPTED,0.0,2026-08-06 02:38:33.043570
SIM-TXN-02404,CUST-0061,Rahul Sharma,84.8,1963.88,CARD,UNKNOWN,1,35.0,ESCALATE,FAILED,0.0,2026-08-29 06:29:33.043570
SIM-TXN-02405,CUST-0216,Neha Shah,77.62,9309.23,UPI,INSUFFICIENT_FUNDS,1,38.0,ESCALATE,FAILED,0.0,2026-08-21 19:49:33.043570
SIM-TXN-02406,CUST-0437,Aditya More,69.46,7132.16,UPI,BANK_ERROR,1,65.0,NOTIFY,FAILED,0.0,2026-08-30 09:02:33.043570
SIM-TXN-02407,CUST-0382,Priya Patil,48.98,862.93,UPI,INSUFFICIENT_FUNDS,0,38.0,ESCALATE,FAILED,0.0,2026-08-02 21:20:33.043570
SIM-TXN-02408,CUST-0323,Amit Joshi,57.92,4739.97,UPI,UNKNOWN,1,25.0,ESCALATE,FAILED,0.0,2026-08-03 01:57:33.043570
SIM-TXN-02409,CUST-0374,Sneha Kulkarni,60.76,4670.95,NETBANKING,BANK_ERROR,1,65.0,NOTIFY,FAILED,0.0,2026-08-17 10:45:33.043570
SIM-TXN-02410,CUST-0181,Rahul Sharma,90.82,973.98,CARD,UNKNOWN,1,35.0,ESCALATE,FAILED,0.0,2026-08-03 23:10:33.043570
SIM-TXN-02411,CUST-0167,Aditya More,53.56,4698.61,NETBANKING,BANK_ERROR,0,65.0,NOTIFY,SUCCESS,4698.61,2026-08-26 16:44:33.043570
SIM-TXN-02412,CUST-0332,Priya Patil,95.25,8352.75,WALLET,BANK_ERROR,1,70.0,RETRY,FAILED,0.0,2026-08-09 14:53:33.043570
SIM-TXN-02413,CUST-0433,Amit Joshi,82.62,994.23,UPI,BANK_ERROR,1,70.0,RETRY,SUCCESS,994.23,2026-08-26 06:51:33.043570
SIM-TXN-02414,CUST-0379,Kunal Patil,78.15,1171.45,CARD,INSUFFICIENT_FUNDS,1,38.0,ESCALATE,FAILED,0.0,2026-08-06 09:36:33.043570
SIM-TXN-02415,CUST-0469,Kunal Patil,66.73,5508.95,WALLET,INSUFFICIENT_FUNDS,1,38.0,ESCALATE,FAILED,0.0,2026-08-30 21:26:33.043570
SIM-TXN-02416,CUST-0096,Neha Shah,48.76,3032.66,CARD,INSUFFICIENT_FUNDS,1,33.0,ESCALATE,FAILED,0.0,2026-08-23 21:11:33.043570
SIM-TXN-02417,CUST-0180,Ananya Kulkarni,94.07,3794.02,WALLET,BANK_ERROR,1,70.0,RETRY,FAILED,0.0,2026-08-09 11:03:33.043570
SIM-TXN-02418,CUST-0166,Neha Shah,78.77,3205.01,CARD,BANK_TIMEOUT,2,58.0,STOP,NOT_ATTEMPTED,0.0,2026-08-15 22:08:33.043570
SIM-TXN-02419,CUST-0466,Neha Shah,91.33,3336.1,NETBANKING,AUTH_FAILED,2,27.0,STOP,NOT_ATTEMPTED,0.0,2026-08-26 06:53:33.043570
SIM-TXN-02420,CUST-0092,Priya Patil,57.2,844.57,UPI,BANK_ERROR,0,65.0,NOTIFY,SUCCESS,844.57,2026-08-29 00:06:33.043570
SIM-TXN-02421,CUST-0469,Kunal Patil,66.73,5641.21,WALLET,INSUFFICIENT_FUNDS,1,38.0,ESCALATE,SUCCESS,5641.21,2026-08-17 06:30:33.043570
SIM-TXN-02422,CUST-0273,Amit Joshi,65.61,6220.91,CARD,BANK_ERROR,1,65.0,NOTIFY,SUCCESS,6220.91,2026-08-15 03:59:33.043570
SIM-TXN-02423,CUST-0315,Rohan Deshmukh,54.34,2031.41,UPI,AUTH_FAILED,1,37.0,ESCALATE,FAILED,0.0,2026-08-21 22:20:33.043570
SIM-TXN-02424,CUST-0423,Amit Joshi,79.86,2357.17,CARD,BANK_TIMEOUT,2,58.0,STOP,NOT_ATTEMPTED,0.0,2026-08-14 06:00:33.043570
SIM-TXN-02425,CUST-0014,Sneha Kulkarni,95.73,717.03,CARD,BANK_ERROR,0,75.0,RETRY,FAILED,0.0,2026-08-21 19:57:33.043570
SIM-TXN-02426,CUST-0332,Priya Patil,95.25,3682.71,CARD,INSUFFICIENT_FUNDS,0,48.0,ESCALATE,SUCCESS,3682.71,2026-08-02 17:39:33.043570
SIM-TXN-02427,CUST-0440,Ananya Kulkarni,71.97,3857.0,WALLET,AUTH_FAILED,1,42.0,ESCALATE,FAILED,0.0,2026-08-27 15:28:33.043570
SIM-TXN-02428,CUST-0099,Kunal Patil,83.34,2322.15,WALLET,BANK_ERROR,2,50.0,STOP,NOT_ATTEMPTED,0.0,2026-08-27 23:31:33.043570
SIM-TXN-02429,CUST-0455,Rohan Deshmukh,62.62,5999.81,WALLET,UNKNOWN,2,10.0,STOP,NOT_ATTEMPTED,0.0,2026-08-13 16:35:33.043570
SIM-TXN-02430,CUST-0362,Priya Patil,54.77,1868.21,NETBANKING,INSUFFICIENT_FUNDS,1,33.0,ESCALATE,FAILED,0.0,2026-08-18 09:06:33.043570
SIM-TXN-02431,CUST-0461,Rahul Sharma,82.38,3834.08,CARD,UNKNOWN,1,35.0,ESCALATE,FAILED,0.0,2026-08-05 07:06:33.043570
SIM-TXN-02432,CUST-0491,Rahul Sharma,77.84,1079.52,NETBANKING,INSUFFICIENT_FUNDS,2,18.0,STOP,NOT_ATTEMPTED,0.0,2026-08-13 00:38:33.043570
SIM-TXN-02433,CUST-0408,Pooja Jadhav,69.94,2395.05,CARD,AUTH_FAILED,0,47.0,ESCALATE,FAILED,0.0,2026-08-24 21:14:33.043570
SIM-TXN-02434,CUST-0363,Amit Joshi,58.38,2122.85,NETBANKING,BANK_ERROR,0,65.0,NOTIFY,FAILED,0.0,2026-08-29 06:47:33.043570
SIM-TXN-02435,CUST-0117,Aditya More,53.81,2922.65,CARD,INSUFFICIENT_FUNDS,1,33.0,ESCALATE,SUCCESS,2922.65,2026-08-04 05:04:33.043570
SIM-TXN-02436,CUST-0236,Neha Shah,52.82,1815.98,WALLET,AUTH_FAILED,2,17.0,STOP,NOT_ATTEMPTED,0.0,2026-08-21 15:23:33.043570
SIM-TXN-02437,CUST-0034,Sneha Kulkarni,53.66,2196.94,CARD,UNKNOWN,0,30.0,ESCALATE,FAILED,0.0,2026-08-27 05:32:33.043570
SIM-TXN-02438,CUST-0333,Amit Joshi,57.79,4726.02,NETBANKING,BANK_TIMEOUT,1,73.0,RETRY,FAILED,0.0,2026-08-08 12:29:33.043570
SIM-TXN-02439,CUST-0033,Amit Joshi,73.31,1720.88,UPI,INSUFFICIENT_FUNDS,2,18.0,STOP,NOT_ATTEMPTED,0.0,2026-08-14 08:31:33.043570
SIM-TXN-02440,CUST-0292,Priya Patil,77.93,675.02,UPI,BANK_TIMEOUT,2,58.0,STOP,NOT_ATTEMPTED,0.0,2026-08-28 23:51:33.043570
SIM-TXN-02441,CUST-0252,Priya Patil,70.68,9893.84,CARD,BANK_ERROR,1,65.0,NOTIFY,SUCCESS,9893.84,2026-08-22 08:47:33.043570
SIM-TXN-02442,CUST-0159,Kunal Patil,56.16,7369.93,NETBANKING,AUTH_FAILED,1,37.0,ESCALATE,SUCCESS,7369.93,2026-08-24 21:47:33.043570
SIM-TXN-02443,CUST-0485,Rohan Deshmukh,60.55,868.0,NETBANKING,BANK_ERROR,0,70.0,RETRY,FAILED,0.0,2026-08-04 04:49:33.043570
SIM-TXN-02444,CUST-0365,Rohan Deshmukh,66.24,4237.66,UPI,INSUFFICIENT_FUNDS,0,43.0,ESCALATE,FAILED,0.0,2026-08-25 21:37:33.043570
SIM-TXN-02445,CUST-0212,Priya Patil,62.29,1632.1,CARD,INSUFFICIENT_FUNDS,0,43.0,ESCALATE,FAILED,0.0,2026-08-09 22:51:33.043570
SIM-TXN-02446,CUST-0428,Pooja Jadhav,55.79,3013.3,WALLET,BANK_TIMEOUT,2,53.0,STOP,NOT_ATTEMPTED,0.0,2026-08-07 05:29:33.043570
SIM-TXN-02447,CUST-0170,Ananya Kulkarni,48.99,3088.31,WALLET,BANK_TIMEOUT,2,53.0,STOP,NOT_ATTEMPTED,0.0,2026-08-19 10:09:33.043570
SIM-TXN-02448,CUST-0413,Amit Joshi,63.44,2023.28,WALLET,BANK_ERROR,0,70.0,RETRY,FAILED,0.0,2026-08-10 02:50:33.043570
SIM-TXN-02449,CUST-0050,Ananya Kulkarni,97.86,1303.73,CARD,BANK_ERROR,2,50.0,STOP,NOT_ATTEMPTED,0.0,2026-08-21 09:02:33.043570
SIM-TXN-02450,CUST-0451,Rahul Sharma,89.39,1404.68,UPI,BANK_TIMEOUT,0,88.0,RETRY,SUCCESS,1404.68,2026-08-10 22:04:33.043570
SIM-TXN-02451,CUST-0117,Aditya More,53.81,1172.68,UPI,BANK_ERROR,1,60.0,NOTIFY,SUCCESS,1172.68,2026-08-06 01:40:33.043570
SIM-TXN-02452,CUST-0269,Kunal Patil,73.53,1254.56,UPI,BANK_TIMEOUT,2,58.0,STOP,NOT_ATTEMPTED,0.0,2026-08-04 11:34:33.043570
SIM-TXN-02453,CUST-0350,Ananya Kulkarni,96.76,2312.9,CARD,BANK_ERROR,0,75.0,RETRY,FAILED,0.0,2026-08-25 20:54:33.043570
SIM-TXN-02454,CUST-0007,Aditya More,76.91,1376.63,WALLET,BANK_TIMEOUT,1,78.0,RETRY,SUCCESS,1376.63,2026-08-27 15:27:33.043570
SIM-TXN-02455,CUST-0289,Kunal Patil,86.41,4211.78,UPI,BANK_ERROR,0,75.0,RETRY,SUCCESS,4211.78,2026-08-30 01:07:33.043570
SIM-TXN-02456,CUST-0256,Neha Shah,92.33,8020.83,CARD,BANK_TIMEOUT,1,83.0,RETRY,SUCCESS,8020.83,2026-08-08 19:54:33.043570
SIM-TXN-02457,CUST-0308,Pooja Jadhav,73.24,1534.5,CARD,BANK_ERROR,1,65.0,NOTIFY,FAILED,0.0,2026-08-09 20:50:33.043570
SIM-TXN-02458,CUST-0260,Ananya Kulkarni,66.99,2955.8,WALLET,BANK_TIMEOUT,0,83.0,RETRY,SUCCESS,2955.8,2026-08-26 06:09:33.043570
SIM-TXN-02459,CUST-0455,Rohan Deshmukh,62.62,3640.03,UPI,UNKNOWN,1,30.0,ESCALATE,FAILED,0.0,2026-08-06 16:41:33.043570
SIM-TXN-02460,CUST-0179,Kunal Patil,96.61,3560.31,CARD,INSUFFICIENT_FUNDS,0,48.0,ESCALATE,FAILED,0.0,2026-08-29 06:09:33.043570
SIM-TXN-02461,CUST-0080,Ananya Kulkarni,85.59,2593.5,NETBANKING,UNKNOWN,1,35.0,ESCALATE,FAILED,0.0,2026-08-26 17:30:33.043570
SIM-TXN-02462,CUST-0426,Neha Shah,78.0,4421.11,WALLET,BANK_ERROR,0,70.0,RETRY,SUCCESS,4421.11,2026-08-04 18:28:33.043570
SIM-TXN-02463,CUST-0174,Sneha Kulkarni,61.34,3589.61,CARD,BANK_TIMEOUT,0,83.0,RETRY,FAILED,0.0,2026-08-24 03:00:33.043570
SIM-TXN-02464,CUST-0097,Aditya More,59.76,906.75,UPI,INSUFFICIENT_FUNDS,1,33.0,ESCALATE,SUCCESS,906.75,2026-08-23 15:43:33.043570
SIM-TXN-02465,CUST-0416,Neha Shah,66.82,4891.85,UPI,INSUFFICIENT_FUNDS,2,18.0,STOP,NOT_ATTEMPTED,0.0,2026-08-05 22:18:33.043570
SIM-TXN-02466,CUST-0340,Ananya Kulkarni,64.56,4963.33,WALLET,AUTH_FAILED,2,22.0,STOP,NOT_ATTEMPTED,0.0,2026-08-31 01:30:33.043570
SIM-TXN-02467,CUST-0103,Amit Joshi,79.93,1325.27,CARD,BANK_TIMEOUT,1,78.0,RETRY,SUCCESS,1325.27,2026-08-15 02:57:33.043570
SIM-TXN-02468,CUST-0484,Sneha Kulkarni,62.19,2515.81,WALLET,AUTH_FAILED,1,42.0,ESCALATE,SUCCESS,2515.81,2026-08-24 02:41:33.043570
SIM-TXN-02469,CUST-0013,Amit Joshi,59.73,4216.09,NETBANKING,BANK_ERROR,2,40.0,STOP,NOT_ATTEMPTED,0.0,2026-08-23 19:44:33.043570
SIM-TXN-02470,CUST-0313,Amit Joshi,78.69,2064.31,WALLET,BANK_ERROR,1,65.0,NOTIFY,FAILED,0.0,2026-08-04 07:10:33.043570
SIM-TXN-02471,CUST-0271,Rahul Sharma,70.88,5758.21,CARD,INSUFFICIENT_FUNDS,0,43.0,ESCALATE,SUCCESS,5758.21,2026-08-28 12:38:33.043570
SIM-TXN-02472,CUST-0383,Amit Joshi,66.65,16172.99,CARD,UNKNOWN,2,10.0,STOP,NOT_ATTEMPTED,0.0,2026-08-16 01:33:33.043570
SIM-TXN-02473,CUST-0379,Kunal Patil,78.15,1301.42,UPI,BANK_TIMEOUT,0,83.0,RETRY,FAILED,0.0,2026-08-19 07:22:33.043570
SIM-TXN-02474,CUST-0097,Aditya More,59.76,808.49,UPI,BANK_ERROR,2,40.0,STOP,NOT_ATTEMPTED,0.0,2026-08-21 12:47:33.043570
SIM-TXN-02475,CUST-0379,Kunal Patil,78.15,3112.11,CARD,AUTH_FAILED,2,22.0,STOP,NOT_ATTEMPTED,0.0,2026-08-18 16:00:33.043570
SIM-TXN-02476,CUST-0349,Kunal Patil,59.65,4347.04,CARD,INSUFFICIENT_FUNDS,0,38.0,ESCALATE,FAILED,0.0,2026-08-10 05:48:33.043570
SIM-TXN-02477,CUST-0457,Aditya More,91.09,2029.02,NETBANKING,BANK_TIMEOUT,0,88.0,RETRY,SUCCESS,2029.02,2026-08-24 07:56:33.043570
SIM-TXN-02478,CUST-0106,Neha Shah,80.69,7805.69,UPI,AUTH_FAILED,0,52.0,NOTIFY,FAILED,0.0,2026-08-11 04:00:33.043570
SIM-TXN-02479,CUST-0461,Rahul Sharma,82.38,836.41,NETBANKING,INSUFFICIENT_FUNDS,0,48.0,ESCALATE,FAILED,0.0,2026-08-16 20:14:33.043570
SIM-TXN-02480,CUST-0091,Rahul Sharma,46.11,4248.56,CARD,UNKNOWN,1,25.0,ESCALATE,FAILED,0.0,2026-08-20 02:00:33.043570
SIM-TXN-02481,CUST-0023,Amit Joshi,75.6,1503.14,CARD,BANK_TIMEOUT,2,58.0,STOP,NOT_ATTEMPTED,0.0,2026-08-13 12:58:33.043570
SIM-TXN-02482,CUST-0452,Priya Patil,97.94,9657.62,NETBANKING,UNKNOWN,0,40.0,ESCALATE,FAILED,0.0,2026-08-31 12:35:33.043570
SIM-TXN-02483,CUST-0378,Pooja Jadhav,95.22,12016.22,WALLET,UNKNOWN,2,15.0,STOP,NOT_ATTEMPTED,0.0,2026-08-02 06:08:33.043570
SIM-TXN-02484,CUST-0213,Amit Joshi,74.38,1321.7,WALLET,INSUFFICIENT_FUNDS,1,38.0,ESCALATE,FAILED,0.0,2026-08-10 09:56:33.043570
SIM-TXN-02485,CUST-0419,Kunal Patil,46.94,1572.39,NETBANKING,INSUFFICIENT_FUNDS,2,13.0,STOP,NOT_ATTEMPTED,0.0,2026-08-02 06:21:33.043570
SIM-TXN-02486,CUST-0321,Rahul Sharma,89.03,4854.54,UPI,INSUFFICIENT_FUNDS,2,23.0,STOP,NOT_ATTEMPTED,0.0,2026-08-22 05:32:33.043570
SIM-TXN-02487,CUST-0066,Neha Shah,71.91,1790.58,CARD,AUTH_FAILED,0,47.0,ESCALATE,FAILED,0.0,2026-08-07 00:52:33.043570
SIM-TXN-02488,CUST-0082,Priya Patil,53.75,2353.53,WALLET,UNKNOWN,0,30.0,ESCALATE,SUCCESS,2353.53,2026-08-16 16:33:33.043570
SIM-TXN-02489,CUST-0086,Neha Shah,82.79,2490.68,NETBANKING,UNKNOWN,2,15.0,STOP,NOT_ATTEMPTED,0.0,2026-08-19 21:54:33.043570
SIM-TXN-02490,CUST-0146,Neha Shah,48.88,525.45,NETBANKING,AUTH_FAILED,2,17.0,STOP,NOT_ATTEMPTED,0.0,2026-08-13 16:35:33.043570
SIM-TXN-02491,CUST-0056,Neha Shah,65.23,2413.73,WALLET,INSUFFICIENT_FUNDS,0,43.0,ESCALATE,FAILED,0.0,2026-08-27 00:54:33.043570
SIM-TXN-02492,CUST-0434,Sneha Kulkarni,74.19,1405.6,CARD,BANK_ERROR,2,45.0,STOP,NOT_ATTEMPTED,0.0,2026-08-03 09:57:33.043570
SIM-TXN-02493,CUST-0241,Rahul Sharma,58.21,1645.01,UPI,BANK_ERROR,0,65.0,NOTIFY,SUCCESS,1645.01,2026-08-19 10:50:33.043570
SIM-TXN-02494,CUST-0095,Rohan Deshmukh,92.99,7745.8,UPI,BANK_TIMEOUT,0,88.0,RETRY,SUCCESS,7745.8,2026-08-18 16:05:33.043570
SIM-TXN-02495,CUST-0225,Rohan Deshmukh,72.32,893.19,WALLET,INSUFFICIENT_FUNDS,2,18.0,STOP,NOT_ATTEMPTED,0.0,2026-08-03 15:48:33.043570
SIM-TXN-02496,CUST-0340,Ananya Kulkarni,64.56,4677.71,CARD,UNKNOWN,0,35.0,ESCALATE,FAILED,0.0,2026-08-03 18:45:33.043570
SIM-TXN-02497,CUST-0292,Priya Patil,77.93,1952.43,CARD,BANK_TIMEOUT,1,78.0,RETRY,SUCCESS,1952.43,2026-08-13 04:54:33.043570
SIM-TXN-02498,CUST-0472,Priya Patil,79.44,1951.18,WALLET,BANK_TIMEOUT,0,83.0,RETRY,FAILED,0.0,2026-08-04 08:36:33.043570
SIM-TXN-02499,CUST-0201,Rahul Sharma,68.13,4593.04,NETBANKING,BANK_ERROR,2,45.0,STOP,NOT_ATTEMPTED,0.0,2026-08-04 16:29:33.043570
SIM-TXN-02500,CUST-0116,Neha Shah,94.1,3203.63,CARD,BANK_TIMEOUT,1,83.0,RETRY,SUCCESS,3203.63,2026-08-21 18:19:33.043570
SIM-TXN-02501,CUST-0013,Amit Joshi,59.73,3852.55,UPI,INSUFFICIENT_FUNDS,0,38.0,ESCALATE,FAILED,0.0,2026-08-14 21:19:33.043570
SIM-TXN-02502,CUST-0286,Neha Shah,69.93,5295.16,NETBANKING,BANK_TIMEOUT,0,83.0,RETRY,SUCCESS,5295.16,2026-08-04 18:06:33.043570
SIM-TXN-02503,CUST-0210,Ananya Kulkarni,83.15,1872.36,UPI,AUTH_FAILED,2,27.0,STOP,NOT_ATTEMPTED,0.0,2026-08-09 12:33:33.043570
SIM-TXN-02504,CUST-0371,Rahul Sharma,77.13,1495.49,NETBANKING,UNKNOWN,0,35.0,ESCALATE,SUCCESS,1495.49,2026-08-06 12:20:33.043570
SIM-TXN-02505,CUST-0351,Rahul Sharma,76.63,1024.42,WALLET,BANK_TIMEOUT,0,83.0,RETRY,SUCCESS,1024.42,2026-08-19 10:14:33.043570
SIM-TXN-02506,CUST-0394,Sneha Kulkarni,87.01,1261.01,CARD,AUTH_FAILED,2,27.0,STOP,NOT_ATTEMPTED,0.0,2026-08-03 09:24:33.043570
SIM-TXN-02507,CUST-0289,Kunal Patil,86.41,25829.58,UPI,AUTH_FAILED,2,27.0,STOP,NOT_ATTEMPTED,0.0,2026-08-23 11:21:33.043570
SIM-TXN-02508,CUST-0480,Ananya Kulkarni,68.0,6606.07,WALLET,AUTH_FAILED,1,42.0,ESCALATE,FAILED,0.0,2026-08-19 09:25:33.043570
SIM-TXN-02509,CUST-0231,Rahul Sharma,97.15,828.11,CARD,UNKNOWN,2,15.0,STOP,NOT_ATTEMPTED,0.0,2026-08-24 02:47:33.043570
SIM-TXN-02510,CUST-0314,Sneha Kulkarni,82.49,847.28,WALLET,BANK_TIMEOUT,1,83.0,RETRY,FAILED,0.0,2026-08-08 18:14:33.043570
SIM-TXN-02511,CUST-0233,Amit Joshi,69.14,3588.51,NETBANKING,AUTH_FAILED,0,47.0,ESCALATE,SUCCESS,3588.51,2026-08-30 18:50:33.043570
SIM-TXN-02512,CUST-0375,Rohan Deshmukh,97.47,3781.26,WALLET,BANK_TIMEOUT,1,83.0,RETRY,FAILED,0.0,2026-08-18 13:00:33.043570
SIM-TXN-02513,CUST-0379,Kunal Patil,78.15,3786.16,NETBANKING,BANK_TIMEOUT,0,83.0,RETRY,SUCCESS,3786.16,2026-08-20 11:12:33.043570
SIM-TXN-02514,CUST-0364,Sneha Kulkarni,51.05,1990.29,CARD,INSUFFICIENT_FUNDS,1,33.0,ESCALATE,SUCCESS,1990.29,2026-08-30 07:16:33.043570
SIM-TXN-02515,CUST-0181,Rahul Sharma,90.82,2207.55,WALLET,BANK_TIMEOUT,1,83.0,RETRY,FAILED,0.0,2026-08-22 18:02:33.043570
SIM-TXN-02516,CUST-0376,Neha Shah,75.14,3172.59,WALLET,BANK_ERROR,1,65.0,NOTIFY,SUCCESS,3172.59,2026-08-16 15:03:33.043570
SIM-TXN-02517,CUST-0341,Rahul Sharma,73.14,2614.2,CARD,BANK_ERROR,0,70.0,RETRY,SUCCESS,2614.2,2026-08-10 11:33:33.043570
SIM-TXN-02518,CUST-0292,Priya Patil,77.93,413.46,NETBANKING,BANK_TIMEOUT,1,78.0,RETRY,SUCCESS,413.46,2026-08-20 08:50:33.043570
SIM-TXN-02519,CUST-0192,Priya Patil,66.12,2030.75,CARD,AUTH_FAILED,1,42.0,ESCALATE,SUCCESS,2030.75,2026-08-06 17:38:33.043570
SIM-TXN-02520,CUST-0278,Pooja Jadhav,49.45,1235.06,NETBANKING,AUTH_FAILED,2,17.0,STOP,NOT_ATTEMPTED,0.0,2026-08-20 13:06:33.043570
SIM-TXN-02521,CUST-0027,Aditya More,65.15,2807.84,NETBANKING,BANK_TIMEOUT,2,58.0,STOP,NOT_ATTEMPTED,0.0,2026-08-08 22:08:33.043570
SIM-TXN-02522,CUST-0338,Pooja Jadhav,66.43,26587.79,WALLET,BANK_ERROR,0,70.0,RETRY,FAILED,0.0,2026-08-02 21:00:33.043570
SIM-TXN-02523,CUST-0356,Neha Shah,96.64,3274.71,CARD,BANK_TIMEOUT,1,83.0,RETRY,FAILED,0.0,2026-08-27 10:18:33.043570
SIM-TXN-02524,CUST-0394,Sneha Kulkarni,87.01,1899.18,WALLET,BANK_TIMEOUT,2,63.0,STOP,NOT_ATTEMPTED,0.0,2026-08-10 19:01:33.043570
SIM-TXN-02525,CUST-0078,Pooja Jadhav,49.54,5102.27,WALLET,BANK_ERROR,0,65.0,NOTIFY,FAILED,0.0,2026-08-07 17:34:33.043570
SIM-TXN-02526,CUST-0391,Rahul Sharma,56.91,3590.87,NETBANKING,UNKNOWN,2,5.0,STOP,NOT_ATTEMPTED,0.0,2026-08-29 15:47:33.043570
SIM-TXN-02527,CUST-0272,Priya Patil,68.1,3415.49,UPI,INSUFFICIENT_FUNDS,2,18.0,STOP,NOT_ATTEMPTED,0.0,2026-08-06 04:59:33.043570
SIM-TXN-02528,CUST-0403,Amit Joshi,58.27,3965.87,UPI,BANK_TIMEOUT,0,78.0,RETRY,FAILED,0.0,2026-08-04 04:35:33.043570
SIM-TXN-02529,CUST-0170,Ananya Kulkarni,48.99,12647.75,NETBANKING,INSUFFICIENT_FUNDS,1,33.0,ESCALATE,SUCCESS,12647.75,2026-08-08 15:27:33.043570
SIM-TXN-02530,CUST-0491,Rahul Sharma,77.84,987.61,UPI,BANK_TIMEOUT,1,78.0,RETRY,SUCCESS,987.61,2026-08-16 03:34:33.043570
SIM-TXN-02531,CUST-0299,Kunal Patil,96.13,3564.95,WALLET,UNKNOWN,1,35.0,ESCALATE,FAILED,0.0,2026-08-09 18:21:33.043570
SIM-TXN-02532,CUST-0149,Kunal Patil,91.6,1163.16,CARD,BANK_ERROR,0,75.0,RETRY,SUCCESS,1163.16,2026-08-07 04:20:33.043570
SIM-TXN-02533,CUST-0273,Amit Joshi,65.61,3806.29,WALLET,UNKNOWN,0,35.0,ESCALATE,FAILED,0.0,2026-08-30 09:39:33.043570
SIM-TXN-02534,CUST-0241,Rahul Sharma,58.21,1170.34,NETBANKING,INSUFFICIENT_FUNDS,2,13.0,STOP,NOT_ATTEMPTED,0.0,2026-08-13 03:22:33.043570
SIM-TXN-02535,CUST-0500,Ananya Kulkarni,60.86,1747.79,CARD,BANK_TIMEOUT,1,78.0,RETRY,SUCCESS,1747.79,2026-08-03 13:58:33.043570
SIM-TXN-02536,CUST-0070,Ananya Kulkarni,64.82,1927.4,WALLET,UNKNOWN,1,30.0,ESCALATE,FAILED,0.0,2026-08-02 16:45:33.043570
SIM-TXN-02537,CUST-0301,Rahul Sharma,75.52,5327.59,NETBANKING,INSUFFICIENT_FUNDS,1,38.0,ESCALATE,FAILED,0.0,2026-08-10 01:34:33.043570
SIM-TXN-02538,CUST-0230,Ananya Kulkarni,46.29,5088.63,WALLET,UNKNOWN,2,5.0,STOP,NOT_ATTEMPTED,0.0,2026-08-27 14:02:33.043570
SIM-TXN-02539,CUST-0177,Aditya More,63.74,900.93,UPI,UNKNOWN,1,30.0,ESCALATE,SUCCESS,900.93,2026-08-07 22:21:33.043570
SIM-TXN-02540,CUST-0320,Ananya Kulkarni,59.22,2550.25,WALLET,BANK_ERROR,0,65.0,NOTIFY,SUCCESS,2550.25,2026-08-10 18:17:33.043570
SIM-TXN-02541,CUST-0493,Amit Joshi,52.59,1383.45,NETBANKING,AUTH_FAILED,2,17.0,STOP,NOT_ATTEMPTED,0.0,2026-08-05 13:42:33.043570
SIM-TXN-02542,CUST-0182,Priya Patil,91.72,891.76,WALLET,AUTH_FAILED,0,52.0,NOTIFY,FAILED,0.0,2026-08-28 15:45:33.043570
SIM-TXN-02543,CUST-0214,Sneha Kulkarni,67.28,2051.62,NETBANKING,UNKNOWN,1,30.0,ESCALATE,SUCCESS,2051.62,2026-08-14 13:04:33.043570
SIM-TXN-02544,CUST-0267,Aditya More,94.97,1906.86,UPI,UNKNOWN,1,35.0,ESCALATE,FAILED,0.0,2026-08-09 09:14:33.043570
SIM-TXN-02545,CUST-0027,Aditya More,65.15,17006.88,NETBANKING,AUTH_FAILED,1,42.0,ESCALATE,FAILED,0.0,2026-08-21 11:51:33.043570
SIM-TXN-02546,CUST-0173,Amit Joshi,67.78,3450.82,WALLET,BANK_TIMEOUT,2,58.0,STOP,NOT_ATTEMPTED,0.0,2026-08-05 10:36:33.043570
SIM-TXN-02547,CUST-0171,Rahul Sharma,73.92,810.71,CARD,AUTH_FAILED,2,22.0,STOP,NOT_ATTEMPTED,0.0,2026-08-02 06:37:33.043570
SIM-TXN-02548,CUST-0377,Aditya More,77.31,1553.37,NETBANKING,AUTH_FAILED,1,42.0,ESCALATE,SUCCESS,1553.37,2026-08-23 04:27:33.043570
SIM-TXN-02549,CUST-0195,Rohan Deshmukh,66.18,5525.38,NETBANKING,BANK_ERROR,2,45.0,STOP,NOT_ATTEMPTED,0.0,2026-08-18 20:43:33.043570
SIM-TXN-02550,CUST-0172,Priya Patil,75.87,12974.67,WALLET,BANK_ERROR,1,65.0,NOTIFY,FAILED,0.0,2026-08-07 19:31:33.043570
SIM-TXN-02551,CUST-0483,Amit Joshi,92.88,686.23,NETBANKING,BANK_ERROR,2,50.0,STOP,NOT_ATTEMPTED,0.0,2026-08-10 13:40:33.043570
SIM-TXN-02552,CUST-0251,Rahul Sharma,85.59,542.43,UPI,BANK_TIMEOUT,1,83.0,RETRY,FAILED,0.0,2026-08-05 15:35:33.043570
SIM-TXN-02553,CUST-0413,Amit Joshi,63.44,10902.77,NETBANKING,AUTH_FAILED,2,22.0,STOP,NOT_ATTEMPTED,0.0,2026-08-06 22:57:33.043570
SIM-TXN-02554,CUST-0012,Priya Patil,82.0,3333.21,UPI,INSUFFICIENT_FUNDS,0,48.0,ESCALATE,SUCCESS,3333.21,2026-08-18 18:48:33.043570
SIM-TXN-02555,CUST-0034,Sneha Kulkarni,53.66,1218.49,CARD,BANK_TIMEOUT,0,78.0,RETRY,FAILED,0.0,2026-08-02 05:30:33.043570
SIM-TXN-02556,CUST-0371,Rahul Sharma,77.13,3743.23,NETBANKING,BANK_TIMEOUT,2,58.0,STOP,NOT_ATTEMPTED,0.0,2026-08-04 23:50:33.043570
SIM-TXN-02557,CUST-0080,Ananya Kulkarni,85.59,296.31,WALLET,AUTH_FAILED,2,27.0,STOP,NOT_ATTEMPTED,0.0,2026-08-16 20:23:33.043570
SIM-TXN-02558,CUST-0403,Amit Joshi,58.27,2447.2,UPI,AUTH_FAILED,0,42.0,ESCALATE,FAILED,0.0,2026-08-10 20:53:33.043570
SIM-TXN-02559,CUST-0471,Rahul Sharma,62.94,3172.44,UPI,INSUFFICIENT_FUNDS,0,43.0,ESCALATE,SUCCESS,3172.44,2026-08-05 23:00:33.043570
SIM-TXN-02560,CUST-0002,Priya Patil,57.98,5112.36,CARD,BANK_ERROR,0,65.0,NOTIFY,SUCCESS,5112.36,2026-08-05 09:42:33.043570
SIM-TXN-02561,CUST-0199,Kunal Patil,47.03,1084.51,CARD,BANK_ERROR,1,60.0,NOTIFY,FAILED,0.0,2026-08-24 07:58:33.043570
SIM-TXN-02562,CUST-0310,Ananya Kulkarni,45.67,2613.77,WALLET,INSUFFICIENT_FUNDS,1,33.0,ESCALATE,FAILED,0.0,2026-08-28 17:22:33.043570
SIM-TXN-02563,CUST-0443,Amit Joshi,69.21,1164.05,WALLET,INSUFFICIENT_FUNDS,0,43.0,ESCALATE,FAILED,0.0,2026-08-05 09:51:33.043570
SIM-TXN-02564,CUST-0091,Rahul Sharma,46.11,2993.82,NETBANKING,UNKNOWN,0,30.0,ESCALATE,FAILED,0.0,2026-08-27 23:29:33.043570
SIM-TXN-02565,CUST-0499,Kunal Patil,95.1,1192.4,UPI,BANK_TIMEOUT,2,63.0,STOP,NOT_ATTEMPTED,0.0,2026-08-05 05:44:33.043570
SIM-TXN-02566,CUST-0097,Aditya More,59.76,1760.79,NETBANKING,BANK_TIMEOUT,0,78.0,RETRY,SUCCESS,1760.79,2026-08-30 16:52:33.043570
SIM-TXN-02567,CUST-0429,Kunal Patil,51.94,1100.31,WALLET,AUTH_FAILED,2,17.0,STOP,NOT_ATTEMPTED,0.0,2026-08-30 22:40:33.043570
SIM-TXN-02568,CUST-0147,Aditya More,71.81,4108.89,NETBANKING,BANK_TIMEOUT,1,78.0,RETRY,SUCCESS,4108.89,2026-08-25 22:28:33.043570
SIM-TXN-02569,CUST-0004,Sneha Kulkarni,49.61,4850.13,NETBANKING,AUTH_FAILED,1,37.0,ESCALATE,FAILED,0.0,2026-08-04 17:35:33.043570
SIM-TXN-02570,CUST-0032,Priya Patil,77.28,2022.93,NETBANKING,BANK_TIMEOUT,2,58.0,STOP,NOT_ATTEMPTED,0.0,2026-08-04 12:56:33.043570
SIM-TXN-02571,CUST-0318,Pooja Jadhav,86.06,2516.41,WALLET,INSUFFICIENT_FUNDS,0,48.0,ESCALATE,FAILED,0.0,2026-08-22 02:02:33.043570
SIM-TXN-02572,CUST-0007,Aditya More,76.91,765.96,UPI,UNKNOWN,1,30.0,ESCALATE,FAILED,0.0,2026-08-18 05:47:33.043570
SIM-TXN-02573,CUST-0358,Pooja Jadhav,78.81,1920.34,UPI,INSUFFICIENT_FUNDS,2,18.0,STOP,NOT_ATTEMPTED,0.0,2026-08-13 17:37:33.043570
SIM-TXN-02574,CUST-0373,Amit Joshi,65.16,2344.52,WALLET,INSUFFICIENT_FUNDS,1,38.0,ESCALATE,FAILED,0.0,2026-08-23 15:44:33.043570
SIM-TXN-02575,CUST-0190,Ananya Kulkarni,63.53,19863.41,WALLET,BANK_ERROR,1,65.0,NOTIFY,SUCCESS,19863.41,2026-08-10 10:48:33.043570
SIM-TXN-02576,CUST-0117,Aditya More,53.81,1002.67,UPI,AUTH_FAILED,2,17.0,STOP,NOT_ATTEMPTED,0.0,2026-08-17 20:25:33.043570
SIM-TXN-02577,CUST-0210,Ananya Kulkarni,83.15,7874.16,WALLET,BANK_ERROR,1,70.0,RETRY,FAILED,0.0,2026-08-20 03:24:33.043570
SIM-TXN-02578,CUST-0238,Pooja Jadhav,86.26,5418.03,WALLET,INSUFFICIENT_FUNDS,1,43.0,ESCALATE,SUCCESS,5418.03,2026-08-19 08:06:33.043570
SIM-TXN-02579,CUST-0215,Rohan Deshmukh,80.9,3054.92,CARD,UNKNOWN,1,35.0,ESCALATE,FAILED,0.0,2026-08-30 13:29:33.043570
SIM-TXN-02580,CUST-0077,Aditya More,91.53,9965.62,UPI,BANK_ERROR,1,70.0,RETRY,FAILED,0.0,2026-08-09 15:41:33.043570
SIM-TXN-02581,CUST-0078,Pooja Jadhav,49.54,3286.85,CARD,AUTH_FAILED,0,42.0,ESCALATE,SUCCESS,3286.85,2026-08-19 14:21:33.043570
SIM-TXN-02582,CUST-0242,Priya Patil,69.19,3332.0,NETBANKING,BANK_TIMEOUT,0,83.0,RETRY,SUCCESS,3332.0,2026-08-19 15:23:33.043570
SIM-TXN-02583,CUST-0082,Priya Patil,53.75,2339.06,NETBANKING,BANK_ERROR,0,65.0,NOTIFY,SUCCESS,2339.06,2026-08-29 09:46:33.043570
SIM-TXN-02584,CUST-0371,Rahul Sharma,77.13,6495.44,WALLET,BANK_ERROR,0,70.0,RETRY,SUCCESS,6495.44,2026-08-04 12:14:33.043570
SIM-TXN-02585,CUST-0181,Rahul Sharma,90.82,5867.45,UPI,UNKNOWN,1,35.0,ESCALATE,FAILED,0.0,2026-08-29 10:51:33.043570
SIM-TXN-02586,CUST-0149,Kunal Patil,91.6,1479.5,WALLET,BANK_TIMEOUT,0,88.0,RETRY,SUCCESS,1479.5,2026-08-02 09:07:33.043570
SIM-TXN-02587,CUST-0490,Ananya Kulkarni,77.3,849.46,CARD,BANK_ERROR,1,65.0,NOTIFY,SUCCESS,849.46,2026-08-29 22:30:33.043570
SIM-TXN-02588,CUST-0220,Ananya Kulkarni,77.15,2074.79,CARD,AUTH_FAILED,2,22.0,STOP,NOT_ATTEMPTED,0.0,2026-08-14 14:52:33.043570
SIM-TXN-02589,CUST-0175,Rohan Deshmukh,92.64,1286.87,CARD,INSUFFICIENT_FUNDS,1,43.0,ESCALATE,FAILED,0.0,2026-08-23 08:10:33.043570
SIM-TXN-02590,CUST-0033,Amit Joshi,73.31,2319.67,NETBANKING,BANK_TIMEOUT,1,78.0,RETRY,SUCCESS,2319.67,2026-08-16 15:15:33.043570
SIM-TXN-02591,CUST-0353,Amit Joshi,57.06,6567.91,NETBANKING,BANK_TIMEOUT,2,53.0,STOP,NOT_ATTEMPTED,0.0,2026-08-23 11:05:33.043570
SIM-TXN-02592,CUST-0403,Amit Joshi,58.27,1692.83,NETBANKING,BANK_TIMEOUT,2,53.0,STOP,NOT_ATTEMPTED,0.0,2026-08-16 20:34:33.043570
SIM-TXN-02593,CUST-0358,Pooja Jadhav,78.81,2358.41,CARD,BANK_TIMEOUT,1,78.0,RETRY,SUCCESS,2358.41,2026-08-27 20:02:33.043570
SIM-TXN-02594,CUST-0498,Pooja Jadhav,53.37,2556.56,CARD,UNKNOWN,0,30.0,ESCALATE,FAILED,0.0,2026-08-23 04:03:33.043570
SIM-TXN-02595,CUST-0456,Neha Shah,64.99,4811.41,UPI,BANK_TIMEOUT,1,78.0,RETRY,SUCCESS,4811.41,2026-08-30 04:06:33.043570
SIM-TXN-02596,CUST-0165,Rohan Deshmukh,45.19,404.43,WALLET,BANK_TIMEOUT,1,73.0,RETRY,SUCCESS,404.43,2026-08-13 21:31:33.043570
SIM-TXN-02597,CUST-0035,Rohan Deshmukh,59.31,1502.13,CARD,BANK_ERROR,1,60.0,NOTIFY,FAILED,0.0,2026-08-18 08:18:33.043570
SIM-TXN-02598,CUST-0435,Rohan Deshmukh,66.62,2890.04,WALLET,INSUFFICIENT_FUNDS,0,43.0,ESCALATE,SUCCESS,2890.04,2026-08-01 22:18:33.043570
SIM-TXN-02599,CUST-0168,Pooja Jadhav,74.24,6374.51,WALLET,BANK_ERROR,2,45.0,STOP,NOT_ATTEMPTED,0.0,2026-08-08 10:34:33.043570
SIM-TXN-02600,CUST-0402,Priya Patil,83.93,1646.62,NETBANKING,BANK_TIMEOUT,1,83.0,RETRY,FAILED,0.0,2026-08-29 07:32:33.043570
SIM-TXN-02601,CUST-0453,Amit Joshi,90.86,543.9,CARD,AUTH_FAILED,2,27.0,STOP,NOT_ATTEMPTED,0.0,2026-08-29 07:52:33.043570
SIM-TXN-02602,CUST-0062,Priya Patil,50.91,4006.88,UPI,BANK_TIMEOUT,2,53.0,STOP,NOT_ATTEMPTED,0.0,2026-08-10 15:53:33.043570
SIM-TXN-02603,CUST-0269,Kunal Patil,73.53,1468.08,NETBANKING,INSUFFICIENT_FUNDS,0,43.0,ESCALATE,FAILED,0.0,2026-08-21 00:59:33.043570
SIM-TXN-02604,CUST-0359,Kunal Patil,50.44,942.25,UPI,INSUFFICIENT_FUNDS,1,33.0,ESCALATE,SUCCESS,942.25,2026-08-08 08:19:33.043570
SIM-TXN-02605,CUST-0152,Priya Patil,77.42,1481.08,WALLET,BANK_TIMEOUT,0,83.0,RETRY,SUCCESS,1481.08,2026-08-08 12:12:33.043570
SIM-TXN-02606,CUST-0229,Kunal Patil,87.75,2105.65,CARD,AUTH_FAILED,2,27.0,STOP,NOT_ATTEMPTED,0.0,2026-08-22 00:05:33.043570
SIM-TXN-02607,CUST-0389,Kunal Patil,76.26,1504.48,NETBANKING,BANK_ERROR,1,65.0,NOTIFY,SUCCESS,1504.48,2026-08-29 09:28:33.043570
SIM-TXN-02608,CUST-0233,Amit Joshi,69.14,418.03,CARD,BANK_TIMEOUT,1,78.0,RETRY,FAILED,0.0,2026-08-07 10:18:33.043570
SIM-TXN-02609,CUST-0027,Aditya More,65.15,5002.3,WALLET,INSUFFICIENT_FUNDS,1,38.0,ESCALATE,SUCCESS,5002.3,2026-08-18 20:35:33.043570
SIM-TXN-02610,CUST-0282,Priya Patil,69.1,6767.59,WALLET,BANK_TIMEOUT,2,58.0,STOP,NOT_ATTEMPTED,0.0,2026-08-16 12:44:33.043570
SIM-TXN-02611,CUST-0203,Amit Joshi,55.07,4110.16,UPI,BANK_TIMEOUT,2,53.0,STOP,NOT_ATTEMPTED,0.0,2026-08-14 15:58:33.043570
SIM-TXN-02612,CUST-0166,Neha Shah,78.77,982.26,UPI,AUTH_FAILED,2,22.0,STOP,NOT_ATTEMPTED,0.0,2026-08-04 07:58:33.043570
SIM-TXN-02613,CUST-0371,Rahul Sharma,77.13,2077.26,CARD,INSUFFICIENT_FUNDS,1,38.0,ESCALATE,SUCCESS,2077.26,2026-08-04 21:07:33.043570
SIM-TXN-02614,CUST-0072,Priya Patil,93.68,2427.9,CARD,BANK_TIMEOUT,2,63.0,STOP,NOT_ATTEMPTED,0.0,2026-08-12 11:39:33.043570
SIM-TXN-02615,CUST-0048,Pooja Jadhav,67.71,3940.39,NETBANKING,INSUFFICIENT_FUNDS,1,38.0,ESCALATE,SUCCESS,3940.39,2026-08-17 10:14:33.043570
SIM-TXN-02616,CUST-0385,Rohan Deshmukh,57.27,4165.84,WALLET,BANK_TIMEOUT,2,53.0,STOP,NOT_ATTEMPTED,0.0,2026-08-04 14:51:33.043570
SIM-TXN-02617,CUST-0269,Kunal Patil,73.53,1356.5,WALLET,BANK_ERROR,2,45.0,STOP,NOT_ATTEMPTED,0.0,2026-08-08 20:15:33.043570
SIM-TXN-02618,CUST-0281,Rahul Sharma,65.09,2606.06,CARD,INSUFFICIENT_FUNDS,1,38.0,ESCALATE,SUCCESS,2606.06,2026-08-13 15:46:33.043570
SIM-TXN-02619,CUST-0117,Aditya More,53.81,3518.62,UPI,BANK_TIMEOUT,0,78.0,RETRY,SUCCESS,3518.62,2026-08-12 01:17:33.043570
SIM-TXN-02620,CUST-0246,Neha Shah,67.62,7821.71,CARD,BANK_TIMEOUT,0,83.0,RETRY,FAILED,0.0,2026-08-08 01:20:33.043570
SIM-TXN-02621,CUST-0257,Aditya More,52.33,4288.13,WALLET,BANK_ERROR,2,40.0,STOP,NOT_ATTEMPTED,0.0,2026-08-19 19:17:33.043570
SIM-TXN-02622,CUST-0010,Ananya Kulkarni,76.23,4588.21,NETBANKING,AUTH_FAILED,1,42.0,ESCALATE,SUCCESS,4588.21,2026-08-20 16:11:33.043570
SIM-TXN-02623,CUST-0282,Priya Patil,69.1,2609.88,CARD,BANK_TIMEOUT,2,58.0,STOP,NOT_ATTEMPTED,0.0,2026-08-03 10:17:33.043570
SIM-TXN-02624,CUST-0107,Aditya More,48.21,7542.94,WALLET,BANK_TIMEOUT,0,78.0,RETRY,SUCCESS,7542.94,2026-08-05 11:01:33.043570
SIM-TXN-02625,CUST-0298,Pooja Jadhav,86.22,3387.37,CARD,UNKNOWN,1,35.0,ESCALATE,SUCCESS,3387.37,2026-08-26 04:40:33.043570
SIM-TXN-02626,CUST-0004,Sneha Kulkarni,49.61,1225.53,NETBANKING,UNKNOWN,1,25.0,ESCALATE,FAILED,0.0,2026-08-25 00:59:33.043570
SIM-TXN-02627,CUST-0199,Kunal Patil,47.03,7500.28,CARD,BANK_TIMEOUT,2,53.0,STOP,NOT_ATTEMPTED,0.0,2026-08-13 10:53:33.043570
SIM-TXN-02628,CUST-0172,Priya Patil,75.87,4265.53,NETBANKING,BANK_TIMEOUT,1,78.0,RETRY,SUCCESS,4265.53,2026-08-14 18:40:33.043570
SIM-TXN-02629,CUST-0232,Priya Patil,90.04,1712.25,WALLET,BANK_TIMEOUT,0,88.0,RETRY,SUCCESS,1712.25,2026-08-03 16:28:33.043570
SIM-TXN-02630,CUST-0199,Kunal Patil,47.03,1663.05,CARD,INSUFFICIENT_FUNDS,0,38.0,ESCALATE,FAILED,0.0,2026-08-15 09:07:33.043570
SIM-TXN-02631,CUST-0427,Aditya More,78.15,3094.13,CARD,INSUFFICIENT_FUNDS,2,18.0,STOP,NOT_ATTEMPTED,0.0,2026-08-15 14:19:33.043570
SIM-TXN-02632,CUST-0185,Rohan Deshmukh,87.52,3535.28,CARD,BANK_ERROR,2,50.0,STOP,NOT_ATTEMPTED,0.0,2026-08-13 06:34:33.043570
SIM-TXN-02633,CUST-0112,Priya Patil,69.52,2857.88,NETBANKING,AUTH_FAILED,0,47.0,ESCALATE,SUCCESS,2857.88,2026-08-10 00:34:33.043570
SIM-TXN-02634,CUST-0441,Rahul Sharma,67.02,3130.81,WALLET,BANK_ERROR,2,45.0,STOP,NOT_ATTEMPTED,0.0,2026-08-19 11:23:33.043570
SIM-TXN-02635,CUST-0369,Kunal Patil,97.68,9508.73,WALLET,BANK_ERROR,2,50.0,STOP,NOT_ATTEMPTED,0.0,2026-08-09 07:28:33.043570
SIM-TXN-02636,CUST-0472,Priya Patil,79.44,5751.61,NETBANKING,BANK_ERROR,2,45.0,STOP,NOT_ATTEMPTED,0.0,2026-08-13 02:24:33.043570
SIM-TXN-02637,CUST-0040,Ananya Kulkarni,59.19,2842.7,UPI,AUTH_FAILED,0,42.0,ESCALATE,FAILED,0.0,2026-08-02 07:12:33.043570
SIM-TXN-02638,CUST-0485,Rohan Deshmukh,60.55,5182.53,UPI,BANK_TIMEOUT,1,78.0,RETRY,SUCCESS,5182.53,2026-08-27 15:29:33.043570
SIM-TXN-02639,CUST-0493,Amit Joshi,52.59,1068.47,UPI,BANK_TIMEOUT,1,73.0,RETRY,SUCCESS,1068.47,2026-08-10 11:21:33.043570
SIM-TXN-02640,CUST-0498,Pooja Jadhav,53.37,3355.45,NETBANKING,BANK_ERROR,0,65.0,NOTIFY,SUCCESS,3355.45,2026-08-31 12:54:33.043570
SIM-TXN-02641,CUST-0012,Priya Patil,82.0,10378.02,UPI,BANK_TIMEOUT,0,88.0,RETRY,SUCCESS,10378.02,2026-08-13 17:55:33.043570
SIM-TXN-02642,CUST-0234,Sneha Kulkarni,75.51,2049.93,CARD,UNKNOWN,0,35.0,ESCALATE,FAILED,0.0,2026-08-03 04:08:33.043570
SIM-TXN-02643,CUST-0451,Rahul Sharma,89.39,1238.79,WALLET,UNKNOWN,0,40.0,ESCALATE,SUCCESS,1238.79,2026-08-05 17:00:33.043570
SIM-TXN-02644,CUST-0372,Priya Patil,56.96,1448.57,NETBANKING,BANK_TIMEOUT,1,73.0,RETRY,SUCCESS,1448.57,2026-08-27 10:09:33.043570
SIM-TXN-02645,CUST-0246,Neha Shah,67.62,1020.75,CARD,BANK_TIMEOUT,0,83.0,RETRY,SUCCESS,1020.75,2026-08-18 23:12:33.043570
SIM-TXN-02646,CUST-0016,Neha Shah,50.13,1302.69,WALLET,BANK_TIMEOUT,1,73.0,RETRY,SUCCESS,1302.69,2026-08-02 09:27:33.043570
SIM-TXN-02647,CUST-0296,Neha Shah,85.65,1814.55,UPI,UNKNOWN,1,35.0,ESCALATE,FAILED,0.0,2026-08-23 14:20:33.043570
SIM-TXN-02648,CUST-0104,Sneha Kulkarni,67.45,792.78,UPI,INSUFFICIENT_FUNDS,2,18.0,STOP,NOT_ATTEMPTED,0.0,2026-08-14 04:01:33.043570
SIM-TXN-02649,CUST-0494,Sneha Kulkarni,78.81,2471.29,CARD,INSUFFICIENT_FUNDS,2,18.0,STOP,NOT_ATTEMPTED,0.0,2026-08-22 04:17:33.043570
SIM-TXN-02650,CUST-0415,Rohan Deshmukh,90.46,5023.2,UPI,BANK_TIMEOUT,2,63.0,STOP,NOT_ATTEMPTED,0.0,2026-08-21 14:28:33.043570
SIM-TXN-02651,CUST-0287,Aditya More,47.76,1180.62,WALLET,UNKNOWN,0,30.0,ESCALATE,FAILED,0.0,2026-08-03 22:37:33.043570
SIM-TXN-02652,CUST-0147,Aditya More,71.81,8229.06,NETBANKING,BANK_ERROR,1,65.0,NOTIFY,FAILED,0.0,2026-08-26 13:48:33.043570
SIM-TXN-02653,CUST-0084,Sneha Kulkarni,96.11,3672.52,NETBANKING,BANK_ERROR,2,50.0,STOP,NOT_ATTEMPTED,0.0,2026-08-26 20:49:33.043570
SIM-TXN-02654,CUST-0277,Aditya More,76.37,5566.18,NETBANKING,BANK_TIMEOUT,1,78.0,RETRY,SUCCESS,5566.18,2026-08-20 01:49:33.043570
SIM-TXN-02655,CUST-0191,Rahul Sharma,56.81,1441.92,NETBANKING,BANK_ERROR,1,60.0,NOTIFY,SUCCESS,1441.92,2026-08-24 07:06:33.043570
SIM-TXN-02656,CUST-0346,Neha Shah,61.72,4834.92,NETBANKING,AUTH_FAILED,1,42.0,ESCALATE,SUCCESS,4834.92,2026-08-13 07:31:33.043570
SIM-TXN-02657,CUST-0454,Sneha Kulkarni,73.54,1018.87,NETBANKING,BANK_TIMEOUT,2,58.0,STOP,NOT_ATTEMPTED,0.0,2026-08-23 00:34:33.043570
SIM-TXN-02658,CUST-0231,Rahul Sharma,97.15,4975.09,CARD,INSUFFICIENT_FUNDS,0,48.0,ESCALATE,SUCCESS,4975.09,2026-08-30 05:42:33.043570
SIM-TXN-02659,CUST-0075,Rohan Deshmukh,91.57,2800.27,CARD,AUTH_FAILED,2,27.0,STOP,NOT_ATTEMPTED,0.0,2026-08-08 03:21:33.043570
SIM-TXN-02660,CUST-0418,Pooja Jadhav,88.12,3799.41,WALLET,INSUFFICIENT_FUNDS,0,48.0,ESCALATE,FAILED,0.0,2026-08-06 21:10:33.043570
SIM-TXN-02661,CUST-0257,Aditya More,52.33,952.91,UPI,AUTH_FAILED,2,17.0,STOP,NOT_ATTEMPTED,0.0,2026-08-01 23:22:33.043570
SIM-TXN-02662,CUST-0131,Rahul Sharma,49.25,1192.66,CARD,UNKNOWN,2,5.0,STOP,NOT_ATTEMPTED,0.0,2026-08-12 02:40:33.043570
SIM-TXN-02663,CUST-0351,Rahul Sharma,76.63,3935.46,NETBANKING,INSUFFICIENT_FUNDS,1,38.0,ESCALATE,SUCCESS,3935.46,2026-08-18 18:44:33.043570
SIM-TXN-02664,CUST-0281,Rahul Sharma,65.09,1142.9,WALLET,UNKNOWN,0,35.0,ESCALATE,FAILED,0.0,2026-08-20 08:36:33.043570
SIM-TXN-02665,CUST-0353,Amit Joshi,57.06,3535.34,UPI,INSUFFICIENT_FUNDS,0,38.0,ESCALATE,FAILED,0.0,2026-08-22 10:28:33.043570
SIM-TXN-02666,CUST-0080,Ananya Kulkarni,85.59,817.53,CARD,INSUFFICIENT_FUNDS,2,23.0,STOP,NOT_ATTEMPTED,0.0,2026-08-01 19:37:33.043570
SIM-TXN-02667,CUST-0458,Pooja Jadhav,75.31,4810.42,UPI,INSUFFICIENT_FUNDS,1,38.0,ESCALATE,SUCCESS,4810.42,2026-08-05 01:50:33.043570
SIM-TXN-02668,CUST-0356,Neha Shah,96.64,910.49,CARD,UNKNOWN,1,35.0,ESCALATE,SUCCESS,910.49,2026-08-11 07:31:33.043570
SIM-TXN-02669,CUST-0278,Pooja Jadhav,49.45,3796.52,CARD,AUTH_FAILED,0,42.0,ESCALATE,SUCCESS,3796.52,2026-08-15 06:02:33.043570
SIM-TXN-02670,CUST-0062,Priya Patil,50.91,4025.9,UPI,BANK_TIMEOUT,0,78.0,RETRY,SUCCESS,4025.9,2026-08-07 04:53:33.043570
SIM-TXN-02671,CUST-0217,Aditya More,66.52,1397.7,WALLET,UNKNOWN,0,35.0,ESCALATE,FAILED,0.0,2026-08-15 10:52:33.043570
SIM-TXN-02672,CUST-0176,Neha Shah,81.15,3887.89,CARD,BANK_ERROR,1,70.0,RETRY,SUCCESS,3887.89,2026-08-28 15:03:33.043570
SIM-TXN-02673,CUST-0471,Rahul Sharma,62.94,3005.96,UPI,BANK_ERROR,2,45.0,STOP,NOT_ATTEMPTED,0.0,2026-08-24 03:38:33.043570
SIM-TXN-02674,CUST-0017,Aditya More,77.0,1585.93,NETBANKING,BANK_ERROR,0,70.0,RETRY,SUCCESS,1585.93,2026-08-23 08:15:33.043570
SIM-TXN-02675,CUST-0441,Rahul Sharma,67.02,1089.15,UPI,INSUFFICIENT_FUNDS,1,38.0,ESCALATE,FAILED,0.0,2026-08-30 00:25:33.043570
SIM-TXN-02676,CUST-0451,Rahul Sharma,89.39,507.7,WALLET,BANK_ERROR,0,75.0,RETRY,SUCCESS,507.7,2026-08-23 23:23:33.043570
SIM-TXN-02677,CUST-0389,Kunal Patil,76.26,3228.33,WALLET,UNKNOWN,1,30.0,ESCALATE,FAILED,0.0,2026-08-05 13:35:33.043570
SIM-TXN-02678,CUST-0126,Neha Shah,75.7,697.96,UPI,INSUFFICIENT_FUNDS,1,38.0,ESCALATE,SUCCESS,697.96,2026-08-17 03:28:33.043570
SIM-TXN-02679,CUST-0124,Sneha Kulkarni,53.2,2634.04,WALLET,AUTH_FAILED,0,42.0,ESCALATE,SUCCESS,2634.04,2026-08-26 22:34:33.043570
SIM-TXN-02680,CUST-0398,Pooja Jadhav,82.09,1976.81,WALLET,INSUFFICIENT_FUNDS,0,48.0,ESCALATE,FAILED,0.0,2026-08-06 02:40:33.043570
SIM-TXN-02681,CUST-0006,Neha Shah,56.59,4201.99,UPI,INSUFFICIENT_FUNDS,2,13.0,STOP,NOT_ATTEMPTED,0.0,2026-08-22 00:24:33.043570
SIM-TXN-02682,CUST-0036,Neha Shah,81.47,1916.71,WALLET,AUTH_FAILED,1,47.0,ESCALATE,FAILED,0.0,2026-08-19 10:57:33.043570
SIM-TXN-02683,CUST-0411,Rahul Sharma,78.64,1875.15,UPI,UNKNOWN,1,30.0,ESCALATE,FAILED,0.0,2026-08-25 07:22:33.043570
SIM-TXN-02684,CUST-0252,Priya Patil,70.68,4383.03,WALLET,BANK_TIMEOUT,1,78.0,RETRY,SUCCESS,4383.03,2026-08-03 14:27:33.043570
SIM-TXN-02685,CUST-0149,Kunal Patil,91.6,3190.86,WALLET,AUTH_FAILED,0,52.0,NOTIFY,FAILED,0.0,2026-08-05 06:52:33.043570
SIM-TXN-02686,CUST-0102,Priya Patil,55.09,3142.97,CARD,BANK_ERROR,0,65.0,NOTIFY,SUCCESS,3142.97,2026-08-31 13:10:33.043570
SIM-TXN-02687,CUST-0464,Sneha Kulkarni,51.69,3552.53,WALLET,BANK_TIMEOUT,0,78.0,RETRY,SUCCESS,3552.53,2026-08-11 23:00:33.043570
SIM-TXN-02688,CUST-0175,Rohan Deshmukh,92.64,714.47,WALLET,INSUFFICIENT_FUNDS,0,48.0,ESCALATE,FAILED,0.0,2026-08-07 01:46:33.043570
SIM-TXN-02689,CUST-0052,Priya Patil,85.06,4471.28,CARD,BANK_TIMEOUT,2,63.0,STOP,NOT_ATTEMPTED,0.0,2026-08-29 08:00:33.043570
SIM-TXN-02690,CUST-0289,Kunal Patil,86.41,3983.73,WALLET,BANK_TIMEOUT,1,83.0,RETRY,SUCCESS,3983.73,2026-08-21 08:36:33.043570
SIM-TXN-02691,CUST-0011,Rahul Sharma,85.22,1082.09,NETBANKING,INSUFFICIENT_FUNDS,2,23.0,STOP,NOT_ATTEMPTED,0.0,2026-08-26 12:35:33.043570
SIM-TXN-02692,CUST-0055,Rohan Deshmukh,76.61,2007.68,UPI,BANK_ERROR,1,65.0,NOTIFY,SUCCESS,2007.68,2026-08-21 00:10:33.043570
SIM-TXN-02693,CUST-0035,Rohan Deshmukh,59.31,2365.05,NETBANKING,BANK_TIMEOUT,2,53.0,STOP,NOT_ATTEMPTED,0.0,2026-08-18 01:36:33.043570
SIM-TXN-02694,CUST-0244,Sneha Kulkarni,76.56,2191.63,CARD,BANK_ERROR,0,70.0,RETRY,SUCCESS,2191.63,2026-08-09 03:54:33.043570
SIM-TXN-02695,CUST-0045,Rohan Deshmukh,52.57,3187.81,CARD,AUTH_FAILED,1,37.0,ESCALATE,FAILED,0.0,2026-08-26 15:15:33.043570
SIM-TXN-02696,CUST-0192,Priya Patil,66.12,7670.17,WALLET,AUTH_FAILED,0,47.0,ESCALATE,FAILED,0.0,2026-08-31 15:46:33.043570
SIM-TXN-02697,CUST-0095,Rohan Deshmukh,92.99,5798.84,UPI,AUTH_FAILED,2,27.0,STOP,NOT_ATTEMPTED,0.0,2026-08-03 14:23:33.043570
SIM-TXN-02698,CUST-0119,Kunal Patil,92.83,854.25,NETBANKING,BANK_TIMEOUT,0,88.0,RETRY,SUCCESS,854.25,2026-08-19 13:43:33.043570
SIM-TXN-02699,CUST-0006,Neha Shah,56.59,4014.45,UPI,BANK_ERROR,0,65.0,NOTIFY,SUCCESS,4014.45,2026-08-13 21:23:33.043570
SIM-TXN-02700,CUST-0300,Ananya Kulkarni,75.67,7066.68,NETBANKING,AUTH_FAILED,0,47.0,ESCALATE,SUCCESS,7066.68,2026-08-12 21:07:33.043570
SIM-TXN-02701,CUST-0441,Rahul Sharma,67.02,3325.74,CARD,BANK_ERROR,0,70.0,RETRY,SUCCESS,3325.74,2026-08-23 13:22:33.043570
SIM-TXN-02702,CUST-0246,Neha Shah,67.62,5841.74,CARD,BANK_TIMEOUT,1,78.0,RETRY,SUCCESS,5841.74,2026-08-30 07:51:33.043570
SIM-TXN-02703,CUST-0278,Pooja Jadhav,49.45,12207.63,UPI,INSUFFICIENT_FUNDS,0,38.0,ESCALATE,FAILED,0.0,2026-08-24 23:52:33.043570
SIM-TXN-02704,CUST-0075,Rohan Deshmukh,91.57,5535.67,UPI,INSUFFICIENT_FUNDS,1,43.0,ESCALATE,FAILED,0.0,2026-08-05 02:15:33.043570
SIM-TXN-02705,CUST-0290,Ananya Kulkarni,84.97,2979.31,WALLET,BANK_TIMEOUT,2,63.0,STOP,NOT_ATTEMPTED,0.0,2026-08-18 06:03:33.043570
SIM-TXN-02706,CUST-0481,Rahul Sharma,85.3,5631.16,NETBANKING,BANK_TIMEOUT,1,83.0,RETRY,SUCCESS,5631.16,2026-08-21 10:41:33.043570
SIM-TXN-02707,CUST-0022,Priya Patil,91.93,2740.54,WALLET,INSUFFICIENT_FUNDS,0,48.0,ESCALATE,SUCCESS,2740.54,2026-08-18 19:07:33.043570
SIM-TXN-02708,CUST-0201,Rahul Sharma,68.13,2487.72,CARD,BANK_ERROR,2,45.0,STOP,NOT_ATTEMPTED,0.0,2026-08-07 14:02:33.043570
SIM-TXN-02709,CUST-0246,Neha Shah,67.62,1842.48,WALLET,AUTH_FAILED,2,22.0,STOP,NOT_ATTEMPTED,0.0,2026-08-30 16:55:33.043570
SIM-TXN-02710,CUST-0081,Rahul Sharma,79.97,8524.76,NETBANKING,BANK_TIMEOUT,1,78.0,RETRY,SUCCESS,8524.76,2026-08-21 11:38:33.043570
SIM-TXN-02711,CUST-0308,Pooja Jadhav,73.24,1268.08,UPI,BANK_TIMEOUT,2,58.0,STOP,NOT_ATTEMPTED,0.0,2026-08-05 15:38:33.043570
SIM-TXN-02712,CUST-0361,Rahul Sharma,70.37,8315.65,CARD,UNKNOWN,2,10.0,STOP,NOT_ATTEMPTED,0.0,2026-08-03 14:36:33.043570
SIM-TXN-02713,CUST-0190,Ananya Kulkarni,63.53,3640.55,NETBANKING,BANK_TIMEOUT,1,78.0,RETRY,SUCCESS,3640.55,2026-08-17 07:57:33.043570
SIM-TXN-02714,CUST-0156,Neha Shah,59.02,796.76,NETBANKING,INSUFFICIENT_FUNDS,1,33.0,ESCALATE,FAILED,0.0,2026-08-23 04:14:33.043570
SIM-TXN-02715,CUST-0262,Priya Patil,48.3,3275.15,CARD,BANK_ERROR,1,60.0,NOTIFY,SUCCESS,3275.15,2026-08-24 01:49:33.043570
SIM-TXN-02716,CUST-0500,Ananya Kulkarni,60.86,454.86,UPI,BANK_ERROR,1,65.0,NOTIFY,SUCCESS,454.86,2026-08-14 03:14:33.043570
SIM-TXN-02717,CUST-0448,Pooja Jadhav,63.01,4025.51,CARD,BANK_TIMEOUT,1,78.0,RETRY,FAILED,0.0,2026-08-16 13:02:33.043570
SIM-TXN-02718,CUST-0465,Rohan Deshmukh,62.6,4955.16,CARD,BANK_TIMEOUT,1,78.0,RETRY,FAILED,0.0,2026-08-10 12:30:33.043570
SIM-TXN-02719,CUST-0423,Amit Joshi,79.86,1519.47,WALLET,BANK_ERROR,1,65.0,NOTIFY,SUCCESS,1519.47,2026-08-21 01:55:33.043570
SIM-TXN-02720,CUST-0343,Amit Joshi,62.53,2694.15,CARD,AUTH_FAILED,2,22.0,STOP,NOT_ATTEMPTED,0.0,2026-08-15 05:12:33.043570
SIM-TXN-02721,CUST-0098,Pooja Jadhav,56.35,11653.08,NETBANKING,INSUFFICIENT_FUNDS,2,13.0,STOP,NOT_ATTEMPTED,0.0,2026-08-26 11:49:33.043570
SIM-TXN-02722,CUST-0284,Sneha Kulkarni,59.75,1628.48,WALLET,BANK_ERROR,2,40.0,STOP,NOT_ATTEMPTED,0.0,2026-08-25 11:04:33.043570
SIM-TXN-02723,CUST-0089,Kunal Patil,68.93,1046.15,NETBANKING,BANK_TIMEOUT,2,58.0,STOP,NOT_ATTEMPTED,0.0,2026-08-13 00:47:33.043570
SIM-TXN-02724,CUST-0106,Neha Shah,80.69,7985.09,NETBANKING,AUTH_FAILED,0,52.0,NOTIFY,FAILED,0.0,2026-08-24 09:46:33.043570
SIM-TXN-02725,CUST-0192,Priya Patil,66.12,11731.93,WALLET,BANK_TIMEOUT,2,58.0,STOP,NOT_ATTEMPTED,0.0,2026-08-14 02:41:33.043570
SIM-TXN-02726,CUST-0478,Pooja Jadhav,78.45,2447.83,NETBANKING,AUTH_FAILED,0,47.0,ESCALATE,SUCCESS,2447.83,2026-08-05 01:39:33.043570
SIM-TXN-02727,CUST-0130,Ananya Kulkarni,53.34,5481.7,WALLET,BANK_TIMEOUT,2,53.0,STOP,NOT_ATTEMPTED,0.0,2026-08-19 16:18:33.043570
SIM-TXN-02728,CUST-0002,Priya Patil,57.98,7137.95,NETBANKING,BANK_TIMEOUT,1,73.0,RETRY,SUCCESS,7137.95,2026-08-26 20:25:33.043570
SIM-TXN-02729,CUST-0299,Kunal Patil,96.13,1347.51,WALLET,INSUFFICIENT_FUNDS,0,48.0,ESCALATE,SUCCESS,1347.51,2026-08-21 06:08:33.043570
SIM-TXN-02730,CUST-0322,Priya Patil,59.78,1655.33,UPI,UNKNOWN,1,25.0,ESCALATE,FAILED,0.0,2026-08-16 01:00:33.043570
SIM-TXN-02731,CUST-0062,Priya Patil,50.91,6533.51,UPI,BANK_TIMEOUT,1,73.0,RETRY,SUCCESS,6533.51,2026-08-04 06:29:33.043570
SIM-TXN-02732,CUST-0022,Priya Patil,91.93,9395.74,NETBANKING,INSUFFICIENT_FUNDS,0,48.0,ESCALATE,FAILED,0.0,2026-08-14 00:08:33.043570
SIM-TXN-02733,CUST-0066,Neha Shah,71.91,3828.79,WALLET,INSUFFICIENT_FUNDS,0,43.0,ESCALATE,SUCCESS,3828.79,2026-08-27 13:48:33.043570
SIM-TXN-02734,CUST-0031,Rahul Sharma,82.2,1207.31,NETBANKING,BANK_TIMEOUT,2,63.0,STOP,NOT_ATTEMPTED,0.0,2026-08-14 09:42:33.043570
SIM-TXN-02735,CUST-0146,Neha Shah,48.88,11963.9,CARD,BANK_ERROR,0,65.0,NOTIFY,SUCCESS,11963.9,2026-08-27 18:13:33.043570
SIM-TXN-02736,CUST-0385,Rohan Deshmukh,57.27,1595.95,NETBANKING,BANK_TIMEOUT,0,78.0,RETRY,SUCCESS,1595.95,2026-08-26 23:45:33.043570
SIM-TXN-02737,CUST-0300,Ananya Kulkarni,75.67,1866.63,CARD,BANK_ERROR,0,70.0,RETRY,FAILED,0.0,2026-08-19 05:36:33.043570
SIM-TXN-02738,CUST-0105,Rohan Deshmukh,90.78,3209.5,UPI,AUTH_FAILED,0,52.0,NOTIFY,SUCCESS,3209.5,2026-08-29 17:45:33.043570
SIM-TXN-02739,CUST-0499,Kunal Patil,95.1,8461.89,WALLET,BANK_TIMEOUT,0,88.0,RETRY,SUCCESS,8461.89,2026-08-20 06:51:33.043570
SIM-TXN-02740,CUST-0114,Sneha Kulkarni,50.19,4832.8,CARD,BANK_TIMEOUT,0,78.0,RETRY,FAILED,0.0,2026-08-14 12:13:33.043570
SIM-TXN-02741,CUST-0055,Rohan Deshmukh,76.61,3401.23,NETBANKING,BANK_TIMEOUT,1,78.0,RETRY,SUCCESS,3401.23,2026-08-29 02:01:33.043570
SIM-TXN-02742,CUST-0435,Rohan Deshmukh,66.62,3535.57,CARD,BANK_ERROR,0,70.0,RETRY,SUCCESS,3535.57,2026-08-05 12:31:33.043570
SIM-TXN-02743,CUST-0210,Ananya Kulkarni,83.15,2527.06,WALLET,INSUFFICIENT_FUNDS,0,48.0,ESCALATE,FAILED,0.0,2026-08-19 06:54:33.043570
SIM-TXN-02744,CUST-0436,Neha Shah,97.59,3814.3,WALLET,AUTH_FAILED,0,52.0,NOTIFY,FAILED,0.0,2026-08-14 03:45:33.043570
SIM-TXN-02745,CUST-0106,Neha Shah,80.69,322.58,WALLET,UNKNOWN,1,35.0,ESCALATE,FAILED,0.0,2026-08-25 15:14:33.043570
SIM-TXN-02746,CUST-0176,Neha Shah,81.15,1925.06,WALLET,BANK_ERROR,2,50.0,STOP,NOT_ATTEMPTED,0.0,2026-08-29 19:24:33.043570
SIM-TXN-02747,CUST-0199,Kunal Patil,47.03,2960.33,CARD,INSUFFICIENT_FUNDS,1,33.0,ESCALATE,SUCCESS,2960.33,2026-08-05 07:27:33.043570
SIM-TXN-02748,CUST-0308,Pooja Jadhav,73.24,971.84,WALLET,INSUFFICIENT_FUNDS,0,43.0,ESCALATE,FAILED,0.0,2026-08-11 05:12:33.043570
SIM-TXN-02749,CUST-0112,Priya Patil,69.52,3324.45,WALLET,BANK_ERROR,1,65.0,NOTIFY,SUCCESS,3324.45,2026-08-15 00:27:33.043570
SIM-TXN-02750,CUST-0461,Rahul Sharma,82.38,2072.32,WALLET,BANK_TIMEOUT,0,88.0,RETRY,SUCCESS,2072.32,2026-08-27 10:15:33.043570
SIM-TXN-02751,CUST-0125,Rohan Deshmukh,56.54,9940.58,UPI,AUTH_FAILED,1,37.0,ESCALATE,FAILED,0.0,2026-08-02 18:51:33.043570
SIM-TXN-02752,CUST-0200,Ananya Kulkarni,68.03,8590.53,NETBANKING,AUTH_FAILED,1,42.0,ESCALATE,SUCCESS,8590.53,2026-08-21 15:30:33.043570
SIM-TXN-02753,CUST-0371,Rahul Sharma,77.13,1681.36,WALLET,BANK_ERROR,0,70.0,RETRY,SUCCESS,1681.36,2026-08-17 15:19:33.043570
SIM-TXN-02754,CUST-0118,Pooja Jadhav,70.51,2163.17,NETBANKING,BANK_TIMEOUT,1,78.0,RETRY,SUCCESS,2163.17,2026-08-11 18:19:33.043570
SIM-TXN-02755,CUST-0438,Pooja Jadhav,79.33,2300.41,CARD,AUTH_FAILED,0,47.0,ESCALATE,FAILED,0.0,2026-08-18 09:10:33.043570
SIM-TXN-02756,CUST-0025,Rohan Deshmukh,85.97,1700.49,UPI,INSUFFICIENT_FUNDS,2,23.0,STOP,NOT_ATTEMPTED,0.0,2026-08-09 00:22:33.043570
SIM-TXN-02757,CUST-0048,Pooja Jadhav,67.71,2852.7,UPI,AUTH_FAILED,1,42.0,ESCALATE,SUCCESS,2852.7,2026-08-13 09:39:33.043570
SIM-TXN-02758,CUST-0232,Priya Patil,90.04,1330.59,CARD,BANK_TIMEOUT,1,83.0,RETRY,SUCCESS,1330.59,2026-08-10 06:09:33.043570
SIM-TXN-02759,CUST-0118,Pooja Jadhav,70.51,987.83,CARD,BANK_ERROR,2,45.0,STOP,NOT_ATTEMPTED,0.0,2026-08-04 19:54:33.043570
SIM-TXN-02760,CUST-0119,Kunal Patil,92.83,4016.51,UPI,INSUFFICIENT_FUNDS,2,23.0,STOP,NOT_ATTEMPTED,0.0,2026-08-31 13:59:33.043570
SIM-TXN-02761,CUST-0401,Rahul Sharma,47.11,4038.48,CARD,INSUFFICIENT_FUNDS,1,33.0,ESCALATE,FAILED,0.0,2026-08-21 01:17:33.043570
SIM-TXN-02762,CUST-0459,Kunal Patil,90.37,1282.48,UPI,BANK_TIMEOUT,0,88.0,RETRY,SUCCESS,1282.48,2026-08-05 07:07:33.043570
SIM-TXN-02763,CUST-0035,Rohan Deshmukh,59.31,4995.46,NETBANKING,INSUFFICIENT_FUNDS,0,38.0,ESCALATE,FAILED,0.0,2026-08-22 20:10:33.043570
SIM-TXN-02764,CUST-0284,Sneha Kulkarni,59.75,1472.53,CARD,INSUFFICIENT_FUNDS,0,38.0,ESCALATE,FAILED,0.0,2026-08-10 07:00:33.043570
SIM-TXN-02765,CUST-0126,Neha Shah,75.7,2988.52,NETBANKING,INSUFFICIENT_FUNDS,0,43.0,ESCALATE,FAILED,0.0,2026-08-25 03:34:33.043570
SIM-TXN-02766,CUST-0417,Aditya More,60.28,4704.5,UPI,BANK_TIMEOUT,1,78.0,RETRY,SUCCESS,4704.5,2026-08-03 23:46:33.043570
SIM-TXN-02767,CUST-0241,Rahul Sharma,58.21,2375.85,CARD,BANK_TIMEOUT,0,78.0,RETRY,FAILED,0.0,2026-08-18 12:02:33.043570
SIM-TXN-02768,CUST-0294,Sneha Kulkarni,74.89,3511.48,WALLET,INSUFFICIENT_FUNDS,0,43.0,ESCALATE,FAILED,0.0,2026-08-06 18:58:33.043570
SIM-TXN-02769,CUST-0366,Neha Shah,75.58,1614.62,UPI,BANK_TIMEOUT,0,83.0,RETRY,FAILED,0.0,2026-08-07 23:24:33.043570
SIM-TXN-02770,CUST-0001,Rahul Sharma,50.9,2085.63,WALLET,BANK_TIMEOUT,2,53.0,STOP,NOT_ATTEMPTED,0.0,2026-08-19 18:25:33.043570
SIM-TXN-02771,CUST-0282,Priya Patil,69.1,2070.02,WALLET,AUTH_FAILED,2,22.0,STOP,NOT_ATTEMPTED,0.0,2026-08-23 00:38:33.043570
SIM-TXN-02772,CUST-0493,Amit Joshi,52.59,1343.1,NETBANKING,AUTH_FAILED,2,17.0,STOP,NOT_ATTEMPTED,0.0,2026-08-28 01:43:33.043570
SIM-TXN-02773,CUST-0368,Pooja Jadhav,95.3,2118.75,WALLET,INSUFFICIENT_FUNDS,1,43.0,ESCALATE,FAILED,0.0,2026-08-20 08:15:33.043570
SIM-TXN-02774,CUST-0086,Neha Shah,82.79,707.05,WALLET,AUTH_FAILED,0,52.0,NOTIFY,FAILED,0.0,2026-08-11 04:56:33.043570
SIM-TXN-02775,CUST-0038,Pooja Jadhav,57.14,1647.6,NETBANKING,AUTH_FAILED,1,37.0,ESCALATE,SUCCESS,1647.6,2026-08-20 13:25:33.043570
SIM-TXN-02776,CUST-0196,Neha Shah,62.55,1943.22,NETBANKING,BANK_ERROR,0,70.0,RETRY,SUCCESS,1943.22,2026-08-10 20:00:33.043570
SIM-TXN-02777,CUST-0385,Rohan Deshmukh,57.27,1988.34,WALLET,BANK_TIMEOUT,2,53.0,STOP,NOT_ATTEMPTED,0.0,2026-08-08 11:42:33.043570
SIM-TXN-02778,CUST-0231,Rahul Sharma,97.15,2011.83,CARD,INSUFFICIENT_FUNDS,2,23.0,STOP,NOT_ATTEMPTED,0.0,2026-08-15 12:48:33.043570
SIM-TXN-02779,CUST-0203,Amit Joshi,55.07,2322.94,UPI,BANK_TIMEOUT,0,78.0,RETRY,FAILED,0.0,2026-08-13 07:13:33.043570
SIM-TXN-02780,CUST-0250,Ananya Kulkarni,89.51,3581.56,WALLET,BANK_ERROR,1,70.0,RETRY,FAILED,0.0,2026-08-22 21:00:33.043570
SIM-TXN-02781,CUST-0067,Aditya More,91.14,4912.87,UPI,BANK_ERROR,0,75.0,RETRY,FAILED,0.0,2026-08-30 22:02:33.043570
SIM-TXN-02782,CUST-0473,Amit Joshi,90.17,1451.26,NETBANKING,BANK_TIMEOUT,0,88.0,RETRY,SUCCESS,1451.26,2026-08-19 09:11:33.043570
SIM-TXN-02783,CUST-0455,Rohan Deshmukh,62.62,932.1,WALLET,AUTH_FAILED,0,47.0,ESCALATE,FAILED,0.0,2026-08-17 22:28:33.043570
SIM-TXN-02784,CUST-0421,Rahul Sharma,51.14,1060.36,WALLET,AUTH_FAILED,0,42.0,ESCALATE,FAILED,0.0,2026-08-23 14:39:33.043570
SIM-TXN-02785,CUST-0035,Rohan Deshmukh,59.31,1652.82,CARD,BANK_ERROR,1,60.0,NOTIFY,FAILED,0.0,2026-08-09 08:13:33.043570
SIM-TXN-02786,CUST-0006,Neha Shah,56.59,1841.73,CARD,UNKNOWN,2,5.0,STOP,NOT_ATTEMPTED,0.0,2026-08-27 08:22:33.043570
SIM-TXN-02787,CUST-0139,Kunal Patil,94.54,1318.17,CARD,BANK_TIMEOUT,2,63.0,STOP,NOT_ATTEMPTED,0.0,2026-08-25 12:08:33.043570
SIM-TXN-02788,CUST-0191,Rahul Sharma,56.81,865.33,WALLET,BANK_TIMEOUT,1,73.0,RETRY,SUCCESS,865.33,2026-08-22 17:43:33.043570
SIM-TXN-02789,CUST-0178,Pooja Jadhav,91.86,1694.43,NETBANKING,AUTH_FAILED,1,47.0,ESCALATE,SUCCESS,1694.43,2026-08-25 07:39:33.043570
SIM-TXN-02790,CUST-0300,Ananya Kulkarni,75.67,2821.83,WALLET,BANK_TIMEOUT,1,78.0,RETRY,SUCCESS,2821.83,2026-08-25 04:21:33.043570
SIM-TXN-02791,CUST-0019,Kunal Patil,51.62,3928.54,UPI,AUTH_FAILED,0,42.0,ESCALATE,FAILED,0.0,2026-08-18 23:45:33.043570
SIM-TXN-02792,CUST-0170,Ananya Kulkarni,48.99,1562.53,WALLET,AUTH_FAILED,2,17.0,STOP,NOT_ATTEMPTED,0.0,2026-08-30 16:46:33.043570
SIM-TXN-02793,CUST-0137,Aditya More,67.22,1753.91,CARD,BANK_TIMEOUT,0,83.0,RETRY,SUCCESS,1753.91,2026-08-14 08:10:33.043570
SIM-TXN-02794,CUST-0202,Priya Patil,51.13,1162.86,UPI,BANK_TIMEOUT,1,73.0,RETRY,SUCCESS,1162.86,2026-08-07 20:10:33.043570
SIM-TXN-02795,CUST-0100,Ananya Kulkarni,75.54,2379.98,CARD,BANK_ERROR,1,65.0,NOTIFY,FAILED,0.0,2026-08-08 16:36:33.043570
SIM-TXN-02796,CUST-0219,Kunal Patil,67.78,1238.01,NETBANKING,AUTH_FAILED,0,47.0,ESCALATE,SUCCESS,1238.01,2026-08-04 19:18:33.043570
SIM-TXN-02797,CUST-0084,Sneha Kulkarni,96.11,3860.31,NETBANKING,INSUFFICIENT_FUNDS,2,23.0,STOP,NOT_ATTEMPTED,0.0,2026-08-23 18:09:33.043570
SIM-TXN-02798,CUST-0403,Amit Joshi,58.27,584.82,WALLET,BANK_TIMEOUT,0,78.0,RETRY,FAILED,0.0,2026-08-24 05:58:33.043570
SIM-TXN-02799,CUST-0059,Kunal Patil,81.06,1830.41,WALLET,BANK_TIMEOUT,1,83.0,RETRY,SUCCESS,1830.41,2026-08-18 17:25:33.043570
SIM-TXN-02800,CUST-0436,Neha Shah,97.59,3105.36,NETBANKING,BANK_ERROR,2,50.0,STOP,NOT_ATTEMPTED,0.0,2026-08-27 05:04:33.043570
SIM-TXN-02801,CUST-0281,Rahul Sharma,65.09,2827.27,NETBANKING,UNKNOWN,2,10.0,STOP,NOT_ATTEMPTED,0.0,2026-08-16 15:37:33.043570
SIM-TXN-02802,CUST-0270,Ananya Kulkarni,87.39,21045.18,NETBANKING,BANK_TIMEOUT,2,63.0,STOP,NOT_ATTEMPTED,0.0,2026-08-12 22:53:33.043570
SIM-TXN-02803,CUST-0116,Neha Shah,94.1,3228.72,WALLET,INSUFFICIENT_FUNDS,1,43.0,ESCALATE,SUCCESS,3228.72,2026-08-24 22:45:33.043570
SIM-TXN-02804,CUST-0154,Sneha Kulkarni,60.87,1093.08,WALLET,BANK_ERROR,0,70.0,RETRY,FAILED,0.0,2026-08-15 11:01:33.043570
SIM-TXN-02805,CUST-0411,Rahul Sharma,78.64,2261.15,UPI,INSUFFICIENT_FUNDS,0,43.0,ESCALATE,FAILED,0.0,2026-08-11 18:07:33.043570
SIM-TXN-02806,CUST-0451,Rahul Sharma,89.39,589.34,WALLET,UNKNOWN,0,40.0,ESCALATE,FAILED,0.0,2026-08-26 11:12:33.043570
SIM-TXN-02807,CUST-0259,Kunal Patil,82.44,2288.2,WALLET,BANK_ERROR,1,70.0,RETRY,SUCCESS,2288.2,2026-08-15 09:38:33.043570
SIM-TXN-02808,CUST-0042,Priya Patil,91.45,1253.32,WALLET,BANK_TIMEOUT,2,63.0,STOP,NOT_ATTEMPTED,0.0,2026-08-04 19:24:33.043570
SIM-TXN-02809,CUST-0397,Aditya More,51.59,5076.17,UPI,BANK_ERROR,1,60.0,NOTIFY,SUCCESS,5076.17,2026-08-21 11:00:33.043570
SIM-TXN-02810,CUST-0079,Kunal Patil,88.25,1572.41,UPI,BANK_ERROR,1,70.0,RETRY,FAILED,0.0,2026-08-07 04:06:33.043570
SIM-TXN-02811,CUST-0158,Pooja Jadhav,59.43,2222.94,WALLET,BANK_TIMEOUT,1,73.0,RETRY,SUCCESS,2222.94,2026-08-20 05:40:33.043570
SIM-TXN-02812,CUST-0221,Rahul Sharma,69.64,1467.85,NETBANKING,INSUFFICIENT_FUNDS,0,43.0,ESCALATE,FAILED,0.0,2026-08-09 07:04:33.043570
SIM-TXN-02813,CUST-0173,Amit Joshi,67.78,9809.25,NETBANKING,BANK_TIMEOUT,2,58.0,STOP,NOT_ATTEMPTED,0.0,2026-08-18 22:35:33.043570
SIM-TXN-02814,CUST-0437,Aditya More,69.46,1887.49,UPI,BANK_TIMEOUT,0,83.0,RETRY,SUCCESS,1887.49,2026-08-02 04:14:33.043570
SIM-TXN-02815,CUST-0077,Aditya More,91.53,10572.86,WALLET,AUTH_FAILED,0,52.0,NOTIFY,FAILED,0.0,2026-08-31 06:43:33.043570
SIM-TXN-02816,CUST-0078,Pooja Jadhav,49.54,4681.25,UPI,UNKNOWN,1,25.0,ESCALATE,SUCCESS,4681.25,2026-08-07 20:45:33.043570
SIM-TXN-02817,CUST-0150,Ananya Kulkarni,60.1,3589.09,NETBANKING,UNKNOWN,2,10.0,STOP,NOT_ATTEMPTED,0.0,2026-08-18 01:10:33.043570
SIM-TXN-02818,CUST-0342,Priya Patil,97.82,3277.99,UPI,AUTH_FAILED,0,52.0,NOTIFY,FAILED,0.0,2026-08-16 19:34:33.043570
SIM-TXN-02819,CUST-0052,Priya Patil,85.06,3344.38,UPI,BANK_TIMEOUT,0,88.0,RETRY,SUCCESS,3344.38,2026-08-10 12:57:33.043570
SIM-TXN-02820,CUST-0405,Rohan Deshmukh,76.12,522.1,WALLET,BANK_TIMEOUT,1,78.0,RETRY,SUCCESS,522.1,2026-08-28 19:05:33.043570
SIM-TXN-02821,CUST-0150,Ananya Kulkarni,60.1,1952.55,UPI,AUTH_FAILED,2,22.0,STOP,NOT_ATTEMPTED,0.0,2026-08-14 17:39:33.043570
SIM-TXN-02822,CUST-0071,Rahul Sharma,73.59,4798.83,NETBANKING,BANK_TIMEOUT,0,83.0,RETRY,SUCCESS,4798.83,2026-08-25 05:21:33.043570
SIM-TXN-02823,CUST-0050,Ananya Kulkarni,97.86,2346.97,CARD,BANK_ERROR,2,50.0,STOP,NOT_ATTEMPTED,0.0,2026-08-14 16:50:33.043570
SIM-TXN-02824,CUST-0017,Aditya More,77.0,793.02,NETBANKING,BANK_ERROR,2,45.0,STOP,NOT_ATTEMPTED,0.0,2026-08-09 04:47:33.043570
SIM-TXN-02825,CUST-0356,Neha Shah,96.64,2340.4,WALLET,BANK_ERROR,1,70.0,RETRY,FAILED,0.0,2026-08-15 17:38:33.043570
SIM-TXN-02826,CUST-0151,Rahul Sharma,89.19,9540.34,WALLET,AUTH_FAILED,1,47.0,ESCALATE,FAILED,0.0,2026-08-12 11:47:33.043570
SIM-TXN-02827,CUST-0407,Aditya More,75.54,6617.77,NETBANKING,UNKNOWN,2,10.0,STOP,NOT_ATTEMPTED,0.0,2026-08-16 15:42:33.043570
SIM-TXN-02828,CUST-0108,Pooja Jadhav,87.43,2322.49,CARD,BANK_TIMEOUT,2,63.0,STOP,NOT_ATTEMPTED,0.0,2026-08-08 20:30:33.043570
SIM-TXN-02829,CUST-0019,Kunal Patil,51.62,5224.74,UPI,BANK_TIMEOUT,0,78.0,RETRY,SUCCESS,5224.74,2026-08-22 05:18:33.043570
SIM-TXN-02830,CUST-0065,Rohan Deshmukh,96.51,1820.37,UPI,BANK_TIMEOUT,1,83.0,RETRY,SUCCESS,1820.37,2026-08-16 08:26:33.043570
SIM-TXN-02831,CUST-0297,Aditya More,77.11,624.47,WALLET,BANK_TIMEOUT,1,78.0,RETRY,SUCCESS,624.47,2026-08-31 02:43:33.043570
SIM-TXN-02832,CUST-0343,Amit Joshi,62.53,1164.94,NETBANKING,UNKNOWN,2,10.0,STOP,NOT_ATTEMPTED,0.0,2026-08-11 08:05:33.043570
SIM-TXN-02833,CUST-0459,Kunal Patil,90.37,8521.19,UPI,BANK_ERROR,1,70.0,RETRY,SUCCESS,8521.19,2026-08-10 12:07:33.043570
SIM-TXN-02834,CUST-0177,Aditya More,63.74,1960.21,UPI,BANK_TIMEOUT,1,78.0,RETRY,SUCCESS,1960.21,2026-08-24 10:29:33.043570
SIM-TXN-02835,CUST-0238,Pooja Jadhav,86.26,2008.8,WALLET,AUTH_FAILED,2,27.0,STOP,NOT_ATTEMPTED,0.0,2026-08-16 12:24:33.043570
SIM-TXN-02836,CUST-0231,Rahul Sharma,97.15,1920.09,NETBANKING,BANK_TIMEOUT,2,63.0,STOP,NOT_ATTEMPTED,0.0,2026-08-21 00:17:33.043570
SIM-TXN-02837,CUST-0338,Pooja Jadhav,66.43,11195.97,CARD,BANK_ERROR,0,70.0,RETRY,FAILED,0.0,2026-08-09 06:17:33.043570
SIM-TXN-02838,CUST-0489,Kunal Patil,54.01,8962.17,UPI,BANK_TIMEOUT,1,73.0,RETRY,FAILED,0.0,2026-08-17 00:23:33.043570
SIM-TXN-02839,CUST-0076,Neha Shah,57.69,14400.59,CARD,BANK_TIMEOUT,0,78.0,RETRY,SUCCESS,14400.59,2026-08-24 08:01:33.043570
SIM-TXN-02840,CUST-0491,Rahul Sharma,77.84,2149.01,CARD,BANK_TIMEOUT,2,58.0,STOP,NOT_ATTEMPTED,0.0,2026-08-10 00:08:33.043570
SIM-TXN-02841,CUST-0214,Sneha Kulkarni,67.28,3091.77,UPI,BANK_TIMEOUT,2,58.0,STOP,NOT_ATTEMPTED,0.0,2026-08-18 04:58:33.043570
SIM-TXN-02842,CUST-0365,Rohan Deshmukh,66.24,725.37,NETBANKING,BANK_ERROR,1,65.0,NOTIFY,SUCCESS,725.37,2026-08-23 18:18:33.043570
SIM-TXN-02843,CUST-0396,Neha Shah,93.82,7954.93,CARD,INSUFFICIENT_FUNDS,0,48.0,ESCALATE,SUCCESS,7954.93,2026-08-31 18:24:33.043570
SIM-TXN-02844,CUST-0440,Ananya Kulkarni,71.97,958.89,NETBANKING,INSUFFICIENT_FUNDS,2,18.0,STOP,NOT_ATTEMPTED,0.0,2026-08-19 13:42:33.043570
SIM-TXN-02845,CUST-0456,Neha Shah,64.99,2902.77,CARD,AUTH_FAILED,1,42.0,ESCALATE,FAILED,0.0,2026-08-03 14:01:33.043570
SIM-TXN-02846,CUST-0233,Amit Joshi,69.14,1014.51,NETBANKING,UNKNOWN,2,10.0,STOP,NOT_ATTEMPTED,0.0,2026-08-22 13:31:33.043570
SIM-TXN-02847,CUST-0023,Amit Joshi,75.6,1523.71,UPI,BANK_TIMEOUT,1,78.0,RETRY,SUCCESS,1523.71,2026-08-04 15:33:33.043570
SIM-TXN-02848,CUST-0243,Amit Joshi,80.38,1249.11,WALLET,INSUFFICIENT_FUNDS,1,43.0,ESCALATE,FAILED,0.0,2026-08-29 11:53:33.043570
SIM-TXN-02849,CUST-0293,Amit Joshi,51.69,1500.72,NETBANKING,BANK_TIMEOUT,2,53.0,STOP,NOT_ATTEMPTED,0.0,2026-08-11 22:25:33.043570
SIM-TXN-02850,CUST-0231,Rahul Sharma,97.15,1585.57,UPI,BANK_TIMEOUT,0,88.0,RETRY,SUCCESS,1585.57,2026-08-28 04:00:33.043570
SIM-TXN-02851,CUST-0131,Rahul Sharma,49.25,1574.02,UPI,BANK_ERROR,2,40.0,STOP,NOT_ATTEMPTED,0.0,2026-08-12 05:20:33.043570
SIM-TXN-02852,CUST-0021,Rahul Sharma,88.96,4753.65,WALLET,BANK_TIMEOUT,0,88.0,RETRY,SUCCESS,4753.65,2026-08-21 08:39:33.043570
SIM-TXN-02853,CUST-0025,Rohan Deshmukh,85.97,1008.39,NETBANKING,UNKNOWN,2,15.0,STOP,NOT_ATTEMPTED,0.0,2026-08-26 15:56:33.043570
SIM-TXN-02854,CUST-0482,Priya Patil,68.51,2911.53,NETBANKING,BANK_ERROR,2,45.0,STOP,NOT_ATTEMPTED,0.0,2026-08-04 02:53:33.043570
SIM-TXN-02855,CUST-0255,Rohan Deshmukh,59.4,6466.35,CARD,UNKNOWN,2,5.0,STOP,NOT_ATTEMPTED,0.0,2026-08-26 22:17:33.043570
SIM-TXN-02856,CUST-0148,Pooja Jadhav,94.46,1618.8,CARD,INSUFFICIENT_FUNDS,1,43.0,ESCALATE,FAILED,0.0,2026-08-16 17:52:33.043570
SIM-TXN-02857,CUST-0091,Rahul Sharma,46.11,1374.25,CARD,AUTH_FAILED,0,42.0,ESCALATE,FAILED,0.0,2026-08-05 09:59:33.043570
SIM-TXN-02858,CUST-0169,Kunal Patil,74.73,2029.57,WALLET,AUTH_FAILED,0,47.0,ESCALATE,SUCCESS,2029.57,2026-08-13 12:58:33.043570
SIM-TXN-02859,CUST-0087,Aditya More,97.74,6271.56,NETBANKING,AUTH_FAILED,1,47.0,ESCALATE,SUCCESS,6271.56,2026-08-21 04:45:33.043570
SIM-TXN-02860,CUST-0105,Rohan Deshmukh,90.78,2850.6,NETBANKING,INSUFFICIENT_FUNDS,0,48.0,ESCALATE,FAILED,0.0,2026-08-14 22:23:33.043570
SIM-TXN-02861,CUST-0159,Kunal Patil,56.16,1595.64,UPI,UNKNOWN,0,30.0,ESCALATE,FAILED,0.0,2026-08-07 07:36:33.043570
SIM-TXN-02862,CUST-0437,Aditya More,69.46,3594.29,CARD,UNKNOWN,0,35.0,ESCALATE,FAILED,0.0,2026-08-14 01:56:33.043570
SIM-TXN-02863,CUST-0495,Rohan Deshmukh,58.53,1010.47,WALLET,BANK_TIMEOUT,1,73.0,RETRY,SUCCESS,1010.47,2026-08-26 02:53:33.043570
SIM-TXN-02864,CUST-0239,Kunal Patil,54.32,4209.45,WALLET,AUTH_FAILED,2,17.0,STOP,NOT_ATTEMPTED,0.0,2026-08-29 18:01:33.043570
SIM-TXN-02865,CUST-0143,Amit Joshi,69.23,3384.24,NETBANKING,INSUFFICIENT_FUNDS,0,43.0,ESCALATE,SUCCESS,3384.24,2026-08-19 10:38:33.043570
SIM-TXN-02866,CUST-0413,Amit Joshi,63.44,1907.89,NETBANKING,BANK_TIMEOUT,2,58.0,STOP,NOT_ATTEMPTED,0.0,2026-08-02 14:52:33.043570
SIM-TXN-02867,CUST-0467,Aditya More,50.28,1247.79,UPI,UNKNOWN,0,30.0,ESCALATE,SUCCESS,1247.79,2026-08-17 08:37:33.043570
SIM-TXN-02868,CUST-0083,Amit Joshi,91.24,1200.69,CARD,AUTH_FAILED,1,47.0,ESCALATE,FAILED,0.0,2026-08-30 12:48:33.043570
SIM-TXN-02869,CUST-0180,Ananya Kulkarni,94.07,3743.79,WALLET,BANK_TIMEOUT,1,83.0,RETRY,SUCCESS,3743.79,2026-08-25 02:39:33.043570
SIM-TXN-02870,CUST-0398,Pooja Jadhav,82.09,6523.62,CARD,INSUFFICIENT_FUNDS,0,48.0,ESCALATE,SUCCESS,6523.62,2026-08-30 19:16:33.043570
SIM-TXN-02871,CUST-0248,Pooja Jadhav,84.41,1465.8,UPI,INSUFFICIENT_FUNDS,2,23.0,STOP,NOT_ATTEMPTED,0.0,2026-08-12 02:38:33.043570
SIM-TXN-02872,CUST-0428,Pooja Jadhav,55.79,3521.74,WALLET,AUTH_FAILED,2,17.0,STOP,NOT_ATTEMPTED,0.0,2026-08-22 15:03:33.043570
SIM-TXN-02873,CUST-0199,Kunal Patil,47.03,459.61,NETBANKING,BANK_ERROR,0,65.0,NOTIFY,FAILED,0.0,2026-08-03 10:42:33.043570
SIM-TXN-02874,CUST-0232,Priya Patil,90.04,1528.9,NETBANKING,BANK_TIMEOUT,0,88.0,RETRY,FAILED,0.0,2026-08-18 17:52:33.043570
SIM-TXN-02875,CUST-0333,Amit Joshi,57.79,2380.71,UPI,BANK_ERROR,1,60.0,NOTIFY,FAILED,0.0,2026-08-05 16:03:33.043570
SIM-TXN-02876,CUST-0069,Kunal Patil,77.28,1178.8,UPI,INSUFFICIENT_FUNDS,2,18.0,STOP,NOT_ATTEMPTED,0.0,2026-08-07 23:15:33.043570
SIM-TXN-02877,CUST-0243,Amit Joshi,80.38,1153.78,NETBANKING,BANK_ERROR,0,75.0,RETRY,SUCCESS,1153.78,2026-08-03 06:26:33.043570
SIM-TXN-02878,CUST-0403,Amit Joshi,58.27,1430.5,NETBANKING,INSUFFICIENT_FUNDS,0,38.0,ESCALATE,SUCCESS,1430.5,2026-08-21 03:52:33.043570
SIM-TXN-02879,CUST-0151,Rahul Sharma,89.19,3083.3,UPI,BANK_TIMEOUT,0,88.0,RETRY,FAILED,0.0,2026-08-08 00:31:33.043570
SIM-TXN-02880,CUST-0357,Aditya More,60.48,2100.93,WALLET,BANK_TIMEOUT,0,83.0,RETRY,SUCCESS,2100.93,2026-08-20 13:00:33.043570
SIM-TXN-02881,CUST-0039,Kunal Patil,87.67,407.25,NETBANKING,UNKNOWN,0,40.0,ESCALATE,FAILED,0.0,2026-08-15 10:27:33.043570
SIM-TXN-02882,CUST-0209,Kunal Patil,78.03,447.39,NETBANKING,BANK_TIMEOUT,1,78.0,RETRY,SUCCESS,447.39,2026-08-06 00:37:33.043570
SIM-TXN-02883,CUST-0446,Neha Shah,90.79,1501.93,UPI,BANK_TIMEOUT,1,83.0,RETRY,SUCCESS,1501.93,2026-08-13 19:32:33.043570
SIM-TXN-02884,CUST-0394,Sneha Kulkarni,87.01,3519.76,UPI,BANK_ERROR,0,75.0,RETRY,SUCCESS,3519.76,2026-08-28 06:54:33.043570
SIM-TXN-02885,CUST-0410,Ananya Kulkarni,97.84,270.97,UPI,BANK_TIMEOUT,1,83.0,RETRY,SUCCESS,270.97,2026-08-26 19:56:33.043570
SIM-TXN-02886,CUST-0387,Aditya More,48.77,1636.34,UPI,AUTH_FAILED,2,17.0,STOP,NOT_ATTEMPTED,0.0,2026-08-26 18:33:33.043570
SIM-TXN-02887,CUST-0479,Kunal Patil,97.86,1601.99,NETBANKING,AUTH_FAILED,2,27.0,STOP,NOT_ATTEMPTED,0.0,2026-08-31 17:34:33.043570
SIM-TXN-02888,CUST-0153,Amit Joshi,45.41,7410.63,WALLET,BANK_TIMEOUT,0,78.0,RETRY,SUCCESS,7410.63,2026-08-20 21:54:33.043570
SIM-TXN-02889,CUST-0048,Pooja Jadhav,67.71,1793.6,NETBANKING,AUTH_FAILED,2,22.0,STOP,NOT_ATTEMPTED,0.0,2026-08-04 03:49:33.043570
SIM-TXN-02890,CUST-0071,Rahul Sharma,73.59,3315.59,UPI,BANK_TIMEOUT,0,83.0,RETRY,FAILED,0.0,2026-08-03 17:24:33.043570
SIM-TXN-02891,CUST-0241,Rahul Sharma,58.21,2732.59,WALLET,INSUFFICIENT_FUNDS,2,13.0,STOP,NOT_ATTEMPTED,0.0,2026-08-06 15:43:33.043570
SIM-TXN-02892,CUST-0136,Neha Shah,47.11,443.88,CARD,BANK_TIMEOUT,0,78.0,RETRY,SUCCESS,443.88,2026-08-10 05:10:33.043570
SIM-TXN-02893,CUST-0333,Amit Joshi,57.79,4512.32,UPI,UNKNOWN,2,5.0,STOP,NOT_ATTEMPTED,0.0,2026-08-02 13:21:33.043570
SIM-TXN-02894,CUST-0241,Rahul Sharma,58.21,2899.57,CARD,BANK_TIMEOUT,0,78.0,RETRY,SUCCESS,2899.57,2026-08-24 23:40:33.043570
SIM-TXN-02895,CUST-0123,Amit Joshi,80.08,3665.11,UPI,UNKNOWN,2,15.0,STOP,NOT_ATTEMPTED,0.0,2026-08-25 14:11:33.043570
SIM-TXN-02896,CUST-0449,Kunal Patil,59.16,56443.2,CARD,BANK_TIMEOUT,1,73.0,RETRY,SUCCESS,56443.2,2026-08-04 11:48:33.043570
SIM-TXN-02897,CUST-0221,Rahul Sharma,69.64,460.68,WALLET,BANK_TIMEOUT,0,83.0,RETRY,SUCCESS,460.68,2026-08-15 02:40:33.043570
SIM-TXN-02898,CUST-0177,Aditya More,63.74,9698.8,WALLET,BANK_TIMEOUT,2,58.0,STOP,NOT_ATTEMPTED,0.0,2026-08-14 21:10:33.043570
SIM-TXN-02899,CUST-0138,Pooja Jadhav,74.96,1939.22,UPI,BANK_TIMEOUT,2,58.0,STOP,NOT_ATTEMPTED,0.0,2026-08-20 21:57:33.043570
SIM-TXN-02900,CUST-0131,Rahul Sharma,49.25,3071.32,WALLET,AUTH_FAILED,0,42.0,ESCALATE,FAILED,0.0,2026-08-20 05:55:33.043570
SIM-TXN-02901,CUST-0303,Amit Joshi,49.03,2353.34,NETBANKING,BANK_TIMEOUT,2,53.0,STOP,NOT_ATTEMPTED,0.0,2026-08-07 14:59:33.043570
SIM-TXN-02902,CUST-0296,Neha Shah,85.65,1738.21,UPI,BANK_TIMEOUT,2,63.0,STOP,NOT_ATTEMPTED,0.0,2026-08-13 02:42:33.043570
SIM-TXN-02903,CUST-0068,Pooja Jadhav,89.61,1547.09,CARD,INSUFFICIENT_FUNDS,0,48.0,ESCALATE,FAILED,0.0,2026-08-05 01:49:33.043570
SIM-TXN-02904,CUST-0351,Rahul Sharma,76.63,3176.73,CARD,BANK_ERROR,1,65.0,NOTIFY,FAILED,0.0,2026-08-27 22:33:33.043570
SIM-TXN-02905,CUST-0002,Priya Patil,57.98,725.06,UPI,AUTH_FAILED,2,17.0,STOP,NOT_ATTEMPTED,0.0,2026-08-02 09:59:33.043570
SIM-TXN-02906,CUST-0212,Priya Patil,62.29,4449.13,CARD,BANK_TIMEOUT,1,78.0,RETRY,SUCCESS,4449.13,2026-08-31 06:42:33.043570
SIM-TXN-02907,CUST-0403,Amit Joshi,58.27,1749.43,NETBANKING,BANK_TIMEOUT,1,73.0,RETRY,FAILED,0.0,2026-08-19 00:38:33.043570
SIM-TXN-02908,CUST-0338,Pooja Jadhav,66.43,988.26,NETBANKING,AUTH_FAILED,1,42.0,ESCALATE,FAILED,0.0,2026-08-30 16:36:33.043570
SIM-TXN-02909,CUST-0075,Rohan Deshmukh,91.57,1702.73,NETBANKING,BANK_TIMEOUT,0,88.0,RETRY,FAILED,0.0,2026-08-12 20:08:33.043570
SIM-TXN-02910,CUST-0251,Rahul Sharma,85.59,6672.3,NETBANKING,BANK_ERROR,1,70.0,RETRY,SUCCESS,6672.3,2026-08-01 22:18:33.043570
SIM-TXN-02911,CUST-0222,Priya Patil,80.81,1590.39,UPI,BANK_ERROR,0,75.0,RETRY,FAILED,0.0,2026-08-25 15:37:33.043570
SIM-TXN-02912,CUST-0149,Kunal Patil,91.6,3251.15,UPI,BANK_TIMEOUT,1,83.0,RETRY,SUCCESS,3251.15,2026-08-14 12:04:33.043570
SIM-TXN-02913,CUST-0091,Rahul Sharma,46.11,1359.99,UPI,BANK_ERROR,1,60.0,NOTIFY,FAILED,0.0,2026-08-25 21:25:33.043570
SIM-TXN-02914,CUST-0034,Sneha Kulkarni,53.66,4475.34,NETBANKING,AUTH_FAILED,1,37.0,ESCALATE,FAILED,0.0,2026-08-22 05:46:33.043570
SIM-TXN-02915,CUST-0103,Amit Joshi,79.93,4223.44,NETBANKING,INSUFFICIENT_FUNDS,1,38.0,ESCALATE,FAILED,0.0,2026-08-14 01:29:33.043570
SIM-TXN-02916,CUST-0083,Amit Joshi,91.24,10709.51,WALLET,BANK_ERROR,0,75.0,RETRY,SUCCESS,10709.51,2026-08-12 11:01:33.043570
SIM-TXN-02917,CUST-0331,Rahul Sharma,74.46,2120.8,CARD,BANK_ERROR,2,45.0,STOP,NOT_ATTEMPTED,0.0,2026-08-24 23:41:33.043570
SIM-TXN-02918,CUST-0329,Kunal Patil,59.82,4166.88,UPI,UNKNOWN,1,25.0,ESCALATE,FAILED,0.0,2026-08-25 13:09:33.043570
SIM-TXN-02919,CUST-0131,Rahul Sharma,49.25,2639.79,NETBANKING,INSUFFICIENT_FUNDS,2,13.0,STOP,NOT_ATTEMPTED,0.0,2026-08-25 07:06:33.043570
SIM-TXN-02920,CUST-0410,Ananya Kulkarni,97.84,6882.23,WALLET,BANK_ERROR,0,75.0,RETRY,SUCCESS,6882.23,2026-08-06 15:58:33.043570
SIM-TXN-02921,CUST-0124,Sneha Kulkarni,53.2,1373.25,NETBANKING,UNKNOWN,0,30.0,ESCALATE,FAILED,0.0,2026-08-27 02:13:33.043570
SIM-TXN-02922,CUST-0439,Kunal Patil,71.41,4429.33,CARD,AUTH_FAILED,2,22.0,STOP,NOT_ATTEMPTED,0.0,2026-08-24 09:51:33.043570
SIM-TXN-02923,CUST-0271,Rahul Sharma,70.88,2088.59,UPI,BANK_TIMEOUT,1,78.0,RETRY,SUCCESS,2088.59,2026-08-26 23:56:33.043570
SIM-TXN-02924,CUST-0215,Rohan Deshmukh,80.9,2318.44,UPI,AUTH_FAILED,1,47.0,ESCALATE,SUCCESS,2318.44,2026-08-06 17:26:33.043570
SIM-TXN-02925,CUST-0376,Neha Shah,75.14,2626.49,WALLET,BANK_ERROR,1,65.0,NOTIFY,FAILED,0.0,2026-08-14 03:59:33.043570
SIM-TXN-02926,CUST-0301,Rahul Sharma,75.52,2986.31,WALLET,BANK_TIMEOUT,2,58.0,STOP,NOT_ATTEMPTED,0.0,2026-08-29 04:02:33.043570
SIM-TXN-02927,CUST-0290,Ananya Kulkarni,84.97,2223.9,UPI,AUTH_FAILED,1,47.0,ESCALATE,FAILED,0.0,2026-08-10 17:20:33.043570
SIM-TXN-02928,CUST-0456,Neha Shah,64.99,2897.98,UPI,BANK_TIMEOUT,1,78.0,RETRY,SUCCESS,2897.98,2026-08-12 18:23:33.043570
SIM-TXN-02929,CUST-0273,Amit Joshi,65.61,8625.64,CARD,BANK_ERROR,1,65.0,NOTIFY,FAILED,0.0,2026-08-02 12:54:33.043570
SIM-TXN-02930,CUST-0354,Sneha Kulkarni,61.02,5368.8,CARD,BANK_TIMEOUT,0,83.0,RETRY,SUCCESS,5368.8,2026-08-03 18:53:33.043570
SIM-TXN-02931,CUST-0105,Rohan Deshmukh,90.78,4891.84,UPI,BANK_ERROR,0,75.0,RETRY,SUCCESS,4891.84,2026-08-26 18:08:33.043570
SIM-TXN-02932,CUST-0226,Neha Shah,77.82,1695.22,CARD,INSUFFICIENT_FUNDS,2,18.0,STOP,NOT_ATTEMPTED,0.0,2026-08-11 13:17:33.043570
SIM-TXN-02933,CUST-0112,Priya Patil,69.52,1198.24,UPI,BANK_ERROR,1,65.0,NOTIFY,SUCCESS,1198.24,2026-08-28 12:40:33.043570
SIM-TXN-02934,CUST-0210,Ananya Kulkarni,83.15,5240.86,NETBANKING,BANK_TIMEOUT,2,63.0,STOP,NOT_ATTEMPTED,0.0,2026-08-28 13:54:33.043570
SIM-TXN-02935,CUST-0456,Neha Shah,64.99,4918.89,CARD,BANK_ERROR,0,70.0,RETRY,SUCCESS,4918.89,2026-08-12 13:30:33.043570
SIM-TXN-02936,CUST-0314,Sneha Kulkarni,82.49,7927.85,NETBANKING,BANK_TIMEOUT,2,63.0,STOP,NOT_ATTEMPTED,0.0,2026-08-26 05:23:33.043570
SIM-TXN-02937,CUST-0383,Amit Joshi,66.65,1505.4,CARD,AUTH_FAILED,0,47.0,ESCALATE,FAILED,0.0,2026-08-14 09:36:33.043570
SIM-TXN-02938,CUST-0278,Pooja Jadhav,49.45,2031.16,UPI,BANK_TIMEOUT,1,73.0,RETRY,SUCCESS,2031.16,2026-08-11 15:17:33.043570
SIM-TXN-02939,CUST-0408,Pooja Jadhav,69.94,657.48,NETBANKING,BANK_ERROR,0,70.0,RETRY,SUCCESS,657.48,2026-08-28 07:37:33.043570
SIM-TXN-02940,CUST-0118,Pooja Jadhav,70.51,1782.95,NETBANKING,UNKNOWN,0,35.0,ESCALATE,FAILED,0.0,2026-08-17 16:07:33.043570
SIM-TXN-02941,CUST-0479,Kunal Patil,97.86,5416.78,WALLET,BANK_ERROR,2,50.0,STOP,NOT_ATTEMPTED,0.0,2026-08-09 06:25:33.043570
SIM-TXN-02942,CUST-0014,Sneha Kulkarni,95.73,1680.43,UPI,INSUFFICIENT_FUNDS,2,23.0,STOP,NOT_ATTEMPTED,0.0,2026-08-14 07:37:33.043570
SIM-TXN-02943,CUST-0099,Kunal Patil,83.34,4074.01,CARD,BANK_TIMEOUT,0,88.0,RETRY,SUCCESS,4074.01,2026-08-09 22:54:33.043570
SIM-TXN-02944,CUST-0101,Rahul Sharma,86.58,2095.6,CARD,INSUFFICIENT_FUNDS,0,48.0,ESCALATE,SUCCESS,2095.6,2026-08-04 13:53:33.043570
SIM-TXN-02945,CUST-0339,Kunal Patil,61.23,3162.9,CARD,BANK_ERROR,0,70.0,RETRY,SUCCESS,3162.9,2026-08-11 01:58:33.043570
SIM-TXN-02946,CUST-0188,Pooja Jadhav,90.51,974.42,NETBANKING,AUTH_FAILED,2,27.0,STOP,NOT_ATTEMPTED,0.0,2026-08-21 10:37:33.043570
SIM-TXN-02947,CUST-0079,Kunal Patil,88.25,2612.77,CARD,INSUFFICIENT_FUNDS,1,43.0,ESCALATE,SUCCESS,2612.77,2026-08-09 14:09:33.043570
SIM-TXN-02948,CUST-0192,Priya Patil,66.12,222.98,CARD,BANK_TIMEOUT,2,58.0,STOP,NOT_ATTEMPTED,0.0,2026-08-20 22:06:33.043570
SIM-TXN-02949,CUST-0056,Neha Shah,65.23,2101.66,CARD,BANK_TIMEOUT,0,83.0,RETRY,SUCCESS,2101.66,2026-08-20 16:18:33.043570
SIM-TXN-02950,CUST-0056,Neha Shah,65.23,662.24,CARD,BANK_ERROR,1,65.0,NOTIFY,FAILED,0.0,2026-08-27 01:10:33.043570
SIM-TXN-02951,CUST-0453,Amit Joshi,90.86,6404.75,NETBANKING,AUTH_FAILED,1,47.0,ESCALATE,SUCCESS,6404.75,2026-08-28 20:04:33.043570
SIM-TXN-02952,CUST-0273,Amit Joshi,65.61,4545.65,CARD,AUTH_FAILED,1,42.0,ESCALATE,SUCCESS,4545.65,2026-08-29 14:17:33.043570
SIM-TXN-02953,CUST-0429,Kunal Patil,51.94,3545.15,NETBANKING,INSUFFICIENT_FUNDS,1,33.0,ESCALATE,SUCCESS,3545.15,2026-08-11 12:52:33.043570
SIM-TXN-02954,CUST-0475,Rohan Deshmukh,78.22,8240.41,UPI,INSUFFICIENT_FUNDS,0,43.0,ESCALATE,FAILED,0.0,2026-08-18 21:08:33.043570
SIM-TXN-02955,CUST-0396,Neha Shah,93.82,1142.38,UPI,AUTH_FAILED,2,27.0,STOP,NOT_ATTEMPTED,0.0,2026-08-07 00:57:33.043570
SIM-TXN-02956,CUST-0408,Pooja Jadhav,69.94,9876.27,UPI,INSUFFICIENT_FUNDS,0,43.0,ESCALATE,FAILED,0.0,2026-08-26 01:44:33.043570
SIM-TXN-02957,CUST-0487,Aditya More,73.15,5144.86,WALLET,INSUFFICIENT_FUNDS,1,38.0,ESCALATE,FAILED,0.0,2026-08-28 05:12:33.043570
SIM-TXN-02958,CUST-0365,Rohan Deshmukh,66.24,2019.8,CARD,INSUFFICIENT_FUNDS,0,43.0,ESCALATE,FAILED,0.0,2026-08-26 07:43:33.043570
SIM-TXN-02959,CUST-0449,Kunal Patil,59.16,6054.13,CARD,BANK_TIMEOUT,0,78.0,RETRY,FAILED,0.0,2026-08-24 22:17:33.043570
SIM-TXN-02960,CUST-0440,Ananya Kulkarni,71.97,1007.24,UPI,AUTH_FAILED,0,47.0,ESCALATE,FAILED,0.0,2026-08-05 14:14:33.043570
SIM-TXN-02961,CUST-0174,Sneha Kulkarni,61.34,1261.92,UPI,AUTH_FAILED,1,42.0,ESCALATE,SUCCESS,1261.92,2026-08-26 18:31:33.043570
SIM-TXN-02962,CUST-0070,Ananya Kulkarni,64.82,1499.86,UPI,INSUFFICIENT_FUNDS,1,38.0,ESCALATE,FAILED,0.0,2026-08-11 03:12:33.043570
SIM-TXN-02963,CUST-0072,Priya Patil,93.68,1598.49,CARD,INSUFFICIENT_FUNDS,2,23.0,STOP,NOT_ATTEMPTED,0.0,2026-08-30 17:55:33.043570
SIM-TXN-02964,CUST-0046,Neha Shah,58.07,1048.12,WALLET,AUTH_FAILED,0,42.0,ESCALATE,SUCCESS,1048.12,2026-08-30 15:18:33.043570
SIM-TXN-02965,CUST-0280,Ananya Kulkarni,54.63,6492.91,NETBANKING,BANK_TIMEOUT,1,73.0,RETRY,SUCCESS,6492.91,2026-08-14 08:46:33.043570
SIM-TXN-02966,CUST-0434,Sneha Kulkarni,74.19,1984.09,UPI,BANK_ERROR,0,70.0,RETRY,FAILED,0.0,2026-08-02 21:24:33.043570
SIM-TXN-02967,CUST-0442,Priya Patil,96.95,3235.71,UPI,INSUFFICIENT_FUNDS,0,48.0,ESCALATE,SUCCESS,3235.71,2026-08-30 18:47:33.043570
SIM-TXN-02968,CUST-0300,Ananya Kulkarni,75.67,1546.45,CARD,BANK_TIMEOUT,1,78.0,RETRY,FAILED,0.0,2026-08-06 06:17:33.043570
SIM-TXN-02969,CUST-0225,Rohan Deshmukh,72.32,568.79,NETBANKING,INSUFFICIENT_FUNDS,0,43.0,ESCALATE,FAILED,0.0,2026-08-29 07:38:33.043570
SIM-TXN-02970,CUST-0014,Sneha Kulkarni,95.73,3029.18,NETBANKING,INSUFFICIENT_FUNDS,1,43.0,ESCALATE,SUCCESS,3029.18,2026-08-07 00:44:33.043570
SIM-TXN-02971,CUST-0407,Aditya More,75.54,528.58,NETBANKING,UNKNOWN,1,30.0,ESCALATE,SUCCESS,528.58,2026-08-05 15:51:33.043570
SIM-TXN-02972,CUST-0280,Ananya Kulkarni,54.63,2310.21,WALLET,INSUFFICIENT_FUNDS,1,33.0,ESCALATE,FAILED,0.0,2026-08-05 06:38:33.043570
SIM-TXN-02973,CUST-0078,Pooja Jadhav,49.54,816.76,NETBANKING,BANK_TIMEOUT,2,53.0,STOP,NOT_ATTEMPTED,0.0,2026-08-30 01:58:33.043570
SIM-TXN-02974,CUST-0404,Sneha Kulkarni,57.13,11965.95,WALLET,BANK_TIMEOUT,1,73.0,RETRY,SUCCESS,11965.95,2026-08-21 13:45:33.043570
SIM-TXN-02975,CUST-0240,Ananya Kulkarni,69.62,5059.84,UPI,BANK_TIMEOUT,0,83.0,RETRY,SUCCESS,5059.84,2026-08-12 23:14:33.043570
SIM-TXN-02976,CUST-0194,Sneha Kulkarni,63.61,2656.07,NETBANKING,BANK_ERROR,0,70.0,RETRY,SUCCESS,2656.07,2026-08-25 06:27:33.043570
SIM-TXN-02977,CUST-0141,Rahul Sharma,57.65,6707.39,WALLET,AUTH_FAILED,1,37.0,ESCALATE,FAILED,0.0,2026-08-12 12:31:33.043570
SIM-TXN-02978,CUST-0212,Priya Patil,62.29,1240.1,NETBANKING,BANK_TIMEOUT,2,58.0,STOP,NOT_ATTEMPTED,0.0,2026-08-12 03:50:33.043570
SIM-TXN-02979,CUST-0165,Rohan Deshmukh,45.19,3769.82,UPI,BANK_ERROR,1,60.0,NOTIFY,SUCCESS,3769.82,2026-08-09 12:54:33.043570
SIM-TXN-02980,CUST-0402,Priya Patil,83.93,2863.64,UPI,AUTH_FAILED,2,27.0,STOP,NOT_ATTEMPTED,0.0,2026-08-03 13:58:33.043570
SIM-TXN-02981,CUST-0321,Rahul Sharma,89.03,3014.58,WALLET,BANK_ERROR,0,75.0,RETRY,SUCCESS,3014.58,2026-08-29 04:37:33.043570
SIM-TXN-02982,CUST-0439,Kunal Patil,71.41,6753.95,WALLET,AUTH_FAILED,2,22.0,STOP,NOT_ATTEMPTED,0.0,2026-08-17 22:48:33.043570
SIM-TXN-02983,CUST-0403,Amit Joshi,58.27,4385.21,CARD,UNKNOWN,0,30.0,ESCALATE,SUCCESS,4385.21,2026-08-13 23:29:33.043570
SIM-TXN-02984,CUST-0411,Rahul Sharma,78.64,3074.75,UPI,BANK_TIMEOUT,1,78.0,RETRY,SUCCESS,3074.75,2026-08-25 20:18:33.043570
SIM-TXN-02985,CUST-0064,Sneha Kulkarni,95.55,649.43,UPI,UNKNOWN,1,35.0,ESCALATE,FAILED,0.0,2026-08-13 13:29:33.043570
SIM-TXN-02986,CUST-0493,Amit Joshi,52.59,1132.25,CARD,INSUFFICIENT_FUNDS,2,13.0,STOP,NOT_ATTEMPTED,0.0,2026-08-23 08:18:33.043570
SIM-TXN-02987,CUST-0256,Neha Shah,92.33,2212.4,CARD,UNKNOWN,2,15.0,STOP,NOT_ATTEMPTED,0.0,2026-08-10 14:42:33.043570
SIM-TXN-02988,CUST-0194,Sneha Kulkarni,63.61,2629.89,CARD,INSUFFICIENT_FUNDS,2,18.0,STOP,NOT_ATTEMPTED,0.0,2026-08-31 06:28:33.043570
SIM-TXN-02989,CUST-0033,Amit Joshi,73.31,988.15,CARD,BANK_ERROR,0,70.0,RETRY,SUCCESS,988.15,2026-08-08 05:31:33.043570
SIM-TXN-02990,CUST-0357,Aditya More,60.48,16803.48,NETBANKING,BANK_ERROR,2,45.0,STOP,NOT_ATTEMPTED,0.0,2026-08-09 13:36:33.043570
SIM-TXN-02991,CUST-0268,Pooja Jadhav,84.93,8210.06,NETBANKING,AUTH_FAILED,1,47.0,ESCALATE,SUCCESS,8210.06,2026-08-02 17:35:33.043570
SIM-TXN-02992,CUST-0125,Rohan Deshmukh,56.54,3950.88,CARD,INSUFFICIENT_FUNDS,1,33.0,ESCALATE,FAILED,0.0,2026-08-25 20:02:33.043570
SIM-TXN-02993,CUST-0221,Rahul Sharma,69.64,2585.38,NETBANKING,BANK_TIMEOUT,1,78.0,RETRY,SUCCESS,2585.38,2026-08-03 15:30:33.043570
SIM-TXN-02994,CUST-0421,Rahul Sharma,51.14,2059.53,WALLET,BANK_ERROR,0,65.0,NOTIFY,SUCCESS,2059.53,2026-08-18 19:06:33.043570
SIM-TXN-02995,CUST-0388,Pooja Jadhav,93.97,1139.64,UPI,BANK_TIMEOUT,0,88.0,RETRY,SUCCESS,1139.64,2026-08-12 05:10:33.043570
SIM-TXN-02996,CUST-0370,Ananya Kulkarni,74.58,2596.67,NETBANKING,AUTH_FAILED,2,22.0,STOP,NOT_ATTEMPTED,0.0,2026-08-10 07:10:33.043570
SIM-TXN-02997,CUST-0151,Rahul Sharma,89.19,2999.5,UPI,BANK_TIMEOUT,2,63.0,STOP,NOT_ATTEMPTED,0.0,2026-08-05 15:22:33.043570
SIM-TXN-02998,CUST-0241,Rahul Sharma,58.21,903.79,WALLET,BANK_ERROR,1,60.0,NOTIFY,FAILED,0.0,2026-08-25 03:16:33.043570
SIM-TXN-02999,CUST-0295,Rohan Deshmukh,69.65,3188.61,UPI,UNKNOWN,0,35.0,ESCALATE,FAILED,0.0,2026-08-18 13:19:33.043570
SIM-TXN-03000,CUST-0124,Sneha Kulkarni,53.2,2155.53,CARD,AUTH_FAILED,1,37.0,ESCALATE,SUCCESS,2155.53,2026-08-07 21:36:33.043570
SIM-TXN-03001,CUST-0239,Kunal Patil,54.32,530.46,UPI,AUTH_FAILED,2,17.0,STOP,NOT_ATTEMPTED,0.0,2026-08-17 06:15:33.043570
SIM-TXN-03002,CUST-0020,Ananya Kulkarni,49.18,1226.22,UPI,BANK_TIMEOUT,1,73.0,RETRY,SUCCESS,1226.22,2026-08-11 15:02:33.043570
SIM-TXN-03003,CUST-0107,Aditya More,48.21,1753.06,NETBANKING,UNKNOWN,0,30.0,ESCALATE,FAILED,0.0,2026-08-13 12:27:33.043570
SIM-TXN-03004,CUST-0301,Rahul Sharma,75.52,11049.61,UPI,BANK_ERROR,1,65.0,NOTIFY,FAILED,0.0,2026-08-08 05:25:33.043570
SIM-TXN-03005,CUST-0413,Amit Joshi,63.44,3809.46,UPI,BANK_TIMEOUT,2,58.0,STOP,NOT_ATTEMPTED,0.0,2026-08-29 02:10:33.043570
SIM-TXN-03006,CUST-0233,Amit Joshi,69.14,838.5,UPI,AUTH_FAILED,2,22.0,STOP,NOT_ATTEMPTED,0.0,2026-08-03 23:45:33.043570
SIM-TXN-03007,CUST-0311,Rahul Sharma,88.58,3600.5,CARD,UNKNOWN,2,15.0,STOP,NOT_ATTEMPTED,0.0,2026-08-05 22:49:33.043570
SIM-TXN-03008,CUST-0324,Sneha Kulkarni,75.2,707.8,WALLET,AUTH_FAILED,0,47.0,ESCALATE,SUCCESS,707.8,2026-08-31 02:25:33.043570
SIM-TXN-03009,CUST-0166,Neha Shah,78.77,5803.13,UPI,UNKNOWN,1,30.0,ESCALATE,FAILED,0.0,2026-08-05 06:53:33.043570
SIM-TXN-03010,CUST-0490,Ananya Kulkarni,77.3,1674.22,WALLET,BANK_TIMEOUT,1,78.0,RETRY,FAILED,0.0,2026-08-06 03:04:33.043570
SIM-TXN-03011,CUST-0237,Aditya More,92.31,2264.46,WALLET,UNKNOWN,2,15.0,STOP,NOT_ATTEMPTED,0.0,2026-08-25 15:49:33.043570
SIM-TXN-03012,CUST-0457,Aditya More,91.09,7048.97,CARD,BANK_TIMEOUT,0,88.0,RETRY,SUCCESS,7048.97,2026-08-03 03:04:33.043570
SIM-TXN-03013,CUST-0301,Rahul Sharma,75.52,871.55,WALLET,BANK_TIMEOUT,0,83.0,RETRY,SUCCESS,871.55,2026-08-28 23:15:33.043570
SIM-TXN-03014,CUST-0269,Kunal Patil,73.53,798.16,CARD,UNKNOWN,2,10.0,STOP,NOT_ATTEMPTED,0.0,2026-08-18 23:04:33.043570
SIM-TXN-03015,CUST-0171,Rahul Sharma,73.92,1530.15,WALLET,BANK_ERROR,1,65.0,NOTIFY,FAILED,0.0,2026-08-28 22:02:33.043570
SIM-TXN-03016,CUST-0062,Priya Patil,50.91,5601.01,WALLET,UNKNOWN,0,30.0,ESCALATE,FAILED,0.0,2026-08-11 12:23:33.043570
SIM-TXN-03017,CUST-0201,Rahul Sharma,68.13,723.81,NETBANKING,BANK_ERROR,0,70.0,RETRY,FAILED,0.0,2026-08-05 06:15:33.043570
SIM-TXN-03018,CUST-0160,Ananya Kulkarni,55.79,253.22,UPI,AUTH_FAILED,2,17.0,STOP,NOT_ATTEMPTED,0.0,2026-08-30 21:14:33.043570
SIM-TXN-03019,CUST-0396,Neha Shah,93.82,1701.17,UPI,AUTH_FAILED,2,27.0,STOP,NOT_ATTEMPTED,0.0,2026-08-15 02:10:33.043570
SIM-TXN-03020,CUST-0116,Neha Shah,94.1,3794.82,WALLET,BANK_TIMEOUT,1,83.0,RETRY,SUCCESS,3794.82,2026-08-28 11:38:33.043570
SIM-TXN-03021,CUST-0072,Priya Patil,93.68,6375.45,WALLET,INSUFFICIENT_FUNDS,0,48.0,ESCALATE,SUCCESS,6375.45,2026-08-08 23:11:33.043570
SIM-TXN-03022,CUST-0483,Amit Joshi,92.88,1684.92,CARD,BANK_TIMEOUT,0,88.0,RETRY,SUCCESS,1684.92,2026-08-14 07:21:33.043570
SIM-TXN-03023,CUST-0172,Priya Patil,75.87,1756.11,UPI,BANK_ERROR,0,70.0,RETRY,SUCCESS,1756.11,2026-08-03 10:48:33.043570
SIM-TXN-03024,CUST-0357,Aditya More,60.48,6143.32,NETBANKING,INSUFFICIENT_FUNDS,0,43.0,ESCALATE,FAILED,0.0,2026-08-20 07:47:33.043570
SIM-TXN-03025,CUST-0482,Priya Patil,68.51,546.87,NETBANKING,INSUFFICIENT_FUNDS,2,18.0,STOP,NOT_ATTEMPTED,0.0,2026-08-02 18:10:33.043570
SIM-TXN-03026,CUST-0399,Kunal Patil,71.53,1788.59,CARD,INSUFFICIENT_FUNDS,1,38.0,ESCALATE,FAILED,0.0,2026-08-21 07:11:33.043570
SIM-TXN-03027,CUST-0223,Amit Joshi,70.08,2842.22,UPI,UNKNOWN,2,10.0,STOP,NOT_ATTEMPTED,0.0,2026-08-06 03:48:33.043570
SIM-TXN-03028,CUST-0060,Ananya Kulkarni,81.13,3496.0,WALLET,INSUFFICIENT_FUNDS,0,48.0,ESCALATE,FAILED,0.0,2026-08-10 13:42:33.043570
SIM-TXN-03029,CUST-0448,Pooja Jadhav,63.01,1623.2,CARD,UNKNOWN,1,30.0,ESCALATE,FAILED,0.0,2026-08-29 10:26:33.043570
SIM-TXN-03030,CUST-0046,Neha Shah,58.07,2508.78,UPI,INSUFFICIENT_FUNDS,1,33.0,ESCALATE,SUCCESS,2508.78,2026-08-22 12:38:33.043570
SIM-TXN-03031,CUST-0038,Pooja Jadhav,57.14,333.4,CARD,BANK_ERROR,0,65.0,NOTIFY,FAILED,0.0,2026-08-11 17:44:33.043570
SIM-TXN-03032,CUST-0131,Rahul Sharma,49.25,1441.44,NETBANKING,UNKNOWN,0,30.0,ESCALATE,FAILED,0.0,2026-08-24 23:00:33.043570
SIM-TXN-03033,CUST-0282,Priya Patil,69.1,3508.02,UPI,BANK_TIMEOUT,1,78.0,RETRY,SUCCESS,3508.02,2026-08-23 21:00:33.043570
SIM-TXN-03034,CUST-0218,Pooja Jadhav,61.11,1112.28,CARD,INSUFFICIENT_FUNDS,2,18.0,STOP,NOT_ATTEMPTED,0.0,2026-08-11 09:16:33.043570
SIM-TXN-03035,CUST-0269,Kunal Patil,73.53,2558.53,NETBANKING,INSUFFICIENT_FUNDS,2,18.0,STOP,NOT_ATTEMPTED,0.0,2026-08-03 15:01:33.043570
SIM-TXN-03036,CUST-0060,Ananya Kulkarni,81.13,3489.45,UPI,BANK_TIMEOUT,2,63.0,STOP,NOT_ATTEMPTED,0.0,2026-08-22 03:40:33.043570
SIM-TXN-03037,CUST-0400,Ananya Kulkarni,68.2,1855.59,NETBANKING,BANK_TIMEOUT,0,83.0,RETRY,SUCCESS,1855.59,2026-08-26 20:01:33.043570
SIM-TXN-03038,CUST-0378,Pooja Jadhav,95.22,2797.19,CARD,UNKNOWN,1,35.0,ESCALATE,SUCCESS,2797.19,2026-08-12 10:16:33.043570
SIM-TXN-03039,CUST-0331,Rahul Sharma,74.46,1129.82,UPI,BANK_ERROR,0,70.0,RETRY,SUCCESS,1129.82,2026-08-18 15:43:33.043570
SIM-TXN-03040,CUST-0232,Priya Patil,90.04,2068.77,UPI,INSUFFICIENT_FUNDS,2,23.0,STOP,NOT_ATTEMPTED,0.0,2026-08-03 22:50:33.043570
SIM-TXN-03041,CUST-0260,Ananya Kulkarni,66.99,3976.56,UPI,BANK_ERROR,1,65.0,NOTIFY,SUCCESS,3976.56,2026-08-10 01:31:33.043570
SIM-TXN-03042,CUST-0479,Kunal Patil,97.86,2767.16,WALLET,BANK_TIMEOUT,1,83.0,RETRY,SUCCESS,2767.16,2026-08-09 07:50:33.043570
SIM-TXN-03043,CUST-0207,Aditya More,64.3,1526.56,WALLET,INSUFFICIENT_FUNDS,2,18.0,STOP,NOT_ATTEMPTED,0.0,2026-08-27 20:31:33.043570
SIM-TXN-03044,CUST-0414,Sneha Kulkarni,62.02,2920.1,NETBANKING,BANK_ERROR,2,45.0,STOP,NOT_ATTEMPTED,0.0,2026-08-30 23:55:33.043570
SIM-TXN-03045,CUST-0310,Ananya Kulkarni,45.67,4322.93,WALLET,INSUFFICIENT_FUNDS,0,38.0,ESCALATE,FAILED,0.0,2026-08-15 05:47:33.043570
SIM-TXN-03046,CUST-0075,Rohan Deshmukh,91.57,473.45,NETBANKING,AUTH_FAILED,2,27.0,STOP,NOT_ATTEMPTED,0.0,2026-08-19 06:30:33.043570
SIM-TXN-03047,CUST-0327,Aditya More,70.84,6168.8,CARD,UNKNOWN,0,35.0,ESCALATE,FAILED,0.0,2026-08-06 11:24:33.043570
SIM-TXN-03048,CUST-0151,Rahul Sharma,89.19,1864.96,NETBANKING,BANK_TIMEOUT,2,63.0,STOP,NOT_ATTEMPTED,0.0,2026-08-29 22:50:33.043570
SIM-TXN-03049,CUST-0406,Neha Shah,97.98,3430.26,CARD,UNKNOWN,0,40.0,ESCALATE,FAILED,0.0,2026-08-06 17:19:33.043570
SIM-TXN-03050,CUST-0095,Rohan Deshmukh,92.99,6360.09,CARD,INSUFFICIENT_FUNDS,1,43.0,ESCALATE,FAILED,0.0,2026-08-21 08:30:33.043570
SIM-TXN-03051,CUST-0207,Aditya More,64.3,814.57,UPI,AUTH_FAILED,1,42.0,ESCALATE,FAILED,0.0,2026-08-02 20:02:33.043570
SIM-TXN-03052,CUST-0286,Neha Shah,69.93,1383.6,WALLET,BANK_ERROR,2,45.0,STOP,NOT_ATTEMPTED,0.0,2026-08-07 03:32:33.043570
SIM-TXN-03053,CUST-0235,Rohan Deshmukh,71.2,1937.51,UPI,INSUFFICIENT_FUNDS,2,18.0,STOP,NOT_ATTEMPTED,0.0,2026-08-21 21:44:33.043570
SIM-TXN-03054,CUST-0090,Ananya Kulkarni,56.91,1303.75,NETBANKING,INSUFFICIENT_FUNDS,2,13.0,STOP,NOT_ATTEMPTED,0.0,2026-08-12 04:07:33.043570
SIM-TXN-03055,CUST-0267,Aditya More,94.97,9778.58,NETBANKING,AUTH_FAILED,2,27.0,STOP,NOT_ATTEMPTED,0.0,2026-08-29 04:56:33.043570
SIM-TXN-03056,CUST-0465,Rohan Deshmukh,62.6,1229.77,CARD,BANK_ERROR,2,45.0,STOP,NOT_ATTEMPTED,0.0,2026-08-08 02:16:33.043570
SIM-TXN-03057,CUST-0337,Aditya More,49.93,1564.88,UPI,UNKNOWN,1,25.0,ESCALATE,FAILED,0.0,2026-08-17 11:27:33.043570
SIM-TXN-03058,CUST-0492,Priya Patil,71.38,2874.15,UPI,BANK_ERROR,0,70.0,RETRY,FAILED,0.0,2026-08-27 13:28:33.043570
SIM-TXN-03059,CUST-0313,Amit Joshi,78.69,932.88,UPI,BANK_ERROR,2,45.0,STOP,NOT_ATTEMPTED,0.0,2026-08-08 11:47:33.043570
SIM-TXN-03060,CUST-0208,Pooja Jadhav,95.29,1778.38,NETBANKING,AUTH_FAILED,2,27.0,STOP,NOT_ATTEMPTED,0.0,2026-08-08 11:06:33.043570
SIM-TXN-03061,CUST-0223,Amit Joshi,70.08,3146.24,UPI,AUTH_FAILED,2,22.0,STOP,NOT_ATTEMPTED,0.0,2026-08-19 04:41:33.043570
SIM-TXN-03062,CUST-0294,Sneha Kulkarni,74.89,1870.03,WALLET,BANK_ERROR,2,45.0,STOP,NOT_ATTEMPTED,0.0,2026-08-05 02:29:33.043570
SIM-TXN-03063,CUST-0473,Amit Joshi,90.17,2264.91,UPI,INSUFFICIENT_FUNDS,2,23.0,STOP,NOT_ATTEMPTED,0.0,2026-08-23 17:21:33.043570
SIM-TXN-03064,CUST-0415,Rohan Deshmukh,90.46,1598.04,CARD,BANK_ERROR,0,75.0,RETRY,FAILED,0.0,2026-08-16 01:36:33.043570
SIM-TXN-03065,CUST-0293,Amit Joshi,51.69,726.63,UPI,BANK_ERROR,1,60.0,NOTIFY,FAILED,0.0,2026-08-13 22:39:33.043570
SIM-TXN-03066,CUST-0205,Rohan Deshmukh,72.56,3156.68,CARD,AUTH_FAILED,2,22.0,STOP,NOT_ATTEMPTED,0.0,2026-08-15 22:22:33.043570
SIM-TXN-03067,CUST-0436,Neha Shah,97.59,9936.26,UPI,AUTH_FAILED,0,52.0,NOTIFY,FAILED,0.0,2026-08-09 06:21:33.043570
SIM-TXN-03068,CUST-0245,Rohan Deshmukh,77.47,2476.8,UPI,INSUFFICIENT_FUNDS,0,43.0,ESCALATE,FAILED,0.0,2026-08-25 04:16:33.043570
SIM-TXN-03069,CUST-0223,Amit Joshi,70.08,2922.55,WALLET,AUTH_FAILED,0,47.0,ESCALATE,FAILED,0.0,2026-08-07 02:31:33.043570
SIM-TXN-03070,CUST-0427,Aditya More,78.15,4247.89,WALLET,UNKNOWN,2,10.0,STOP,NOT_ATTEMPTED,0.0,2026-08-10 23:40:33.043570
SIM-TXN-03071,CUST-0039,Kunal Patil,87.67,884.07,CARD,BANK_TIMEOUT,2,63.0,STOP,NOT_ATTEMPTED,0.0,2026-08-17 00:42:33.043570
SIM-TXN-03072,CUST-0422,Priya Patil,90.84,9528.21,UPI,UNKNOWN,0,40.0,ESCALATE,FAILED,0.0,2026-08-18 20:46:33.043570
SIM-TXN-03073,CUST-0271,Rahul Sharma,70.88,2869.41,NETBANKING,BANK_TIMEOUT,0,83.0,RETRY,SUCCESS,2869.41,2026-08-29 09:27:33.043570
SIM-TXN-03074,CUST-0038,Pooja Jadhav,57.14,9004.55,NETBANKING,INSUFFICIENT_FUNDS,0,38.0,ESCALATE,FAILED,0.0,2026-08-09 20:30:33.043570
SIM-TXN-03075,CUST-0442,Priya Patil,96.95,1357.74,CARD,AUTH_FAILED,2,27.0,STOP,NOT_ATTEMPTED,0.0,2026-08-21 23:11:33.043570
SIM-TXN-03076,CUST-0329,Kunal Patil,59.82,10450.96,CARD,BANK_ERROR,0,65.0,NOTIFY,FAILED,0.0,2026-08-11 19:49:33.043570
SIM-TXN-03077,CUST-0327,Aditya More,70.84,4537.47,UPI,BANK_TIMEOUT,1,78.0,RETRY,SUCCESS,4537.47,2026-08-29 01:03:33.043570
SIM-TXN-03078,CUST-0145,Rohan Deshmukh,97.92,3798.77,UPI,BANK_ERROR,2,50.0,STOP,NOT_ATTEMPTED,0.0,2026-08-22 05:25:33.043570
SIM-TXN-03079,CUST-0454,Sneha Kulkarni,73.54,2943.1,WALLET,BANK_TIMEOUT,1,78.0,RETRY,SUCCESS,2943.1,2026-08-28 22:17:33.043570
SIM-TXN-03080,CUST-0071,Rahul Sharma,73.59,2000.55,UPI,BANK_ERROR,2,45.0,STOP,NOT_ATTEMPTED,0.0,2026-08-24 04:27:33.043570
SIM-TXN-03081,CUST-0372,Priya Patil,56.96,6376.82,WALLET,AUTH_FAILED,1,37.0,ESCALATE,FAILED,0.0,2026-08-09 02:47:33.043570
SIM-TXN-03082,CUST-0290,Ananya Kulkarni,84.97,2730.63,UPI,INSUFFICIENT_FUNDS,1,43.0,ESCALATE,SUCCESS,2730.63,2026-08-25 15:17:33.043570
SIM-TXN-03083,CUST-0346,Neha Shah,61.72,505.9,UPI,AUTH_FAILED,0,47.0,ESCALATE,SUCCESS,505.9,2026-08-22 10:42:33.043570
SIM-TXN-03084,CUST-0119,Kunal Patil,92.83,998.5,CARD,BANK_TIMEOUT,1,83.0,RETRY,SUCCESS,998.5,2026-08-09 14:00:33.043570
SIM-TXN-03085,CUST-0104,Sneha Kulkarni,67.45,2103.43,WALLET,BANK_ERROR,0,70.0,RETRY,SUCCESS,2103.43,2026-08-05 09:25:33.043570
SIM-TXN-03086,CUST-0238,Pooja Jadhav,86.26,3127.53,CARD,BANK_TIMEOUT,2,63.0,STOP,NOT_ATTEMPTED,0.0,2026-08-06 10:00:33.043570
SIM-TXN-03087,CUST-0041,Rahul Sharma,93.4,2332.58,UPI,AUTH_FAILED,1,47.0,ESCALATE,SUCCESS,2332.58,2026-08-20 23:47:33.043570
SIM-TXN-03088,CUST-0122,Priya Patil,60.12,6471.59,NETBANKING,INSUFFICIENT_FUNDS,0,43.0,ESCALATE,FAILED,0.0,2026-08-26 15:28:33.043570
SIM-TXN-03089,CUST-0294,Sneha Kulkarni,74.89,512.41,WALLET,UNKNOWN,0,35.0,ESCALATE,SUCCESS,512.41,2026-08-22 03:44:33.043570
SIM-TXN-03090,CUST-0039,Kunal Patil,87.67,2737.69,NETBANKING,UNKNOWN,1,35.0,ESCALATE,SUCCESS,2737.69,2026-08-04 00:41:33.043570
SIM-TXN-03091,CUST-0372,Priya Patil,56.96,569.99,NETBANKING,UNKNOWN,0,30.0,ESCALATE,SUCCESS,569.99,2026-08-19 19:03:33.043570
SIM-TXN-03092,CUST-0151,Rahul Sharma,89.19,4481.75,UPI,AUTH_FAILED,1,47.0,ESCALATE,SUCCESS,4481.75,2026-08-04 04:44:33.043570
SIM-TXN-03093,CUST-0122,Priya Patil,60.12,2262.97,NETBANKING,BANK_ERROR,0,70.0,RETRY,SUCCESS,2262.97,2026-08-26 02:26:33.043570
SIM-TXN-03094,CUST-0056,Neha Shah,65.23,3414.16,WALLET,UNKNOWN,2,10.0,STOP,NOT_ATTEMPTED,0.0,2026-08-24 12:43:33.043570
SIM-TXN-03095,CUST-0342,Priya Patil,97.82,1222.79,CARD,AUTH_FAILED,0,52.0,NOTIFY,SUCCESS,1222.79,2026-08-09 03:20:33.043570
SIM-TXN-03096,CUST-0328,Pooja Jadhav,87.29,6792.48,WALLET,BANK_TIMEOUT,2,63.0,STOP,NOT_ATTEMPTED,0.0,2026-08-26 04:41:33.043570
SIM-TXN-03097,CUST-0424,Sneha Kulkarni,69.48,5616.03,CARD,BANK_TIMEOUT,1,78.0,RETRY,SUCCESS,5616.03,2026-08-20 21:34:33.043570
SIM-TXN-03098,CUST-0088,Pooja Jadhav,68.22,3892.61,NETBANKING,AUTH_FAILED,2,22.0,STOP,NOT_ATTEMPTED,0.0,2026-08-24 03:36:33.043570
SIM-TXN-03099,CUST-0402,Priya Patil,83.93,2200.38,WALLET,INSUFFICIENT_FUNDS,0,48.0,ESCALATE,FAILED,0.0,2026-08-12 07:58:33.043570
SIM-TXN-03100,CUST-0448,Pooja Jadhav,63.01,3881.15,CARD,INSUFFICIENT_FUNDS,0,43.0,ESCALATE,FAILED,0.0,2026-08-09 20:32:33.043570
SIM-TXN-03101,CUST-0279,Kunal Patil,52.19,1386.43,NETBANKING,INSUFFICIENT_FUNDS,1,33.0,ESCALATE,SUCCESS,1386.43,2026-08-12 04:59:33.043570
SIM-TXN-03102,CUST-0294,Sneha Kulkarni,74.89,4838.91,UPI,INSUFFICIENT_FUNDS,1,38.0,ESCALATE,FAILED,0.0,2026-08-28 13:53:33.043570
SIM-TXN-03103,CUST-0279,Kunal Patil,52.19,9132.41,WALLET,INSUFFICIENT_FUNDS,1,33.0,ESCALATE,FAILED,0.0,2026-08-07 04:56:33.043570
SIM-TXN-03104,CUST-0233,Amit Joshi,69.14,5747.32,UPI,BANK_ERROR,1,65.0,NOTIFY,FAILED,0.0,2026-08-24 09:14:33.043570
SIM-TXN-03105,CUST-0121,Rahul Sharma,59.06,1361.47,CARD,UNKNOWN,0,30.0,ESCALATE,FAILED,0.0,2026-08-01 21:25:33.043570
SIM-TXN-03106,CUST-0193,Amit Joshi,90.81,3258.86,UPI,AUTH_FAILED,2,27.0,STOP,NOT_ATTEMPTED,0.0,2026-08-09 13:40:33.043570
SIM-TXN-03107,CUST-0093,Amit Joshi,45.38,867.39,NETBANKING,BANK_TIMEOUT,1,73.0,RETRY,SUCCESS,867.39,2026-08-05 17:06:33.043570
SIM-TXN-03108,CUST-0202,Priya Patil,51.13,3858.03,NETBANKING,AUTH_FAILED,0,42.0,ESCALATE,FAILED,0.0,2026-08-26 07:46:33.043570
SIM-TXN-03109,CUST-0230,Ananya Kulkarni,46.29,3499.88,NETBANKING,UNKNOWN,1,25.0,ESCALATE,FAILED,0.0,2026-08-05 02:33:33.043570
SIM-TXN-03110,CUST-0268,Pooja Jadhav,84.93,546.83,CARD,AUTH_FAILED,0,52.0,NOTIFY,FAILED,0.0,2026-08-08 02:30:33.043570
SIM-TXN-03111,CUST-0168,Pooja Jadhav,74.24,963.5,WALLET,AUTH_FAILED,2,22.0,STOP,NOT_ATTEMPTED,0.0,2026-08-03 14:02:33.043570
SIM-TXN-03112,CUST-0286,Neha Shah,69.93,1945.92,NETBANKING,AUTH_FAILED,0,47.0,ESCALATE,SUCCESS,1945.92,2026-08-29 12:06:33.043570
SIM-TXN-03113,CUST-0278,Pooja Jadhav,49.45,1918.53,UPI,BANK_TIMEOUT,0,78.0,RETRY,SUCCESS,1918.53,2026-08-03 12:14:33.043570
SIM-TXN-03114,CUST-0436,Neha Shah,97.59,927.43,UPI,BANK_ERROR,2,50.0,STOP,NOT_ATTEMPTED,0.0,2026-08-12 05:58:33.043570
SIM-TXN-03115,CUST-0340,Ananya Kulkarni,64.56,3331.52,WALLET,INSUFFICIENT_FUNDS,2,18.0,STOP,NOT_ATTEMPTED,0.0,2026-08-29 00:23:33.043570
SIM-TXN-03116,CUST-0367,Aditya More,53.04,2984.47,NETBANKING,INSUFFICIENT_FUNDS,2,13.0,STOP,NOT_ATTEMPTED,0.0,2026-08-07 16:56:33.043570
SIM-TXN-03117,CUST-0153,Amit Joshi,45.41,2089.3,NETBANKING,UNKNOWN,2,5.0,STOP,NOT_ATTEMPTED,0.0,2026-08-29 12:57:33.043570
SIM-TXN-03118,CUST-0263,Amit Joshi,65.64,1333.24,UPI,AUTH_FAILED,2,22.0,STOP,NOT_ATTEMPTED,0.0,2026-08-05 14:43:33.043570
SIM-TXN-03119,CUST-0146,Neha Shah,48.88,5647.49,WALLET,BANK_ERROR,0,65.0,NOTIFY,FAILED,0.0,2026-08-21 21:05:33.043570
SIM-TXN-03120,CUST-0047,Aditya More,73.57,9175.81,CARD,BANK_ERROR,0,70.0,RETRY,FAILED,0.0,2026-08-20 01:40:33.043570
SIM-TXN-03121,CUST-0230,Ananya Kulkarni,46.29,1657.64,CARD,BANK_ERROR,2,40.0,STOP,NOT_ATTEMPTED,0.0,2026-08-31 16:17:33.043570
SIM-TXN-03122,CUST-0096,Neha Shah,48.76,1495.58,WALLET,BANK_TIMEOUT,1,73.0,RETRY,SUCCESS,1495.58,2026-08-05 08:09:33.043570
SIM-TXN-03123,CUST-0494,Sneha Kulkarni,78.81,3615.43,WALLET,AUTH_FAILED,1,42.0,ESCALATE,FAILED,0.0,2026-08-24 04:52:33.043570
SIM-TXN-03124,CUST-0197,Aditya More,51.11,1832.76,WALLET,AUTH_FAILED,2,17.0,STOP,NOT_ATTEMPTED,0.0,2026-08-24 10:04:33.043570
SIM-TXN-03125,CUST-0368,Pooja Jadhav,95.3,2183.06,CARD,INSUFFICIENT_FUNDS,1,43.0,ESCALATE,FAILED,0.0,2026-08-10 17:13:33.043570
SIM-TXN-03126,CUST-0253,Amit Joshi,59.55,4410.41,UPI,UNKNOWN,2,5.0,STOP,NOT_ATTEMPTED,0.0,2026-08-26 00:12:33.043570
SIM-TXN-03127,CUST-0163,Amit Joshi,49.89,529.81,UPI,INSUFFICIENT_FUNDS,1,33.0,ESCALATE,FAILED,0.0,2026-08-30 05:51:33.043570
SIM-TXN-03128,CUST-0406,Neha Shah,97.98,7006.84,UPI,BANK_TIMEOUT,2,63.0,STOP,NOT_ATTEMPTED,0.0,2026-08-14 01:08:33.043570
SIM-TXN-03129,CUST-0453,Amit Joshi,90.86,2586.72,NETBANKING,BANK_TIMEOUT,1,83.0,RETRY,SUCCESS,2586.72,2026-08-29 23:40:33.043570
SIM-TXN-03130,CUST-0170,Ananya Kulkarni,48.99,1756.02,UPI,INSUFFICIENT_FUNDS,0,38.0,ESCALATE,FAILED,0.0,2026-08-09 10:22:33.043570
SIM-TXN-03131,CUST-0144,Sneha Kulkarni,45.49,2272.45,CARD,UNKNOWN,2,5.0,STOP,NOT_ATTEMPTED,0.0,2026-08-17 09:12:33.043570
SIM-TXN-03132,CUST-0437,Aditya More,69.46,2368.34,NETBANKING,BANK_ERROR,0,70.0,RETRY,FAILED,0.0,2026-08-19 16:25:33.043570
SIM-TXN-03133,CUST-0236,Neha Shah,52.82,610.96,CARD,AUTH_FAILED,0,42.0,ESCALATE,SUCCESS,610.96,2026-08-29 14:45:33.043570
SIM-TXN-03134,CUST-0151,Rahul Sharma,89.19,8070.34,CARD,BANK_TIMEOUT,2,63.0,STOP,NOT_ATTEMPTED,0.0,2026-08-07 20:20:33.043570
SIM-TXN-03135,CUST-0350,Ananya Kulkarni,96.76,2522.64,NETBANKING,AUTH_FAILED,1,47.0,ESCALATE,FAILED,0.0,2026-08-11 21:39:33.043570
SIM-TXN-03136,CUST-0444,Sneha Kulkarni,65.33,3478.66,UPI,UNKNOWN,1,30.0,ESCALATE,FAILED,0.0,2026-08-13 15:45:33.043570
SIM-TXN-03137,CUST-0041,Rahul Sharma,93.4,5225.16,NETBANKING,INSUFFICIENT_FUNDS,0,48.0,ESCALATE,FAILED,0.0,2026-08-17 04:01:33.043570
SIM-TXN-03138,CUST-0370,Ananya Kulkarni,74.58,1078.22,WALLET,UNKNOWN,0,35.0,ESCALATE,FAILED,0.0,2026-08-17 09:59:33.043570
SIM-TXN-03139,CUST-0200,Ananya Kulkarni,68.03,3564.49,CARD,BANK_TIMEOUT,1,78.0,RETRY,FAILED,0.0,2026-08-11 21:04:33.043570
SIM-TXN-03140,CUST-0445,Rohan Deshmukh,71.94,1970.19,NETBANKING,INSUFFICIENT_FUNDS,2,18.0,STOP,NOT_ATTEMPTED,0.0,2026-08-29 10:59:33.043570
SIM-TXN-03141,CUST-0401,Rahul Sharma,47.11,4805.02,UPI,INSUFFICIENT_FUNDS,0,38.0,ESCALATE,FAILED,0.0,2026-08-24 17:59:33.043570
SIM-TXN-03142,CUST-0055,Rohan Deshmukh,76.61,445.06,WALLET,AUTH_FAILED,1,42.0,ESCALATE,SUCCESS,445.06,2026-08-31 04:22:33.043570
SIM-TXN-03143,CUST-0251,Rahul Sharma,85.59,2254.59,WALLET,AUTH_FAILED,2,27.0,STOP,NOT_ATTEMPTED,0.0,2026-08-16 13:16:33.043570
SIM-TXN-03144,CUST-0009,Kunal Patil,67.23,1506.8,WALLET,AUTH_FAILED,2,22.0,STOP,NOT_ATTEMPTED,0.0,2026-08-14 20:46:33.043570
SIM-TXN-03145,CUST-0423,Amit Joshi,79.86,3448.9,UPI,BANK_TIMEOUT,0,83.0,RETRY,SUCCESS,3448.9,2026-08-30 03:38:33.043570
SIM-TXN-03146,CUST-0062,Priya Patil,50.91,3554.73,UPI,INSUFFICIENT_FUNDS,0,38.0,ESCALATE,FAILED,0.0,2026-08-29 01:14:33.043570
SIM-TXN-03147,CUST-0248,Pooja Jadhav,84.41,1385.61,CARD,BANK_TIMEOUT,2,63.0,STOP,NOT_ATTEMPTED,0.0,2026-08-16 23:21:33.043570
SIM-TXN-03148,CUST-0298,Pooja Jadhav,86.22,1380.58,UPI,BANK_TIMEOUT,0,88.0,RETRY,SUCCESS,1380.58,2026-08-11 08:32:33.043570
SIM-TXN-03149,CUST-0202,Priya Patil,51.13,2233.82,NETBANKING,BANK_ERROR,1,60.0,NOTIFY,SUCCESS,2233.82,2026-08-16 15:53:33.043570
SIM-TXN-03150,CUST-0424,Sneha Kulkarni,69.48,1191.16,UPI,BANK_ERROR,0,70.0,RETRY,SUCCESS,1191.16,2026-08-18 10:51:33.043570
SIM-TXN-03151,CUST-0318,Pooja Jadhav,86.06,4786.65,WALLET,UNKNOWN,1,35.0,ESCALATE,FAILED,0.0,2026-08-25 15:53:33.043570
SIM-TXN-03152,CUST-0050,Ananya Kulkarni,97.86,1816.44,WALLET,BANK_TIMEOUT,1,83.0,RETRY,SUCCESS,1816.44,2026-08-03 20:59:33.043570
SIM-TXN-03153,CUST-0009,Kunal Patil,67.23,238.51,NETBANKING,UNKNOWN,0,35.0,ESCALATE,FAILED,0.0,2026-08-31 01:38:33.043570
SIM-TXN-03154,CUST-0411,Rahul Sharma,78.64,1808.3,UPI,BANK_TIMEOUT,0,83.0,RETRY,SUCCESS,1808.3,2026-08-09 20:39:33.043570
SIM-TXN-03155,CUST-0234,Sneha Kulkarni,75.51,1063.33,UPI,BANK_ERROR,2,45.0,STOP,NOT_ATTEMPTED,0.0,2026-08-28 17:17:33.043570
SIM-TXN-03156,CUST-0269,Kunal Patil,73.53,661.81,UPI,BANK_ERROR,2,45.0,STOP,NOT_ATTEMPTED,0.0,2026-08-07 18:44:33.043570
SIM-TXN-03157,CUST-0388,Pooja Jadhav,93.97,906.92,NETBANKING,BANK_ERROR,1,70.0,RETRY,SUCCESS,906.92,2026-08-25 04:40:33.043570
SIM-TXN-03158,CUST-0270,Ananya Kulkarni,87.39,2663.85,NETBANKING,AUTH_FAILED,1,47.0,ESCALATE,SUCCESS,2663.85,2026-08-08 00:26:33.043570
SIM-TXN-03159,CUST-0479,Kunal Patil,97.86,7065.03,WALLET,BANK_ERROR,1,70.0,RETRY,SUCCESS,7065.03,2026-08-16 13:21:33.043570
SIM-TXN-03160,CUST-0443,Amit Joshi,69.21,3135.51,WALLET,INSUFFICIENT_FUNDS,1,38.0,ESCALATE,FAILED,0.0,2026-08-14 12:17:33.043570
SIM-TXN-03161,CUST-0153,Amit Joshi,45.41,1502.37,CARD,INSUFFICIENT_FUNDS,1,33.0,ESCALATE,FAILED,0.0,2026-08-25 00:15:33.043570
SIM-TXN-03162,CUST-0173,Amit Joshi,67.78,3514.75,NETBANKING,UNKNOWN,2,10.0,STOP,NOT_ATTEMPTED,0.0,2026-08-30 13:28:33.043570
SIM-TXN-03163,CUST-0174,Sneha Kulkarni,61.34,1690.41,WALLET,INSUFFICIENT_FUNDS,1,38.0,ESCALATE,FAILED,0.0,2026-08-16 05:34:33.043570
SIM-TXN-03164,CUST-0404,Sneha Kulkarni,57.13,1400.13,NETBANKING,INSUFFICIENT_FUNDS,0,38.0,ESCALATE,FAILED,0.0,2026-08-15 15:36:33.043570
SIM-TXN-03165,CUST-0491,Rahul Sharma,77.84,969.24,UPI,AUTH_FAILED,0,47.0,ESCALATE,FAILED,0.0,2026-08-21 06:34:33.043570
SIM-TXN-03166,CUST-0171,Rahul Sharma,73.92,600.97,UPI,BANK_TIMEOUT,0,83.0,RETRY,SUCCESS,600.97,2026-08-15 18:07:33.043570
SIM-TXN-03167,CUST-0191,Rahul Sharma,56.81,1786.58,CARD,AUTH_FAILED,0,42.0,ESCALATE,FAILED,0.0,2026-08-07 18:11:33.043570
SIM-TXN-03168,CUST-0330,Ananya Kulkarni,82.16,2769.56,UPI,INSUFFICIENT_FUNDS,1,43.0,ESCALATE,FAILED,0.0,2026-08-04 22:35:33.043570
SIM-TXN-03169,CUST-0107,Aditya More,48.21,2259.05,NETBANKING,BANK_TIMEOUT,1,73.0,RETRY,SUCCESS,2259.05,2026-08-11 01:53:33.043570
SIM-TXN-03170,CUST-0325,Rohan Deshmukh,62.83,1749.75,CARD,AUTH_FAILED,2,22.0,STOP,NOT_ATTEMPTED,0.0,2026-08-06 08:35:33.043570
SIM-TXN-03171,CUST-0146,Neha Shah,48.88,1145.28,WALLET,BANK_ERROR,1,60.0,NOTIFY,SUCCESS,1145.28,2026-08-24 02:51:33.043570
SIM-TXN-03172,CUST-0074,Sneha Kulkarni,50.93,3970.3,CARD,BANK_ERROR,1,60.0,NOTIFY,SUCCESS,3970.3,2026-08-30 19:05:33.043570
SIM-TXN-03173,CUST-0404,Sneha Kulkarni,57.13,850.9,NETBANKING,BANK_ERROR,2,40.0,STOP,NOT_ATTEMPTED,0.0,2026-08-20 14:22:33.043570
SIM-TXN-03174,CUST-0077,Aditya More,91.53,4540.64,CARD,INSUFFICIENT_FUNDS,1,43.0,ESCALATE,FAILED,0.0,2026-08-09 10:08:33.043570
SIM-TXN-03175,CUST-0471,Rahul Sharma,62.94,1094.69,CARD,BANK_ERROR,0,70.0,RETRY,SUCCESS,1094.69,2026-08-09 15:47:33.043570
SIM-TXN-03176,CUST-0363,Amit Joshi,58.38,1336.82,UPI,AUTH_FAILED,2,17.0,STOP,NOT_ATTEMPTED,0.0,2026-08-07 21:01:33.043570
SIM-TXN-03177,CUST-0098,Pooja Jadhav,56.35,754.89,CARD,INSUFFICIENT_FUNDS,0,38.0,ESCALATE,FAILED,0.0,2026-08-31 03:38:33.043570
SIM-TXN-03178,CUST-0004,Sneha Kulkarni,49.61,1634.15,UPI,AUTH_FAILED,0,42.0,ESCALATE,SUCCESS,1634.15,2026-08-02 03:49:33.043570
SIM-TXN-03179,CUST-0454,Sneha Kulkarni,73.54,5325.44,CARD,BANK_TIMEOUT,1,78.0,RETRY,SUCCESS,5325.44,2026-08-09 01:53:33.043570
SIM-TXN-03180,CUST-0105,Rohan Deshmukh,90.78,3686.76,WALLET,INSUFFICIENT_FUNDS,1,43.0,ESCALATE,SUCCESS,3686.76,2026-08-09 07:15:33.043570
SIM-TXN-03181,CUST-0393,Amit Joshi,48.78,5338.7,UPI,BANK_ERROR,2,40.0,STOP,NOT_ATTEMPTED,0.0,2026-08-22 13:04:33.043570
SIM-TXN-03182,CUST-0091,Rahul Sharma,46.11,3706.02,NETBANKING,INSUFFICIENT_FUNDS,1,33.0,ESCALATE,FAILED,0.0,2026-08-13 15:19:33.043570
SIM-TXN-03183,CUST-0383,Amit Joshi,66.65,1009.35,NETBANKING,UNKNOWN,1,30.0,ESCALATE,SUCCESS,1009.35,2026-08-08 20:00:33.043570
SIM-TXN-03184,CUST-0442,Priya Patil,96.95,1873.13,UPI,AUTH_FAILED,1,47.0,ESCALATE,SUCCESS,1873.13,2026-08-05 21:31:33.043570
SIM-TXN-03185,CUST-0262,Priya Patil,48.3,1307.46,WALLET,INSUFFICIENT_FUNDS,1,33.0,ESCALATE,FAILED,0.0,2026-08-26 23:51:33.043570
SIM-TXN-03186,CUST-0124,Sneha Kulkarni,53.2,7075.97,WALLET,INSUFFICIENT_FUNDS,0,38.0,ESCALATE,FAILED,0.0,2026-08-10 01:22:33.043570
SIM-TXN-03187,CUST-0368,Pooja Jadhav,95.3,936.89,UPI,BANK_ERROR,2,50.0,STOP,NOT_ATTEMPTED,0.0,2026-08-23 02:59:33.043570
SIM-TXN-03188,CUST-0090,Ananya Kulkarni,56.91,4988.84,CARD,BANK_TIMEOUT,0,78.0,RETRY,SUCCESS,4988.84,2026-08-11 16:17:33.043570
SIM-TXN-03189,CUST-0475,Rohan Deshmukh,78.22,4985.87,CARD,AUTH_FAILED,0,47.0,ESCALATE,SUCCESS,4985.87,2026-08-09 15:25:33.043570
SIM-TXN-03190,CUST-0080,Ananya Kulkarni,85.59,10548.05,CARD,AUTH_FAILED,2,27.0,STOP,NOT_ATTEMPTED,0.0,2026-08-20 12:54:33.043570
SIM-TXN-03191,CUST-0452,Priya Patil,97.94,1758.56,UPI,BANK_TIMEOUT,2,63.0,STOP,NOT_ATTEMPTED,0.0,2026-08-21 05:28:33.043570
SIM-TXN-03192,CUST-0410,Ananya Kulkarni,97.84,4315.02,UPI,BANK_ERROR,2,50.0,STOP,NOT_ATTEMPTED,0.0,2026-08-15 14:08:33.043570
SIM-TXN-03193,CUST-0121,Rahul Sharma,59.06,15143.42,CARD,AUTH_FAILED,0,42.0,ESCALATE,FAILED,0.0,2026-08-16 14:03:33.043570
SIM-TXN-03194,CUST-0335,Rohan Deshmukh,81.6,1489.04,CARD,BANK_ERROR,2,50.0,STOP,NOT_ATTEMPTED,0.0,2026-08-26 08:58:33.043570
SIM-TXN-03195,CUST-0105,Rohan Deshmukh,90.78,714.77,NETBANKING,BANK_ERROR,1,70.0,RETRY,SUCCESS,714.77,2026-08-24 01:11:33.043570
SIM-TXN-03196,CUST-0372,Priya Patil,56.96,542.39,WALLET,AUTH_FAILED,0,42.0,ESCALATE,SUCCESS,542.39,2026-08-19 16:19:33.043570
SIM-TXN-03197,CUST-0149,Kunal Patil,91.6,4316.37,UPI,BANK_TIMEOUT,2,63.0,STOP,NOT_ATTEMPTED,0.0,2026-08-16 22:16:33.043570
SIM-TXN-03198,CUST-0134,Sneha Kulkarni,66.4,541.03,WALLET,INSUFFICIENT_FUNDS,2,18.0,STOP,NOT_ATTEMPTED,0.0,2026-08-07 02:11:33.043570
SIM-TXN-03199,CUST-0093,Amit Joshi,45.38,1811.92,WALLET,UNKNOWN,0,30.0,ESCALATE,SUCCESS,1811.92,2026-08-09 17:22:33.043570
SIM-TXN-03200,CUST-0226,Neha Shah,77.82,3462.86,UPI,BANK_TIMEOUT,1,78.0,RETRY,SUCCESS,3462.86,2026-08-28 21:50:33.043570
SIM-TXN-03201,CUST-0240,Ananya Kulkarni,69.62,2830.31,WALLET,INSUFFICIENT_FUNDS,2,18.0,STOP,NOT_ATTEMPTED,0.0,2026-08-06 21:51:33.043570
SIM-TXN-03202,CUST-0110,Ananya Kulkarni,73.42,3430.14,NETBANKING,BANK_ERROR,0,70.0,RETRY,SUCCESS,3430.14,2026-08-27 04:47:33.043570
SIM-TXN-03203,CUST-0485,Rohan Deshmukh,60.55,2915.6,CARD,UNKNOWN,0,35.0,ESCALATE,SUCCESS,2915.6,2026-08-06 06:36:33.043570
SIM-TXN-03204,CUST-0069,Kunal Patil,77.28,6789.23,WALLET,INSUFFICIENT_FUNDS,2,18.0,STOP,NOT_ATTEMPTED,0.0,2026-08-04 06:15:33.043570
SIM-TXN-03205,CUST-0281,Rahul Sharma,65.09,1139.27,UPI,BANK_TIMEOUT,0,83.0,RETRY,SUCCESS,1139.27,2026-08-27 00:18:33.043570
SIM-TXN-03206,CUST-0251,Rahul Sharma,85.59,1419.99,WALLET,AUTH_FAILED,2,27.0,STOP,NOT_ATTEMPTED,0.0,2026-08-24 16:52:33.043570
SIM-TXN-03207,CUST-0260,Ananya Kulkarni,66.99,1315.37,WALLET,INSUFFICIENT_FUNDS,1,38.0,ESCALATE,FAILED,0.0,2026-08-18 17:30:33.043570
SIM-TXN-03208,CUST-0342,Priya Patil,97.82,4741.71,CARD,AUTH_FAILED,0,52.0,NOTIFY,FAILED,0.0,2026-08-19 17:41:33.043570
SIM-TXN-03209,CUST-0474,Sneha Kulkarni,65.14,5015.65,UPI,BANK_TIMEOUT,0,83.0,RETRY,SUCCESS,5015.65,2026-08-15 12:56:33.043570
SIM-TXN-03210,CUST-0121,Rahul Sharma,59.06,3501.62,UPI,UNKNOWN,2,5.0,STOP,NOT_ATTEMPTED,0.0,2026-08-27 21:45:33.043570
SIM-TXN-03211,CUST-0165,Rohan Deshmukh,45.19,6290.49,UPI,BANK_TIMEOUT,1,73.0,RETRY,SUCCESS,6290.49,2026-08-09 05:00:33.043570
SIM-TXN-03212,CUST-0489,Kunal Patil,54.01,951.05,UPI,BANK_TIMEOUT,0,78.0,RETRY,SUCCESS,951.05,2026-08-31 01:11:33.043570
SIM-TXN-03213,CUST-0296,Neha Shah,85.65,9262.96,NETBANKING,BANK_TIMEOUT,2,63.0,STOP,NOT_ATTEMPTED,0.0,2026-08-02 21:12:33.043570
SIM-TXN-03214,CUST-0048,Pooja Jadhav,67.71,8255.14,WALLET,BANK_ERROR,1,65.0,NOTIFY,SUCCESS,8255.14,2026-08-25 01:31:33.043570
SIM-TXN-03215,CUST-0099,Kunal Patil,83.34,4396.21,CARD,BANK_TIMEOUT,0,88.0,RETRY,SUCCESS,4396.21,2026-08-23 04:26:33.043570
SIM-TXN-03216,CUST-0043,Amit Joshi,56.27,10152.13,WALLET,BANK_TIMEOUT,0,78.0,RETRY,SUCCESS,10152.13,2026-08-07 00:45:33.043570
SIM-TXN-03217,CUST-0075,Rohan Deshmukh,91.57,648.53,CARD,BANK_ERROR,2,50.0,STOP,NOT_ATTEMPTED,0.0,2026-08-08 16:45:33.043570
SIM-TXN-03218,CUST-0060,Ananya Kulkarni,81.13,1604.3,UPI,BANK_TIMEOUT,2,63.0,STOP,NOT_ATTEMPTED,0.0,2026-08-22 17:47:33.043570
SIM-TXN-03219,CUST-0210,Ananya Kulkarni,83.15,1355.27,CARD,BANK_ERROR,0,75.0,RETRY,SUCCESS,1355.27,2026-08-05 20:26:33.043570
SIM-TXN-03220,CUST-0060,Ananya Kulkarni,81.13,4346.75,WALLET,BANK_TIMEOUT,0,88.0,RETRY,SUCCESS,4346.75,2026-08-10 00:20:33.043570
SIM-TXN-03221,CUST-0022,Priya Patil,91.93,1053.51,UPI,BANK_TIMEOUT,1,83.0,RETRY,SUCCESS,1053.51,2026-08-17 09:32:33.043570
SIM-TXN-03222,CUST-0339,Kunal Patil,61.23,4473.81,WALLET,INSUFFICIENT_FUNDS,0,43.0,ESCALATE,SUCCESS,4473.81,2026-08-30 03:25:33.043570
SIM-TXN-03223,CUST-0383,Amit Joshi,66.65,7305.84,UPI,INSUFFICIENT_FUNDS,1,38.0,ESCALATE,FAILED,0.0,2026-08-21 10:13:33.043570
SIM-TXN-03224,CUST-0195,Rohan Deshmukh,66.18,4256.33,UPI,BANK_ERROR,2,45.0,STOP,NOT_ATTEMPTED,0.0,2026-08-09 22:18:33.043570
SIM-TXN-03225,CUST-0234,Sneha Kulkarni,75.51,3062.54,NETBANKING,AUTH_FAILED,2,22.0,STOP,NOT_ATTEMPTED,0.0,2026-08-06 12:09:33.043570
SIM-TXN-03226,CUST-0077,Aditya More,91.53,1107.32,NETBANKING,INSUFFICIENT_FUNDS,0,48.0,ESCALATE,SUCCESS,1107.32,2026-08-14 17:39:33.043570
SIM-TXN-03227,CUST-0012,Priya Patil,82.0,1239.57,WALLET,INSUFFICIENT_FUNDS,2,23.0,STOP,NOT_ATTEMPTED,0.0,2026-08-25 16:12:33.043570
SIM-TXN-03228,CUST-0072,Priya Patil,93.68,6632.22,UPI,UNKNOWN,2,15.0,STOP,NOT_ATTEMPTED,0.0,2026-08-16 15:44:33.043570
SIM-TXN-03229,CUST-0069,Kunal Patil,77.28,4552.72,NETBANKING,BANK_TIMEOUT,1,78.0,RETRY,SUCCESS,4552.72,2026-08-28 16:56:33.043570
SIM-TXN-03230,CUST-0100,Ananya Kulkarni,75.54,2365.59,NETBANKING,INSUFFICIENT_FUNDS,1,38.0,ESCALATE,FAILED,0.0,2026-08-04 19:04:33.043570
SIM-TXN-03231,CUST-0415,Rohan Deshmukh,90.46,1747.03,UPI,INSUFFICIENT_FUNDS,0,48.0,ESCALATE,FAILED,0.0,2026-08-27 16:19:33.043570
SIM-TXN-03232,CUST-0306,Neha Shah,87.69,482.68,WALLET,BANK_ERROR,0,75.0,RETRY,FAILED,0.0,2026-08-12 04:56:33.043570
SIM-TXN-03233,CUST-0497,Aditya More,92.76,1036.2,CARD,BANK_ERROR,1,70.0,RETRY,SUCCESS,1036.2,2026-08-18 03:06:33.043570
SIM-TXN-03234,CUST-0282,Priya Patil,69.1,11261.39,NETBANKING,BANK_ERROR,1,65.0,NOTIFY,SUCCESS,11261.39,2026-08-07 17:19:33.043570
SIM-TXN-03235,CUST-0109,Kunal Patil,58.18,876.24,NETBANKING,INSUFFICIENT_FUNDS,0,38.0,ESCALATE,FAILED,0.0,2026-08-08 21:32:33.043570
SIM-TXN-03236,CUST-0014,Sneha Kulkarni,95.73,2840.07,WALLET,BANK_TIMEOUT,0,88.0,RETRY,SUCCESS,2840.07,2026-08-18 06:10:33.043570
SIM-TXN-03237,CUST-0315,Rohan Deshmukh,54.34,5464.1,CARD,BANK_TIMEOUT,2,53.0,STOP,NOT_ATTEMPTED,0.0,2026-08-24 07:28:33.043570
SIM-TXN-03238,CUST-0143,Amit Joshi,69.23,894.32,UPI,BANK_TIMEOUT,1,78.0,RETRY,SUCCESS,894.32,2026-08-05 16:13:33.043570
SIM-TXN-03239,CUST-0221,Rahul Sharma,69.64,2829.25,UPI,BANK_ERROR,1,65.0,NOTIFY,SUCCESS,2829.25,2026-08-07 13:07:33.043570
SIM-TXN-03240,CUST-0441,Rahul Sharma,67.02,5168.47,UPI,BANK_TIMEOUT,1,78.0,RETRY,SUCCESS,5168.47,2026-08-09 00:11:33.043570
SIM-TXN-03241,CUST-0424,Sneha Kulkarni,69.48,2465.13,UPI,INSUFFICIENT_FUNDS,0,43.0,ESCALATE,FAILED,0.0,2026-08-14 18:45:33.043570
SIM-TXN-03242,CUST-0017,Aditya More,77.0,24214.88,UPI,BANK_TIMEOUT,0,83.0,RETRY,SUCCESS,24214.88,2026-08-20 05:55:33.043570
SIM-TXN-03243,CUST-0490,Ananya Kulkarni,77.3,642.34,WALLET,BANK_ERROR,1,65.0,NOTIFY,SUCCESS,642.34,2026-08-15 19:40:33.043570
SIM-TXN-03244,CUST-0319,Kunal Patil,68.09,5692.94,WALLET,BANK_TIMEOUT,2,58.0,STOP,NOT_ATTEMPTED,0.0,2026-08-17 15:06:33.043570
SIM-TXN-03245,CUST-0191,Rahul Sharma,56.81,2125.49,CARD,BANK_TIMEOUT,0,78.0,RETRY,SUCCESS,2125.49,2026-08-06 15:12:33.043570
SIM-TXN-03246,CUST-0071,Rahul Sharma,73.59,4525.74,NETBANKING,INSUFFICIENT_FUNDS,1,38.0,ESCALATE,FAILED,0.0,2026-08-06 19:43:33.043570
SIM-TXN-03247,CUST-0023,Amit Joshi,75.6,3473.94,UPI,AUTH_FAILED,2,22.0,STOP,NOT_ATTEMPTED,0.0,2026-08-07 08:55:33.043570
SIM-TXN-03248,CUST-0020,Ananya Kulkarni,49.18,1357.6,WALLET,BANK_TIMEOUT,2,53.0,STOP,NOT_ATTEMPTED,0.0,2026-08-12 06:01:33.043570
SIM-TXN-03249,CUST-0052,Priya Patil,85.06,2931.29,NETBANKING,BANK_ERROR,0,75.0,RETRY,SUCCESS,2931.29,2026-08-21 01:52:33.043570
SIM-TXN-03250,CUST-0265,Rohan Deshmukh,90.41,552.07,UPI,BANK_TIMEOUT,2,63.0,STOP,NOT_ATTEMPTED,0.0,2026-08-06 05:23:33.043570
SIM-TXN-03251,CUST-0416,Neha Shah,66.82,3954.45,NETBANKING,INSUFFICIENT_FUNDS,1,38.0,ESCALATE,SUCCESS,3954.45,2026-08-28 18:24:33.043570
SIM-TXN-03252,CUST-0016,Neha Shah,50.13,3098.05,UPI,INSUFFICIENT_FUNDS,1,33.0,ESCALATE,FAILED,0.0,2026-08-22 21:11:33.043570
SIM-TXN-03253,CUST-0044,Sneha Kulkarni,65.97,4068.09,UPI,BANK_TIMEOUT,1,78.0,RETRY,SUCCESS,4068.09,2026-08-13 00:12:33.043570
SIM-TXN-03254,CUST-0028,Pooja Jadhav,78.69,5690.17,CARD,BANK_ERROR,1,65.0,NOTIFY,SUCCESS,5690.17,2026-08-03 23:10:33.043570
SIM-TXN-03255,CUST-0417,Aditya More,60.28,3275.07,NETBANKING,INSUFFICIENT_FUNDS,2,18.0,STOP,NOT_ATTEMPTED,0.0,2026-08-14 07:56:33.043570
SIM-TXN-03256,CUST-0252,Priya Patil,70.68,2747.57,WALLET,BANK_ERROR,0,70.0,RETRY,SUCCESS,2747.57,2026-08-10 17:39:33.043570
SIM-TXN-03257,CUST-0013,Amit Joshi,59.73,1206.1,WALLET,BANK_TIMEOUT,0,78.0,RETRY,SUCCESS,1206.1,2026-08-25 19:49:33.043570
SIM-TXN-03258,CUST-0347,Aditya More,95.4,1380.53,WALLET,BANK_ERROR,2,50.0,STOP,NOT_ATTEMPTED,0.0,2026-08-21 08:04:33.043570
SIM-TXN-03259,CUST-0306,Neha Shah,87.69,6306.83,UPI,BANK_TIMEOUT,0,88.0,RETRY,SUCCESS,6306.83,2026-08-02 00:56:33.043570
SIM-TXN-03260,CUST-0171,Rahul Sharma,73.92,7700.71,CARD,BANK_TIMEOUT,2,58.0,STOP,NOT_ATTEMPTED,0.0,2026-08-20 02:41:33.043570
SIM-TXN-03261,CUST-0081,Rahul Sharma,79.97,2017.29,WALLET,INSUFFICIENT_FUNDS,1,38.0,ESCALATE,FAILED,0.0,2026-08-19 16:54:33.043570
SIM-TXN-03262,CUST-0224,Sneha Kulkarni,79.92,2532.09,UPI,INSUFFICIENT_FUNDS,1,38.0,ESCALATE,FAILED,0.0,2026-08-25 15:59:33.043570
SIM-TXN-03263,CUST-0124,Sneha Kulkarni,53.2,1183.59,WALLET,INSUFFICIENT_FUNDS,0,38.0,ESCALATE,SUCCESS,1183.59,2026-08-13 21:30:33.043570
SIM-TXN-03264,CUST-0207,Aditya More,64.3,6236.69,UPI,BANK_ERROR,1,65.0,NOTIFY,FAILED,0.0,2026-08-30 07:38:33.043570
SIM-TXN-03265,CUST-0302,Priya Patil,66.02,4156.1,UPI,BANK_TIMEOUT,0,83.0,RETRY,SUCCESS,4156.1,2026-08-28 13:46:33.043570
SIM-TXN-03266,CUST-0249,Kunal Patil,68.85,11533.07,UPI,AUTH_FAILED,1,42.0,ESCALATE,SUCCESS,11533.07,2026-08-31 14:30:33.043570
SIM-TXN-03267,CUST-0135,Rohan Deshmukh,58.05,1208.75,UPI,AUTH_FAILED,2,17.0,STOP,NOT_ATTEMPTED,0.0,2026-08-27 09:49:33.043570
SIM-TXN-03268,CUST-0388,Pooja Jadhav,93.97,1803.7,NETBANKING,INSUFFICIENT_FUNDS,2,23.0,STOP,NOT_ATTEMPTED,0.0,2026-08-01 22:16:33.043570
SIM-TXN-03269,CUST-0162,Priya Patil,70.89,2937.04,UPI,BANK_TIMEOUT,1,78.0,RETRY,SUCCESS,2937.04,2026-08-03 17:09:33.043570
SIM-TXN-03270,CUST-0131,Rahul Sharma,49.25,4093.65,UPI,AUTH_FAILED,2,17.0,STOP,NOT_ATTEMPTED,0.0,2026-08-15 08:03:33.043570
SIM-TXN-03271,CUST-0332,Priya Patil,95.25,2053.84,WALLET,INSUFFICIENT_FUNDS,1,43.0,ESCALATE,FAILED,0.0,2026-08-25 20:58:33.043570
SIM-TXN-03272,CUST-0253,Amit Joshi,59.55,1213.95,UPI,AUTH_FAILED,0,42.0,ESCALATE,FAILED,0.0,2026-08-21 18:29:33.043570
SIM-TXN-03273,CUST-0351,Rahul Sharma,76.63,4940.03,WALLET,BANK_TIMEOUT,1,78.0,RETRY,SUCCESS,4940.03,2026-08-15 02:34:33.043570
SIM-TXN-03274,CUST-0053,Amit Joshi,53.1,4345.55,WALLET,BANK_ERROR,0,65.0,NOTIFY,SUCCESS,4345.55,2026-08-23 20:40:33.043570
SIM-TXN-03275,CUST-0147,Aditya More,71.81,1172.6,WALLET,UNKNOWN,1,30.0,ESCALATE,FAILED,0.0,2026-08-13 02:06:33.043570
SIM-TXN-03276,CUST-0120,Ananya Kulkarni,65.09,7218.15,NETBANKING,INSUFFICIENT_FUNDS,1,38.0,ESCALATE,SUCCESS,7218.15,2026-08-25 05:54:33.043570
SIM-TXN-03277,CUST-0343,Amit Joshi,62.53,6223.94,NETBANKING,AUTH_FAILED,2,22.0,STOP,NOT_ATTEMPTED,0.0,2026-08-27 15:52:33.043570
SIM-TXN-03278,CUST-0467,Aditya More,50.28,2717.42,WALLET,BANK_TIMEOUT,0,78.0,RETRY,SUCCESS,2717.42,2026-08-13 19:26:33.043570
SIM-TXN-03279,CUST-0085,Rohan Deshmukh,85.03,2601.07,CARD,UNKNOWN,0,40.0,ESCALATE,SUCCESS,2601.07,2026-08-04 02:39:33.043570
SIM-TXN-03280,CUST-0264,Sneha Kulkarni,95.14,3801.86,CARD,BANK_ERROR,0,75.0,RETRY,SUCCESS,3801.86,2026-08-04 06:57:33.043570
SIM-TXN-03281,CUST-0431,Rahul Sharma,51.44,1224.93,UPI,BANK_TIMEOUT,2,53.0,STOP,NOT_ATTEMPTED,0.0,2026-08-30 08:39:33.043570
SIM-TXN-03282,CUST-0133,Amit Joshi,80.79,2499.95,UPI,BANK_TIMEOUT,0,88.0,RETRY,SUCCESS,2499.95,2026-08-29 18:56:33.043570
SIM-TXN-03283,CUST-0293,Amit Joshi,51.69,436.2,WALLET,AUTH_FAILED,0,42.0,ESCALATE,FAILED,0.0,2026-08-05 14:10:33.043570
SIM-TXN-03284,CUST-0500,Ananya Kulkarni,60.86,4920.5,UPI,BANK_ERROR,2,45.0,STOP,NOT_ATTEMPTED,0.0,2026-08-26 06:03:33.043570
SIM-TXN-03285,CUST-0258,Pooja Jadhav,65.3,699.81,NETBANKING,AUTH_FAILED,2,22.0,STOP,NOT_ATTEMPTED,0.0,2026-08-24 22:04:33.043570
SIM-TXN-03286,CUST-0016,Neha Shah,50.13,8125.28,UPI,INSUFFICIENT_FUNDS,2,13.0,STOP,NOT_ATTEMPTED,0.0,2026-08-19 22:46:33.043570
SIM-TXN-03287,CUST-0458,Pooja Jadhav,75.31,1874.14,CARD,BANK_TIMEOUT,0,83.0,RETRY,SUCCESS,1874.14,2026-08-22 07:53:33.043570
SIM-TXN-03288,CUST-0485,Rohan Deshmukh,60.55,2060.42,NETBANKING,UNKNOWN,2,10.0,STOP,NOT_ATTEMPTED,0.0,2026-08-25 03:27:33.043570
SIM-TXN-03289,CUST-0378,Pooja Jadhav,95.22,1477.07,WALLET,UNKNOWN,2,15.0,STOP,NOT_ATTEMPTED,0.0,2026-08-18 19:15:33.043570
SIM-TXN-03290,CUST-0225,Rohan Deshmukh,72.32,1938.3,CARD,UNKNOWN,0,35.0,ESCALATE,FAILED,0.0,2026-08-13 14:24:33.043570
SIM-TXN-03291,CUST-0277,Aditya More,76.37,7591.81,WALLET,BANK_TIMEOUT,1,78.0,RETRY,SUCCESS,7591.81,2026-08-06 01:18:33.043570
SIM-TXN-03292,CUST-0425,Rohan Deshmukh,54.94,333.54,CARD,INSUFFICIENT_FUNDS,1,33.0,ESCALATE,FAILED,0.0,2026-08-15 10:09:33.043570
SIM-TXN-03293,CUST-0305,Rohan Deshmukh,90.07,6778.91,UPI,BANK_ERROR,0,75.0,RETRY,SUCCESS,6778.91,2026-08-24 12:45:33.043570
SIM-TXN-03294,CUST-0346,Neha Shah,61.72,3198.44,NETBANKING,INSUFFICIENT_FUNDS,0,43.0,ESCALATE,FAILED,0.0,2026-08-21 01:30:33.043570
SIM-TXN-03295,CUST-0287,Aditya More,47.76,929.25,CARD,UNKNOWN,1,25.0,ESCALATE,FAILED,0.0,2026-08-19 15:14:33.043570
SIM-TXN-03296,CUST-0297,Aditya More,77.11,1032.51,WALLET,UNKNOWN,2,10.0,STOP,NOT_ATTEMPTED,0.0,2026-08-30 16:58:33.043570
SIM-TXN-03297,CUST-0026,Neha Shah,90.33,9331.16,NETBANKING,BANK_TIMEOUT,0,88.0,RETRY,SUCCESS,9331.16,2026-08-13 13:28:33.043570
SIM-TXN-03298,CUST-0464,Sneha Kulkarni,51.69,1145.5,WALLET,INSUFFICIENT_FUNDS,0,38.0,ESCALATE,SUCCESS,1145.5,2026-08-03 19:02:33.043570
SIM-TXN-03299,CUST-0254,Sneha Kulkarni,82.82,970.02,CARD,UNKNOWN,0,40.0,ESCALATE,FAILED,0.0,2026-08-26 23:13:33.043570
SIM-TXN-03300,CUST-0286,Neha Shah,69.93,6062.34,WALLET,BANK_TIMEOUT,1,78.0,RETRY,SUCCESS,6062.34,2026-08-22 17:40:33.043570
SIM-TXN-03301,CUST-0298,Pooja Jadhav,86.22,3199.8,WALLET,INSUFFICIENT_FUNDS,0,48.0,ESCALATE,SUCCESS,3199.8,2026-08-03 20:18:33.043570
SIM-TXN-03302,CUST-0454,Sneha Kulkarni,73.54,1152.47,WALLET,AUTH_FAILED,2,22.0,STOP,NOT_ATTEMPTED,0.0,2026-08-30 21:38:33.043570
SIM-TXN-03303,CUST-0145,Rohan Deshmukh,97.92,2902.42,WALLET,INSUFFICIENT_FUNDS,1,43.0,ESCALATE,FAILED,0.0,2026-08-13 20:13:33.043570
SIM-TXN-03304,CUST-0480,Ananya Kulkarni,68.0,1074.27,UPI,AUTH_FAILED,1,42.0,ESCALATE,FAILED,0.0,2026-08-16 00:11:33.043570
SIM-TXN-03305,CUST-0078,Pooja Jadhav,49.54,5887.91,UPI,BANK_TIMEOUT,0,78.0,RETRY,SUCCESS,5887.91,2026-08-06 10:36:33.043570
SIM-TXN-03306,CUST-0198,Pooja Jadhav,54.46,5704.99,NETBANKING,BANK_TIMEOUT,2,53.0,STOP,NOT_ATTEMPTED,0.0,2026-08-12 20:33:33.043570
SIM-TXN-03307,CUST-0423,Amit Joshi,79.86,3735.38,NETBANKING,AUTH_FAILED,2,22.0,STOP,NOT_ATTEMPTED,0.0,2026-08-26 16:07:33.043570
SIM-TXN-03308,CUST-0065,Rohan Deshmukh,96.51,3259.5,CARD,BANK_TIMEOUT,1,83.0,RETRY,SUCCESS,3259.5,2026-08-26 00:49:33.043570
SIM-TXN-03309,CUST-0357,Aditya More,60.48,9986.11,UPI,AUTH_FAILED,1,42.0,ESCALATE,SUCCESS,9986.11,2026-08-13 13:21:33.043570
SIM-TXN-03310,CUST-0203,Amit Joshi,55.07,2439.99,WALLET,BANK_ERROR,2,40.0,STOP,NOT_ATTEMPTED,0.0,2026-08-27 23:50:33.043570
SIM-TXN-03311,CUST-0035,Rohan Deshmukh,59.31,948.14,UPI,BANK_ERROR,0,65.0,NOTIFY,SUCCESS,948.14,2026-08-11 13:12:33.043570
SIM-TXN-03312,CUST-0425,Rohan Deshmukh,54.94,3496.71,CARD,BANK_TIMEOUT,1,73.0,RETRY,SUCCESS,3496.71,2026-08-29 01:59:33.043570
SIM-TXN-03313,CUST-0328,Pooja Jadhav,87.29,12949.83,CARD,INSUFFICIENT_FUNDS,2,23.0,STOP,NOT_ATTEMPTED,0.0,2026-08-20 07:56:33.043570
SIM-TXN-03314,CUST-0056,Neha Shah,65.23,1083.76,WALLET,BANK_TIMEOUT,2,58.0,STOP,NOT_ATTEMPTED,0.0,2026-08-20 08:12:33.043570
SIM-TXN-03315,CUST-0458,Pooja Jadhav,75.31,1827.73,CARD,BANK_TIMEOUT,0,83.0,RETRY,SUCCESS,1827.73,2026-08-13 08:57:33.043570
SIM-TXN-03316,CUST-0165,Rohan Deshmukh,45.19,3405.53,UPI,AUTH_FAILED,1,37.0,ESCALATE,SUCCESS,3405.53,2026-08-02 18:55:33.043570
SIM-TXN-03317,CUST-0466,Neha Shah,91.33,2337.59,NETBANKING,BANK_TIMEOUT,1,83.0,RETRY,SUCCESS,2337.59,2026-08-13 17:20:33.043570
SIM-TXN-03318,CUST-0064,Sneha Kulkarni,95.55,1112.27,WALLET,AUTH_FAILED,1,47.0,ESCALATE,FAILED,0.0,2026-08-10 14:02:33.043570
SIM-TXN-03319,CUST-0357,Aditya More,60.48,5987.84,UPI,BANK_TIMEOUT,2,58.0,STOP,NOT_ATTEMPTED,0.0,2026-08-20 17:46:33.043570
SIM-TXN-03320,CUST-0206,Neha Shah,81.4,15615.71,WALLET,INSUFFICIENT_FUNDS,2,23.0,STOP,NOT_ATTEMPTED,0.0,2026-08-23 19:53:33.043570
SIM-TXN-03321,CUST-0460,Ananya Kulkarni,47.31,2855.22,UPI,UNKNOWN,2,5.0,STOP,NOT_ATTEMPTED,0.0,2026-08-07 13:26:33.043570
SIM-TXN-03322,CUST-0359,Kunal Patil,50.44,1184.11,UPI,BANK_TIMEOUT,2,53.0,STOP,NOT_ATTEMPTED,0.0,2026-08-26 09:55:33.043570
SIM-TXN-03323,CUST-0490,Ananya Kulkarni,77.3,706.86,UPI,UNKNOWN,1,30.0,ESCALATE,FAILED,0.0,2026-08-26 20:58:33.043570
SIM-TXN-03324,CUST-0075,Rohan Deshmukh,91.57,3000.04,UPI,BANK_TIMEOUT,1,83.0,RETRY,SUCCESS,3000.04,2026-08-25 07:38:33.043570
SIM-TXN-03325,CUST-0435,Rohan Deshmukh,66.62,5902.33,CARD,UNKNOWN,1,30.0,ESCALATE,FAILED,0.0,2026-08-19 17:53:33.043570
SIM-TXN-03326,CUST-0321,Rahul Sharma,89.03,3569.33,NETBANKING,BANK_ERROR,2,50.0,STOP,NOT_ATTEMPTED,0.0,2026-08-21 00:06:33.043570
SIM-TXN-03327,CUST-0316,Neha Shah,96.17,2435.91,CARD,AUTH_FAILED,2,27.0,STOP,NOT_ATTEMPTED,0.0,2026-08-28 06:24:33.043570
SIM-TXN-03328,CUST-0203,Amit Joshi,55.07,1523.22,WALLET,INSUFFICIENT_FUNDS,1,33.0,ESCALATE,FAILED,0.0,2026-08-19 03:17:33.043570
SIM-TXN-03329,CUST-0291,Rahul Sharma,55.57,1018.69,UPI,BANK_ERROR,1,60.0,NOTIFY,SUCCESS,1018.69,2026-08-13 16:17:33.043570
SIM-TXN-03330,CUST-0161,Rahul Sharma,90.2,4759.04,UPI,INSUFFICIENT_FUNDS,0,48.0,ESCALATE,SUCCESS,4759.04,2026-08-07 22:10:33.043570
SIM-TXN-03331,CUST-0370,Ananya Kulkarni,74.58,5069.6,CARD,AUTH_FAILED,0,47.0,ESCALATE,FAILED,0.0,2026-08-23 12:48:33.043570
SIM-TXN-03332,CUST-0185,Rohan Deshmukh,87.52,708.69,WALLET,BANK_TIMEOUT,2,63.0,STOP,NOT_ATTEMPTED,0.0,2026-08-03 19:33:33.043570
SIM-TXN-03333,CUST-0180,Ananya Kulkarni,94.07,8706.9,WALLET,BANK_TIMEOUT,0,88.0,RETRY,SUCCESS,8706.9,2026-08-04 14:32:33.043570
SIM-TXN-03334,CUST-0117,Aditya More,53.81,3863.22,WALLET,INSUFFICIENT_FUNDS,0,38.0,ESCALATE,FAILED,0.0,2026-08-13 02:27:33.043570
SIM-TXN-03335,CUST-0211,Rahul Sharma,71.88,7477.66,CARD,UNKNOWN,0,35.0,ESCALATE,FAILED,0.0,2026-08-13 14:51:33.043570
SIM-TXN-03336,CUST-0168,Pooja Jadhav,74.24,834.05,UPI,BANK_ERROR,1,65.0,NOTIFY,SUCCESS,834.05,2026-08-04 00:39:33.043570
SIM-TXN-03337,CUST-0013,Amit Joshi,59.73,818.39,NETBANKING,AUTH_FAILED,0,42.0,ESCALATE,SUCCESS,818.39,2026-08-28 04:52:33.043570
SIM-TXN-03338,CUST-0129,Kunal Patil,70.27,2166.41,NETBANKING,BANK_TIMEOUT,1,78.0,RETRY,FAILED,0.0,2026-08-14 06:13:33.043570
SIM-TXN-03339,CUST-0403,Amit Joshi,58.27,3649.07,WALLET,UNKNOWN,1,25.0,ESCALATE,FAILED,0.0,2026-08-04 01:34:33.043570
SIM-TXN-03340,CUST-0168,Pooja Jadhav,74.24,10271.09,NETBANKING,INSUFFICIENT_FUNDS,0,43.0,ESCALATE,SUCCESS,10271.09,2026-08-15 22:22:33.043570
SIM-TXN-03341,CUST-0162,Priya Patil,70.89,4293.52,NETBANKING,BANK_ERROR,1,65.0,NOTIFY,FAILED,0.0,2026-08-17 06:14:33.043570
SIM-TXN-03342,CUST-0276,Neha Shah,73.31,2009.93,WALLET,UNKNOWN,1,30.0,ESCALATE,FAILED,0.0,2026-08-11 20:03:33.043570
SIM-TXN-03343,CUST-0099,Kunal Patil,83.34,1073.74,UPI,INSUFFICIENT_FUNDS,1,43.0,ESCALATE,SUCCESS,1073.74,2026-08-18 14:35:33.043570
SIM-TXN-03344,CUST-0133,Amit Joshi,80.79,6528.94,WALLET,INSUFFICIENT_FUNDS,0,48.0,ESCALATE,FAILED,0.0,2026-08-10 04:17:33.043570
SIM-TXN-03345,CUST-0395,Rohan Deshmukh,84.69,1128.04,NETBANKING,BANK_ERROR,0,75.0,RETRY,SUCCESS,1128.04,2026-08-30 13:57:33.043570
SIM-TXN-03346,CUST-0172,Priya Patil,75.87,8980.18,NETBANKING,AUTH_FAILED,0,47.0,ESCALATE,FAILED,0.0,2026-08-02 04:58:33.043570
SIM-TXN-03347,CUST-0356,Neha Shah,96.64,1943.98,WALLET,UNKNOWN,0,40.0,ESCALATE,FAILED,0.0,2026-08-07 04:18:33.043570
SIM-TXN-03348,CUST-0090,Ananya Kulkarni,56.91,8712.08,CARD,BANK_TIMEOUT,1,73.0,RETRY,SUCCESS,8712.08,2026-08-23 13:28:33.043570
SIM-TXN-03349,CUST-0356,Neha Shah,96.64,4201.28,NETBANKING,AUTH_FAILED,1,47.0,ESCALATE,SUCCESS,4201.28,2026-08-16 04:07:33.043570
SIM-TXN-03350,CUST-0314,Sneha Kulkarni,82.49,2187.26,UPI,BANK_TIMEOUT,0,88.0,RETRY,SUCCESS,2187.26,2026-08-14 13:49:33.043570
SIM-TXN-03351,CUST-0364,Sneha Kulkarni,51.05,1610.79,UPI,UNKNOWN,1,25.0,ESCALATE,FAILED,0.0,2026-08-24 16:46:33.043570
SIM-TXN-03352,CUST-0418,Pooja Jadhav,88.12,1858.03,WALLET,UNKNOWN,0,40.0,ESCALATE,SUCCESS,1858.03,2026-08-26 05:21:33.043570
SIM-TXN-03353,CUST-0008,Pooja Jadhav,55.54,3438.03,WALLET,BANK_TIMEOUT,1,73.0,RETRY,SUCCESS,3438.03,2026-08-27 05:21:33.043570
SIM-TXN-03354,CUST-0066,Neha Shah,71.91,2596.0,UPI,BANK_TIMEOUT,0,83.0,RETRY,SUCCESS,2596.0,2026-08-18 02:23:33.043570
SIM-TXN-03355,CUST-0228,Pooja Jadhav,80.66,1517.7,UPI,UNKNOWN,1,35.0,ESCALATE,FAILED,0.0,2026-08-20 09:12:33.043570
SIM-TXN-03356,CUST-0406,Neha Shah,97.98,2137.72,CARD,BANK_TIMEOUT,2,63.0,STOP,NOT_ATTEMPTED,0.0,2026-08-21 03:10:33.043570
SIM-TXN-03357,CUST-0039,Kunal Patil,87.67,2598.95,UPI,BANK_TIMEOUT,0,88.0,RETRY,SUCCESS,2598.95,2026-08-25 20:30:33.043570
SIM-TXN-03358,CUST-0129,Kunal Patil,70.27,444.53,WALLET,BANK_TIMEOUT,1,78.0,RETRY,SUCCESS,444.53,2026-08-17 12:35:33.043570
SIM-TXN-03359,CUST-0357,Aditya More,60.48,3521.12,WALLET,AUTH_FAILED,2,22.0,STOP,NOT_ATTEMPTED,0.0,2026-08-03 23:29:33.043570
SIM-TXN-03360,CUST-0237,Aditya More,92.31,1114.57,CARD,AUTH_FAILED,1,47.0,ESCALATE,FAILED,0.0,2026-08-25 04:27:33.043570
SIM-TXN-03361,CUST-0090,Ananya Kulkarni,56.91,970.04,UPI,BANK_ERROR,2,40.0,STOP,NOT_ATTEMPTED,0.0,2026-08-27 03:53:33.043570
SIM-TXN-03362,CUST-0356,Neha Shah,96.64,632.78,NETBANKING,INSUFFICIENT_FUNDS,1,43.0,ESCALATE,SUCCESS,632.78,2026-08-14 00:04:33.043570
SIM-TXN-03363,CUST-0025,Rohan Deshmukh,85.97,581.08,WALLET,BANK_TIMEOUT,1,83.0,RETRY,SUCCESS,581.08,2026-08-18 12:17:33.043570
SIM-TXN-03364,CUST-0147,Aditya More,71.81,825.21,NETBANKING,AUTH_FAILED,2,22.0,STOP,NOT_ATTEMPTED,0.0,2026-08-08 10:02:33.043570
SIM-TXN-03365,CUST-0446,Neha Shah,90.79,1384.07,UPI,BANK_TIMEOUT,0,88.0,RETRY,SUCCESS,1384.07,2026-08-10 14:22:33.043570
SIM-TXN-03366,CUST-0079,Kunal Patil,88.25,11644.71,WALLET,UNKNOWN,1,35.0,ESCALATE,FAILED,0.0,2026-08-29 18:28:33.043570
SIM-TXN-03367,CUST-0392,Priya Patil,93.15,1602.46,WALLET,INSUFFICIENT_FUNDS,2,23.0,STOP,NOT_ATTEMPTED,0.0,2026-08-30 01:02:33.043570
SIM-TXN-03368,CUST-0376,Neha Shah,75.14,2813.54,UPI,INSUFFICIENT_FUNDS,1,38.0,ESCALATE,FAILED,0.0,2026-08-19 21:50:33.043570
SIM-TXN-03369,CUST-0392,Priya Patil,93.15,3362.32,NETBANKING,BANK_TIMEOUT,2,63.0,STOP,NOT_ATTEMPTED,0.0,2026-08-30 23:40:33.043570
SIM-TXN-03370,CUST-0348,Pooja Jadhav,55.15,2710.4,WALLET,INSUFFICIENT_FUNDS,0,38.0,ESCALATE,SUCCESS,2710.4,2026-08-27 01:16:33.043570
SIM-TXN-03371,CUST-0276,Neha Shah,73.31,2293.98,CARD,BANK_ERROR,0,70.0,RETRY,FAILED,0.0,2026-08-17 21:13:33.043570
SIM-TXN-03372,CUST-0366,Neha Shah,75.58,938.01,UPI,BANK_TIMEOUT,0,83.0,RETRY,SUCCESS,938.01,2026-08-19 09:42:33.043570
SIM-TXN-03373,CUST-0493,Amit Joshi,52.59,7791.14,UPI,BANK_TIMEOUT,1,73.0,RETRY,SUCCESS,7791.14,2026-08-30 16:55:33.043570
SIM-TXN-03374,CUST-0100,Ananya Kulkarni,75.54,10360.52,CARD,BANK_TIMEOUT,1,78.0,RETRY,SUCCESS,10360.52,2026-08-24 16:25:33.043570
SIM-TXN-03375,CUST-0425,Rohan Deshmukh,54.94,635.16,CARD,BANK_TIMEOUT,1,73.0,RETRY,SUCCESS,635.16,2026-08-15 16:44:33.043570
SIM-TXN-03376,CUST-0007,Aditya More,76.91,1075.75,UPI,BANK_TIMEOUT,2,58.0,STOP,NOT_ATTEMPTED,0.0,2026-08-04 22:28:33.043570
SIM-TXN-03377,CUST-0367,Aditya More,53.04,1951.11,WALLET,INSUFFICIENT_FUNDS,1,33.0,ESCALATE,FAILED,0.0,2026-08-25 04:35:33.043570
SIM-TXN-03378,CUST-0464,Sneha Kulkarni,51.69,1128.19,WALLET,BANK_TIMEOUT,1,73.0,RETRY,FAILED,0.0,2026-08-14 11:32:33.043570
SIM-TXN-03379,CUST-0131,Rahul Sharma,49.25,3658.37,NETBANKING,BANK_TIMEOUT,1,73.0,RETRY,SUCCESS,3658.37,2026-08-04 05:23:33.043570
SIM-TXN-03380,CUST-0423,Amit Joshi,79.86,1362.92,NETBANKING,AUTH_FAILED,2,22.0,STOP,NOT_ATTEMPTED,0.0,2026-08-04 19:00:33.043570
SIM-TXN-03381,CUST-0244,Sneha Kulkarni,76.56,13794.77,CARD,AUTH_FAILED,1,42.0,ESCALATE,FAILED,0.0,2026-08-26 22:24:33.043570
SIM-TXN-03382,CUST-0055,Rohan Deshmukh,76.61,6326.1,NETBANKING,BANK_TIMEOUT,0,83.0,RETRY,SUCCESS,6326.1,2026-08-07 09:40:33.043570
SIM-TXN-03383,CUST-0076,Neha Shah,57.69,2893.03,NETBANKING,AUTH_FAILED,2,17.0,STOP,NOT_ATTEMPTED,0.0,2026-08-19 08:34:33.043570
SIM-TXN-03384,CUST-0412,Priya Patil,96.36,5550.2,WALLET,AUTH_FAILED,2,27.0,STOP,NOT_ATTEMPTED,0.0,2026-08-25 19:20:33.043570
SIM-TXN-03385,CUST-0264,Sneha Kulkarni,95.14,5911.89,UPI,INSUFFICIENT_FUNDS,1,43.0,ESCALATE,FAILED,0.0,2026-08-16 02:29:33.043570
SIM-TXN-03386,CUST-0247,Aditya More,68.63,1554.4,CARD,AUTH_FAILED,1,42.0,ESCALATE,SUCCESS,1554.4,2026-08-22 05:50:33.043570
SIM-TXN-03387,CUST-0349,Kunal Patil,59.65,1270.32,WALLET,BANK_TIMEOUT,0,78.0,RETRY,SUCCESS,1270.32,2026-08-05 20:46:33.043570
SIM-TXN-03388,CUST-0442,Priya Patil,96.95,2598.04,WALLET,INSUFFICIENT_FUNDS,2,23.0,STOP,NOT_ATTEMPTED,0.0,2026-08-13 06:54:33.043570
SIM-TXN-03389,CUST-0090,Ananya Kulkarni,56.91,4862.5,CARD,BANK_TIMEOUT,2,53.0,STOP,NOT_ATTEMPTED,0.0,2026-08-31 07:31:33.043570
SIM-TXN-03390,CUST-0116,Neha Shah,94.1,2727.79,CARD,AUTH_FAILED,2,27.0,STOP,NOT_ATTEMPTED,0.0,2026-08-12 12:09:33.043570
SIM-TXN-03391,CUST-0122,Priya Patil,60.12,691.18,UPI,AUTH_FAILED,0,47.0,ESCALATE,FAILED,0.0,2026-08-31 04:38:33.043570
SIM-TXN-03392,CUST-0338,Pooja Jadhav,66.43,1284.01,UPI,AUTH_FAILED,1,42.0,ESCALATE,FAILED,0.0,2026-08-08 22:34:33.043570
SIM-TXN-03393,CUST-0484,Sneha Kulkarni,62.19,2300.36,CARD,UNKNOWN,0,35.0,ESCALATE,FAILED,0.0,2026-08-25 05:08:33.043570
SIM-TXN-03394,CUST-0474,Sneha Kulkarni,65.14,2297.25,CARD,BANK_TIMEOUT,0,83.0,RETRY,SUCCESS,2297.25,2026-08-03 19:52:33.043570
SIM-TXN-03395,CUST-0418,Pooja Jadhav,88.12,11825.74,CARD,BANK_TIMEOUT,0,88.0,RETRY,SUCCESS,11825.74,2026-08-01 21:16:33.043570
SIM-TXN-03396,CUST-0009,Kunal Patil,67.23,805.3,WALLET,BANK_TIMEOUT,1,78.0,RETRY,SUCCESS,805.3,2026-08-07 00:09:33.043570
SIM-TXN-03397,CUST-0024,Sneha Kulkarni,47.43,3657.27,WALLET,UNKNOWN,2,5.0,STOP,NOT_ATTEMPTED,0.0,2026-08-19 08:50:33.043570
SIM-TXN-03398,CUST-0063,Amit Joshi,53.38,8032.82,UPI,BANK_TIMEOUT,1,73.0,RETRY,SUCCESS,8032.82,2026-08-19 06:05:33.043570
SIM-TXN-03399,CUST-0408,Pooja Jadhav,69.94,15020.33,UPI,BANK_TIMEOUT,2,58.0,STOP,NOT_ATTEMPTED,0.0,2026-08-12 11:54:33.043570
SIM-TXN-03400,CUST-0460,Ananya Kulkarni,47.31,1766.02,NETBANKING,AUTH_FAILED,2,17.0,STOP,NOT_ATTEMPTED,0.0,2026-08-12 21:26:33.043570
SIM-TXN-03401,CUST-0329,Kunal Patil,59.82,3616.07,UPI,UNKNOWN,1,25.0,ESCALATE,SUCCESS,3616.07,2026-08-26 20:04:33.043570
SIM-TXN-03402,CUST-0329,Kunal Patil,59.82,3849.92,NETBANKING,BANK_TIMEOUT,1,73.0,RETRY,SUCCESS,3849.92,2026-08-28 13:59:33.043570
SIM-TXN-03403,CUST-0162,Priya Patil,70.89,2853.74,UPI,INSUFFICIENT_FUNDS,0,43.0,ESCALATE,SUCCESS,2853.74,2026-08-02 13:25:33.043570
SIM-TXN-03404,CUST-0235,Rohan Deshmukh,71.2,2255.04,WALLET,INSUFFICIENT_FUNDS,0,43.0,ESCALATE,SUCCESS,2255.04,2026-08-14 11:39:33.043570
SIM-TXN-03405,CUST-0484,Sneha Kulkarni,62.19,3459.16,WALLET,BANK_ERROR,1,65.0,NOTIFY,FAILED,0.0,2026-08-16 20:57:33.043570
SIM-TXN-03406,CUST-0011,Rahul Sharma,85.22,321.89,UPI,UNKNOWN,1,35.0,ESCALATE,FAILED,0.0,2026-08-19 12:52:33.043570
SIM-TXN-03407,CUST-0217,Aditya More,66.52,4211.84,UPI,BANK_TIMEOUT,0,83.0,RETRY,FAILED,0.0,2026-08-19 16:12:33.043570
SIM-TXN-03408,CUST-0470,Ananya Kulkarni,48.97,2699.83,UPI,BANK_ERROR,2,40.0,STOP,NOT_ATTEMPTED,0.0,2026-08-05 21:35:33.043570
SIM-TXN-03409,CUST-0361,Rahul Sharma,70.37,2042.68,CARD,INSUFFICIENT_FUNDS,1,38.0,ESCALATE,SUCCESS,2042.68,2026-08-22 03:13:33.043570
SIM-TXN-03410,CUST-0278,Pooja Jadhav,49.45,12550.17,WALLET,BANK_ERROR,2,40.0,STOP,NOT_ATTEMPTED,0.0,2026-08-28 17:01:33.043570
SIM-TXN-03411,CUST-0138,Pooja Jadhav,74.96,1422.33,WALLET,INSUFFICIENT_FUNDS,0,43.0,ESCALATE,FAILED,0.0,2026-08-02 11:23:33.043570
SIM-TXN-03412,CUST-0189,Kunal Patil,55.58,1767.89,CARD,INSUFFICIENT_FUNDS,1,33.0,ESCALATE,FAILED,0.0,2026-08-10 23:56:33.043570
SIM-TXN-03413,CUST-0151,Rahul Sharma,89.19,12006.97,WALLET,AUTH_FAILED,2,27.0,STOP,NOT_ATTEMPTED,0.0,2026-08-27 14:47:33.043570
SIM-TXN-03414,CUST-0290,Ananya Kulkarni,84.97,1254.32,CARD,AUTH_FAILED,1,47.0,ESCALATE,FAILED,0.0,2026-08-02 11:48:33.043570
SIM-TXN-03415,CUST-0271,Rahul Sharma,70.88,1571.69,WALLET,BANK_TIMEOUT,2,58.0,STOP,NOT_ATTEMPTED,0.0,2026-08-27 01:38:33.043570
SIM-TXN-03416,CUST-0267,Aditya More,94.97,2169.78,UPI,UNKNOWN,1,35.0,ESCALATE,FAILED,0.0,2026-08-30 22:56:33.043570
SIM-TXN-03417,CUST-0249,Kunal Patil,68.85,4781.87,UPI,INSUFFICIENT_FUNDS,1,38.0,ESCALATE,SUCCESS,4781.87,2026-08-28 16:53:33.043570
SIM-TXN-03418,CUST-0220,Ananya Kulkarni,77.15,2882.01,WALLET,BANK_TIMEOUT,0,83.0,RETRY,SUCCESS,2882.01,2026-08-18 22:48:33.043570
SIM-TXN-03419,CUST-0012,Priya Patil,82.0,867.75,CARD,INSUFFICIENT_FUNDS,0,48.0,ESCALATE,SUCCESS,867.75,2026-08-05 17:58:33.043570
SIM-TXN-03420,CUST-0068,Pooja Jadhav,89.61,1594.42,NETBANKING,BANK_ERROR,1,70.0,RETRY,FAILED,0.0,2026-08-30 12:15:33.043570
SIM-TXN-03421,CUST-0268,Pooja Jadhav,84.93,1501.34,CARD,AUTH_FAILED,1,47.0,ESCALATE,SUCCESS,1501.34,2026-08-05 08:53:33.043570
SIM-TXN-03422,CUST-0284,Sneha Kulkarni,59.75,2294.39,NETBANKING,INSUFFICIENT_FUNDS,0,38.0,ESCALATE,FAILED,0.0,2026-08-22 18:29:33.043570
SIM-TXN-03423,CUST-0185,Rohan Deshmukh,87.52,3431.23,NETBANKING,BANK_ERROR,0,75.0,RETRY,SUCCESS,3431.23,2026-08-22 14:02:33.043570
SIM-TXN-03424,CUST-0149,Kunal Patil,91.6,3410.33,CARD,INSUFFICIENT_FUNDS,1,43.0,ESCALATE,SUCCESS,3410.33,2026-08-29 04:38:33.043570
SIM-TXN-03425,CUST-0095,Rohan Deshmukh,92.99,589.45,UPI,INSUFFICIENT_FUNDS,2,23.0,STOP,NOT_ATTEMPTED,0.0,2026-08-31 03:27:33.043570
SIM-TXN-03426,CUST-0283,Amit Joshi,85.35,5716.73,UPI,BANK_TIMEOUT,2,63.0,STOP,NOT_ATTEMPTED,0.0,2026-08-28 17:49:33.043570
SIM-TXN-03427,CUST-0207,Aditya More,64.3,2987.09,WALLET,UNKNOWN,1,30.0,ESCALATE,SUCCESS,2987.09,2026-08-08 04:52:33.043570
SIM-TXN-03428,CUST-0309,Kunal Patil,48.65,7388.1,NETBANKING,UNKNOWN,2,5.0,STOP,NOT_ATTEMPTED,0.0,2026-08-28 12:49:33.043570
SIM-TXN-03429,CUST-0039,Kunal Patil,87.67,3481.99,NETBANKING,BANK_ERROR,2,50.0,STOP,NOT_ATTEMPTED,0.0,2026-08-18 11:13:33.043570
SIM-TXN-03430,CUST-0137,Aditya More,67.22,5890.28,UPI,UNKNOWN,2,10.0,STOP,NOT_ATTEMPTED,0.0,2026-08-17 13:33:33.043570
SIM-TXN-03431,CUST-0349,Kunal Patil,59.65,3544.8,WALLET,BANK_TIMEOUT,0,78.0,RETRY,SUCCESS,3544.8,2026-08-24 19:25:33.043570
SIM-TXN-03432,CUST-0065,Rohan Deshmukh,96.51,7165.12,CARD,BANK_TIMEOUT,0,88.0,RETRY,SUCCESS,7165.12,2026-08-18 12:00:33.043570
SIM-TXN-03433,CUST-0255,Rohan Deshmukh,59.4,3706.34,UPI,INSUFFICIENT_FUNDS,2,13.0,STOP,NOT_ATTEMPTED,0.0,2026-08-04 01:20:33.043570
SIM-TXN-03434,CUST-0033,Amit Joshi,73.31,2256.72,CARD,AUTH_FAILED,2,22.0,STOP,NOT_ATTEMPTED,0.0,2026-08-17 08:42:33.043570
SIM-TXN-03435,CUST-0210,Ananya Kulkarni,83.15,15032.17,UPI,BANK_TIMEOUT,1,83.0,RETRY,SUCCESS,15032.17,2026-08-07 23:31:33.043570
SIM-TXN-03436,CUST-0143,Amit Joshi,69.23,4970.27,WALLET,INSUFFICIENT_FUNDS,0,43.0,ESCALATE,FAILED,0.0,2026-08-27 06:37:33.043570
SIM-TXN-03437,CUST-0313,Amit Joshi,78.69,3862.21,NETBANKING,BANK_ERROR,0,70.0,RETRY,SUCCESS,3862.21,2026-08-23 21:14:33.043570
SIM-TXN-03438,CUST-0267,Aditya More,94.97,879.15,CARD,AUTH_FAILED,0,52.0,NOTIFY,FAILED,0.0,2026-08-22 09:21:33.043570
SIM-TXN-03439,CUST-0124,Sneha Kulkarni,53.2,870.75,WALLET,BANK_TIMEOUT,0,78.0,RETRY,SUCCESS,870.75,2026-08-26 11:14:33.043570
SIM-TXN-03440,CUST-0474,Sneha Kulkarni,65.14,3084.58,NETBANKING,UNKNOWN,0,35.0,ESCALATE,FAILED,0.0,2026-08-04 11:19:33.043570
SIM-TXN-03441,CUST-0403,Amit Joshi,58.27,2741.93,UPI,BANK_ERROR,0,65.0,NOTIFY,SUCCESS,2741.93,2026-08-18 17:04:33.043570
SIM-TXN-03442,CUST-0500,Ananya Kulkarni,60.86,1493.24,CARD,BANK_TIMEOUT,1,78.0,RETRY,FAILED,0.0,2026-08-06 18:15:33.043570
SIM-TXN-03443,CUST-0418,Pooja Jadhav,88.12,2731.99,NETBANKING,AUTH_FAILED,0,52.0,NOTIFY,SUCCESS,2731.99,2026-08-03 18:36:33.043570
SIM-TXN-03444,CUST-0381,Rahul Sharma,57.71,8698.46,WALLET,BANK_ERROR,0,65.0,NOTIFY,FAILED,0.0,2026-08-07 23:41:33.043570
SIM-TXN-03445,CUST-0103,Amit Joshi,79.93,4257.01,WALLET,BANK_TIMEOUT,0,83.0,RETRY,SUCCESS,4257.01,2026-08-28 19:23:33.043570
SIM-TXN-03446,CUST-0161,Rahul Sharma,90.2,979.65,UPI,INSUFFICIENT_FUNDS,1,43.0,ESCALATE,SUCCESS,979.65,2026-08-31 12:55:33.043570
SIM-TXN-03447,CUST-0045,Rohan Deshmukh,52.57,2232.31,NETBANKING,INSUFFICIENT_FUNDS,2,13.0,STOP,NOT_ATTEMPTED,0.0,2026-08-16 16:23:33.043570
SIM-TXN-03448,CUST-0358,Pooja Jadhav,78.81,1281.81,CARD,BANK_TIMEOUT,2,58.0,STOP,NOT_ATTEMPTED,0.0,2026-08-25 13:01:33.043570
SIM-TXN-03449,CUST-0240,Ananya Kulkarni,69.62,1789.77,CARD,BANK_ERROR,1,65.0,NOTIFY,SUCCESS,1789.77,2026-08-28 21:03:33.043570
SIM-TXN-03450,CUST-0132,Priya Patil,48.63,1753.04,WALLET,BANK_TIMEOUT,0,78.0,RETRY,SUCCESS,1753.04,2026-08-05 19:11:33.043570
SIM-TXN-03451,CUST-0492,Priya Patil,71.38,1665.5,CARD,AUTH_FAILED,1,42.0,ESCALATE,SUCCESS,1665.5,2026-08-15 22:30:33.043570
SIM-TXN-03452,CUST-0416,Neha Shah,66.82,894.17,CARD,AUTH_FAILED,2,22.0,STOP,NOT_ATTEMPTED,0.0,2026-08-05 00:12:33.043570
SIM-TXN-03453,CUST-0019,Kunal Patil,51.62,2203.66,UPI,BANK_TIMEOUT,0,78.0,RETRY,SUCCESS,2203.66,2026-08-27 08:15:33.043570
SIM-TXN-03454,CUST-0340,Ananya Kulkarni,64.56,1558.55,CARD,AUTH_FAILED,2,22.0,STOP,NOT_ATTEMPTED,0.0,2026-08-10 03:02:33.043570
SIM-TXN-03455,CUST-0036,Neha Shah,81.47,234.26,NETBANKING,BANK_ERROR,0,75.0,RETRY,FAILED,0.0,2026-08-18 04:07:33.043570
SIM-TXN-03456,CUST-0225,Rohan Deshmukh,72.32,12611.67,CARD,BANK_TIMEOUT,1,78.0,RETRY,FAILED,0.0,2026-08-08 16:19:33.043570
SIM-TXN-03457,CUST-0216,Neha Shah,77.62,5831.42,WALLET,AUTH_FAILED,1,42.0,ESCALATE,FAILED,0.0,2026-08-21 14:33:33.043570
SIM-TXN-03458,CUST-0020,Ananya Kulkarni,49.18,1806.16,WALLET,INSUFFICIENT_FUNDS,0,38.0,ESCALATE,FAILED,0.0,2026-08-11 18:12:33.043570
SIM-TXN-03459,CUST-0368,Pooja Jadhav,95.3,2477.62,NETBANKING,UNKNOWN,2,15.0,STOP,NOT_ATTEMPTED,0.0,2026-08-24 16:47:33.043570
SIM-TXN-03460,CUST-0100,Ananya Kulkarni,75.54,955.92,CARD,AUTH_FAILED,1,42.0,ESCALATE,FAILED,0.0,2026-08-19 04:53:33.043570
SIM-TXN-03461,CUST-0472,Priya Patil,79.44,9476.58,NETBANKING,UNKNOWN,1,30.0,ESCALATE,FAILED,0.0,2026-08-26 09:00:33.043570
SIM-TXN-03462,CUST-0025,Rohan Deshmukh,85.97,11134.8,UPI,BANK_ERROR,1,70.0,RETRY,FAILED,0.0,2026-08-14 09:11:33.043570
SIM-TXN-03463,CUST-0361,Rahul Sharma,70.37,2766.55,NETBANKING,BANK_TIMEOUT,1,78.0,RETRY,SUCCESS,2766.55,2026-08-17 19:55:33.043570
SIM-TXN-03464,CUST-0041,Rahul Sharma,93.4,5534.88,WALLET,BANK_ERROR,0,75.0,RETRY,SUCCESS,5534.88,2026-08-10 02:36:33.043570
SIM-TXN-03465,CUST-0374,Sneha Kulkarni,60.76,2808.0,UPI,INSUFFICIENT_FUNDS,2,18.0,STOP,NOT_ATTEMPTED,0.0,2026-08-16 23:01:33.043570
SIM-TXN-03466,CUST-0462,Priya Patil,65.46,837.67,UPI,INSUFFICIENT_FUNDS,0,43.0,ESCALATE,FAILED,0.0,2026-08-15 20:59:33.043570
SIM-TXN-03467,CUST-0375,Rohan Deshmukh,97.47,1755.56,UPI,BANK_TIMEOUT,0,88.0,RETRY,SUCCESS,1755.56,2026-08-05 13:59:33.043570
SIM-TXN-03468,CUST-0052,Priya Patil,85.06,2712.27,WALLET,BANK_ERROR,0,75.0,RETRY,SUCCESS,2712.27,2026-08-02 15:49:33.043570
SIM-TXN-03469,CUST-0073,Amit Joshi,62.18,1696.57,NETBANKING,BANK_ERROR,2,45.0,STOP,NOT_ATTEMPTED,0.0,2026-08-22 01:13:33.043570
SIM-TXN-03470,CUST-0350,Ananya Kulkarni,96.76,2048.94,CARD,BANK_ERROR,0,75.0,RETRY,SUCCESS,2048.94,2026-08-20 06:33:33.043570
SIM-TXN-03471,CUST-0368,Pooja Jadhav,95.3,2268.51,CARD,AUTH_FAILED,1,47.0,ESCALATE,FAILED,0.0,2026-08-13 23:44:33.043570
SIM-TXN-03472,CUST-0358,Pooja Jadhav,78.81,2287.69,CARD,UNKNOWN,0,35.0,ESCALATE,FAILED,0.0,2026-08-07 22:40:33.043570
SIM-TXN-03473,CUST-0094,Sneha Kulkarni,48.12,2544.8,NETBANKING,BANK_ERROR,2,40.0,STOP,NOT_ATTEMPTED,0.0,2026-08-18 01:16:33.043570
SIM-TXN-03474,CUST-0447,Aditya More,85.95,1044.73,UPI,UNKNOWN,0,40.0,ESCALATE,FAILED,0.0,2026-08-04 02:25:33.043570
SIM-TXN-03475,CUST-0041,Rahul Sharma,93.4,1375.24,NETBANKING,BANK_ERROR,0,75.0,RETRY,FAILED,0.0,2026-08-10 02:57:33.043570
SIM-TXN-03476,CUST-0465,Rohan Deshmukh,62.6,873.35,NETBANKING,INSUFFICIENT_FUNDS,1,38.0,ESCALATE,FAILED,0.0,2026-08-29 21:35:33.043570
SIM-TXN-03477,CUST-0174,Sneha Kulkarni,61.34,5336.11,NETBANKING,BANK_TIMEOUT,0,83.0,RETRY,FAILED,0.0,2026-08-24 04:42:33.043570
SIM-TXN-03478,CUST-0052,Priya Patil,85.06,452.81,CARD,INSUFFICIENT_FUNDS,0,48.0,ESCALATE,FAILED,0.0,2026-08-26 20:31:33.043570
SIM-TXN-03479,CUST-0026,Neha Shah,90.33,6141.79,NETBANKING,UNKNOWN,2,15.0,STOP,NOT_ATTEMPTED,0.0,2026-08-03 01:36:33.043570
SIM-TXN-03480,CUST-0468,Pooja Jadhav,45.81,7398.85,UPI,BANK_TIMEOUT,0,78.0,RETRY,SUCCESS,7398.85,2026-08-19 15:52:33.043570
SIM-TXN-03481,CUST-0148,Pooja Jadhav,94.46,1916.5,CARD,UNKNOWN,1,35.0,ESCALATE,FAILED,0.0,2026-08-02 08:17:33.043570
SIM-TXN-03482,CUST-0105,Rohan Deshmukh,90.78,304.14,UPI,INSUFFICIENT_FUNDS,0,48.0,ESCALATE,SUCCESS,304.14,2026-08-07 12:39:33.043570
SIM-TXN-03483,CUST-0481,Rahul Sharma,85.3,1827.95,CARD,BANK_TIMEOUT,1,83.0,RETRY,SUCCESS,1827.95,2026-08-29 14:58:33.043570
SIM-TXN-03484,CUST-0358,Pooja Jadhav,78.81,2318.45,NETBANKING,UNKNOWN,0,35.0,ESCALATE,SUCCESS,2318.45,2026-08-15 10:31:33.043570
SIM-TXN-03485,CUST-0321,Rahul Sharma,89.03,1087.37,UPI,AUTH_FAILED,0,52.0,NOTIFY,FAILED,0.0,2026-08-17 02:51:33.043570
SIM-TXN-03486,CUST-0451,Rahul Sharma,89.39,1616.19,CARD,AUTH_FAILED,2,27.0,STOP,NOT_ATTEMPTED,0.0,2026-08-18 03:16:33.043570
SIM-TXN-03487,CUST-0178,Pooja Jadhav,91.86,8301.21,CARD,INSUFFICIENT_FUNDS,1,43.0,ESCALATE,FAILED,0.0,2026-08-17 06:50:33.043570
SIM-TXN-03488,CUST-0076,Neha Shah,57.69,4154.48,WALLET,BANK_TIMEOUT,0,78.0,RETRY,SUCCESS,4154.48,2026-08-20 08:07:33.043570
SIM-TXN-03489,CUST-0494,Sneha Kulkarni,78.81,1164.85,UPI,BANK_ERROR,2,45.0,STOP,NOT_ATTEMPTED,0.0,2026-08-02 15:57:33.043570
SIM-TXN-03490,CUST-0204,Sneha Kulkarni,82.57,679.88,UPI,AUTH_FAILED,0,52.0,NOTIFY,FAILED,0.0,2026-08-21 18:43:33.043570
SIM-TXN-03491,CUST-0245,Rohan Deshmukh,77.47,1878.8,CARD,BANK_TIMEOUT,1,78.0,RETRY,SUCCESS,1878.8,2026-08-07 11:50:33.043570
SIM-TXN-03492,CUST-0367,Aditya More,53.04,2057.47,CARD,UNKNOWN,2,5.0,STOP,NOT_ATTEMPTED,0.0,2026-08-10 14:41:33.043570
SIM-TXN-03493,CUST-0292,Priya Patil,77.93,3629.9,NETBANKING,INSUFFICIENT_FUNDS,2,18.0,STOP,NOT_ATTEMPTED,0.0,2026-08-18 20:31:33.043570
SIM-TXN-03494,CUST-0442,Priya Patil,96.95,1590.41,UPI,BANK_TIMEOUT,1,83.0,RETRY,SUCCESS,1590.41,2026-08-18 22:43:33.043570
SIM-TXN-03495,CUST-0389,Kunal Patil,76.26,3674.6,CARD,INSUFFICIENT_FUNDS,1,38.0,ESCALATE,SUCCESS,3674.6,2026-08-11 17:02:33.043570
SIM-TXN-03496,CUST-0083,Amit Joshi,91.24,11477.26,UPI,AUTH_FAILED,0,52.0,NOTIFY,FAILED,0.0,2026-08-19 01:27:33.043570
SIM-TXN-03497,CUST-0161,Rahul Sharma,90.2,4686.31,WALLET,BANK_TIMEOUT,0,88.0,RETRY,SUCCESS,4686.31,2026-08-22 16:43:33.043570
SIM-TXN-03498,CUST-0276,Neha Shah,73.31,2348.49,UPI,BANK_TIMEOUT,2,58.0,STOP,NOT_ATTEMPTED,0.0,2026-08-10 06:58:33.043570
SIM-TXN-03499,CUST-0339,Kunal Patil,61.23,2107.97,CARD,UNKNOWN,0,35.0,ESCALATE,FAILED,0.0,2026-08-15 19:04:33.043570
SIM-TXN-03500,CUST-0170,Ananya Kulkarni,48.99,1834.75,UPI,INSUFFICIENT_FUNDS,0,38.0,ESCALATE,FAILED,0.0,2026-08-03 05:51:33.043570
SIM-TXN-03501,CUST-0293,Amit Joshi,51.69,6276.15,WALLET,BANK_TIMEOUT,2,53.0,STOP,NOT_ATTEMPTED,0.0,2026-08-03 21:38:33.043570
SIM-TXN-03502,CUST-0183,Amit Joshi,54.51,1477.56,WALLET,BANK_TIMEOUT,2,53.0,STOP,NOT_ATTEMPTED,0.0,2026-08-13 07:36:33.043570
SIM-TXN-03503,CUST-0125,Rohan Deshmukh,56.54,2530.52,UPI,BANK_TIMEOUT,0,78.0,RETRY,SUCCESS,2530.52,2026-08-22 00:00:33.043570
SIM-TXN-03504,CUST-0113,Amit Joshi,68.49,2542.64,UPI,INSUFFICIENT_FUNDS,1,38.0,ESCALATE,FAILED,0.0,2026-08-17 00:20:33.043570
SIM-TXN-03505,CUST-0491,Rahul Sharma,77.84,1633.65,WALLET,UNKNOWN,1,30.0,ESCALATE,FAILED,0.0,2026-08-27 09:26:33.043570
SIM-TXN-03506,CUST-0285,Rohan Deshmukh,58.37,814.05,WALLET,INSUFFICIENT_FUNDS,1,33.0,ESCALATE,FAILED,0.0,2026-08-10 06:12:33.043570
SIM-TXN-03507,CUST-0045,Rohan Deshmukh,52.57,3160.17,WALLET,BANK_TIMEOUT,1,73.0,RETRY,SUCCESS,3160.17,2026-08-03 21:40:33.043570
SIM-TXN-03508,CUST-0119,Kunal Patil,92.83,2324.35,CARD,UNKNOWN,1,35.0,ESCALATE,FAILED,0.0,2026-08-09 22:40:33.043570
SIM-TXN-03509,CUST-0409,Kunal Patil,93.55,3641.65,CARD,BANK_TIMEOUT,1,83.0,RETRY,SUCCESS,3641.65,2026-08-25 11:40:33.043570
SIM-TXN-03510,CUST-0096,Neha Shah,48.76,1592.59,WALLET,BANK_TIMEOUT,1,73.0,RETRY,FAILED,0.0,2026-08-28 21:46:33.043570
SIM-TXN-03511,CUST-0065,Rohan Deshmukh,96.51,6481.17,WALLET,BANK_TIMEOUT,0,88.0,RETRY,SUCCESS,6481.17,2026-08-17 10:58:33.043570
SIM-TXN-03512,CUST-0432,Priya Patil,77.27,1210.25,UPI,BANK_TIMEOUT,0,83.0,RETRY,SUCCESS,1210.25,2026-08-09 10:44:33.043570
SIM-TXN-03513,CUST-0051,Rahul Sharma,72.0,9601.09,CARD,AUTH_FAILED,0,47.0,ESCALATE,SUCCESS,9601.09,2026-08-25 15:47:33.043570
SIM-TXN-03514,CUST-0403,Amit Joshi,58.27,602.98,WALLET,BANK_TIMEOUT,2,53.0,STOP,NOT_ATTEMPTED,0.0,2026-08-01 23:38:33.043570
SIM-TXN-03515,CUST-0352,Priya Patil,89.13,3455.82,UPI,BANK_ERROR,1,70.0,RETRY,SUCCESS,3455.82,2026-08-06 21:22:33.043570
SIM-TXN-03516,CUST-0258,Pooja Jadhav,65.3,3570.08,NETBANKING,BANK_ERROR,1,65.0,NOTIFY,SUCCESS,3570.08,2026-08-05 12:02:33.043570
SIM-TXN-03517,CUST-0374,Sneha Kulkarni,60.76,1291.49,NETBANKING,AUTH_FAILED,2,22.0,STOP,NOT_ATTEMPTED,0.0,2026-08-22 21:30:33.043570
SIM-TXN-03518,CUST-0354,Sneha Kulkarni,61.02,3427.26,CARD,UNKNOWN,2,10.0,STOP,NOT_ATTEMPTED,0.0,2026-08-06 01:51:33.043570
SIM-TXN-03519,CUST-0196,Neha Shah,62.55,6792.78,UPI,AUTH_FAILED,2,22.0,STOP,NOT_ATTEMPTED,0.0,2026-08-04 01:57:33.043570
SIM-TXN-03520,CUST-0385,Rohan Deshmukh,57.27,414.28,NETBANKING,UNKNOWN,0,30.0,ESCALATE,FAILED,0.0,2026-08-29 06:33:33.043570
SIM-TXN-03521,CUST-0440,Ananya Kulkarni,71.97,3648.95,WALLET,BANK_TIMEOUT,2,58.0,STOP,NOT_ATTEMPTED,0.0,2026-08-08 19:48:33.043570
SIM-TXN-03522,CUST-0261,Rahul Sharma,73.76,332.08,WALLET,UNKNOWN,0,35.0,ESCALATE,FAILED,0.0,2026-08-14 08:33:33.043570
SIM-TXN-03523,CUST-0170,Ananya Kulkarni,48.99,1127.17,NETBANKING,UNKNOWN,0,30.0,ESCALATE,FAILED,0.0,2026-08-25 04:17:33.043570
SIM-TXN-03524,CUST-0071,Rahul Sharma,73.59,8985.19,WALLET,BANK_TIMEOUT,0,83.0,RETRY,SUCCESS,8985.19,2026-08-09 20:59:33.043570
SIM-TXN-03525,CUST-0283,Amit Joshi,85.35,1532.38,NETBANKING,BANK_TIMEOUT,2,63.0,STOP,NOT_ATTEMPTED,0.0,2026-08-07 14:11:33.043570
SIM-TXN-03526,CUST-0321,Rahul Sharma,89.03,954.22,CARD,UNKNOWN,0,40.0,ESCALATE,FAILED,0.0,2026-08-08 20:48:33.043570
SIM-TXN-03527,CUST-0031,Rahul Sharma,82.2,2083.18,NETBANKING,BANK_TIMEOUT,1,83.0,RETRY,SUCCESS,2083.18,2026-08-14 11:26:33.043570
SIM-TXN-03528,CUST-0336,Neha Shah,68.75,12763.25,CARD,BANK_TIMEOUT,2,58.0,STOP,NOT_ATTEMPTED,0.0,2026-08-25 16:17:33.043570
SIM-TXN-03529,CUST-0383,Amit Joshi,66.65,563.77,WALLET,BANK_TIMEOUT,1,78.0,RETRY,SUCCESS,563.77,2026-08-10 17:21:33.043570
SIM-TXN-03530,CUST-0359,Kunal Patil,50.44,1052.53,CARD,BANK_TIMEOUT,2,53.0,STOP,NOT_ATTEMPTED,0.0,2026-08-30 08:08:33.043570
SIM-TXN-03531,CUST-0377,Aditya More,77.31,8086.45,UPI,BANK_TIMEOUT,2,58.0,STOP,NOT_ATTEMPTED,0.0,2026-08-11 06:00:33.043570
SIM-TXN-03532,CUST-0026,Neha Shah,90.33,10787.7,CARD,BANK_TIMEOUT,0,88.0,RETRY,SUCCESS,10787.7,2026-08-07 17:35:33.043570
SIM-TXN-03533,CUST-0368,Pooja Jadhav,95.3,2246.78,NETBANKING,BANK_ERROR,0,75.0,RETRY,SUCCESS,2246.78,2026-08-06 11:43:33.043570
SIM-TXN-03534,CUST-0125,Rohan Deshmukh,56.54,905.75,CARD,BANK_ERROR,0,65.0,NOTIFY,FAILED,0.0,2026-08-07 17:39:33.043570
SIM-TXN-03535,CUST-0258,Pooja Jadhav,65.3,13051.71,NETBANKING,BANK_TIMEOUT,0,83.0,RETRY,SUCCESS,13051.71,2026-08-19 19:21:33.043570
SIM-TXN-03536,CUST-0101,Rahul Sharma,86.58,8739.03,UPI,BANK_TIMEOUT,1,83.0,RETRY,SUCCESS,8739.03,2026-08-28 20:43:33.043570
SIM-TXN-03537,CUST-0119,Kunal Patil,92.83,4201.33,WALLET,UNKNOWN,1,35.0,ESCALATE,FAILED,0.0,2026-08-19 21:33:33.043570
SIM-TXN-03538,CUST-0463,Amit Joshi,71.25,1274.21,CARD,AUTH_FAILED,0,47.0,ESCALATE,FAILED,0.0,2026-08-02 19:59:33.043570
SIM-TXN-03539,CUST-0334,Sneha Kulkarni,70.89,2346.73,UPI,BANK_TIMEOUT,1,78.0,RETRY,SUCCESS,2346.73,2026-08-05 03:49:33.043570
SIM-TXN-03540,CUST-0241,Rahul Sharma,58.21,2146.75,UPI,BANK_TIMEOUT,0,78.0,RETRY,SUCCESS,2146.75,2026-08-25 22:50:33.043570
SIM-TXN-03541,CUST-0112,Priya Patil,69.52,3180.14,UPI,BANK_TIMEOUT,1,78.0,RETRY,SUCCESS,3180.14,2026-08-26 10:06:33.043570
SIM-TXN-03542,CUST-0421,Rahul Sharma,51.14,7791.6,WALLET,BANK_TIMEOUT,1,73.0,RETRY,SUCCESS,7791.6,2026-08-27 14:48:33.043570
SIM-TXN-03543,CUST-0042,Priya Patil,91.45,4932.17,CARD,INSUFFICIENT_FUNDS,0,48.0,ESCALATE,FAILED,0.0,2026-08-02 10:14:33.043570
SIM-TXN-03544,CUST-0257,Aditya More,52.33,1030.81,WALLET,BANK_TIMEOUT,2,53.0,STOP,NOT_ATTEMPTED,0.0,2026-08-18 13:32:33.043570
SIM-TXN-03545,CUST-0497,Aditya More,92.76,7340.76,WALLET,INSUFFICIENT_FUNDS,1,43.0,ESCALATE,FAILED,0.0,2026-08-03 15:17:33.043570
SIM-TXN-03546,CUST-0197,Aditya More,51.11,3135.38,WALLET,BANK_TIMEOUT,0,78.0,RETRY,SUCCESS,3135.38,2026-08-25 02:21:33.043570
SIM-TXN-03547,CUST-0412,Priya Patil,96.36,4228.71,NETBANKING,BANK_ERROR,0,75.0,RETRY,SUCCESS,4228.71,2026-08-14 20:22:33.043570
SIM-TXN-03548,CUST-0399,Kunal Patil,71.53,7889.06,NETBANKING,INSUFFICIENT_FUNDS,1,38.0,ESCALATE,FAILED,0.0,2026-08-21 20:37:33.043570
SIM-TXN-03549,CUST-0495,Rohan Deshmukh,58.53,1002.98,CARD,BANK_ERROR,2,40.0,STOP,NOT_ATTEMPTED,0.0,2026-08-15 17:23:33.043570
SIM-TXN-03550,CUST-0310,Ananya Kulkarni,45.67,2371.65,CARD,INSUFFICIENT_FUNDS,2,13.0,STOP,NOT_ATTEMPTED,0.0,2026-08-20 18:15:33.043570
SIM-TXN-03551,CUST-0177,Aditya More,63.74,1595.33,WALLET,BANK_TIMEOUT,0,83.0,RETRY,SUCCESS,1595.33,2026-08-07 16:23:33.043570
SIM-TXN-03552,CUST-0434,Sneha Kulkarni,74.19,696.25,CARD,BANK_TIMEOUT,1,78.0,RETRY,FAILED,0.0,2026-08-07 03:16:33.043570
SIM-TXN-03553,CUST-0046,Neha Shah,58.07,3220.75,CARD,BANK_TIMEOUT,1,73.0,RETRY,SUCCESS,3220.75,2026-08-20 11:49:33.043570
SIM-TXN-03554,CUST-0341,Rahul Sharma,73.14,18201.24,NETBANKING,BANK_TIMEOUT,2,58.0,STOP,NOT_ATTEMPTED,0.0,2026-08-27 00:57:33.043570
SIM-TXN-03555,CUST-0357,Aditya More,60.48,560.0,CARD,BANK_ERROR,0,70.0,RETRY,SUCCESS,560.0,2026-08-25 03:33:33.043570
SIM-TXN-03556,CUST-0326,Neha Shah,90.1,2378.38,UPI,UNKNOWN,2,15.0,STOP,NOT_ATTEMPTED,0.0,2026-08-24 05:26:33.043570
SIM-TXN-03557,CUST-0486,Neha Shah,67.83,4074.22,UPI,UNKNOWN,2,10.0,STOP,NOT_ATTEMPTED,0.0,2026-08-30 03:12:33.043570
SIM-TXN-03558,CUST-0477,Aditya More,77.73,2693.14,CARD,BANK_ERROR,2,45.0,STOP,NOT_ATTEMPTED,0.0,2026-08-15 22:48:33.043570
SIM-TXN-03559,CUST-0465,Rohan Deshmukh,62.6,2229.42,UPI,INSUFFICIENT_FUNDS,2,18.0,STOP,NOT_ATTEMPTED,0.0,2026-08-29 03:11:33.043570
SIM-TXN-03560,CUST-0293,Amit Joshi,51.69,863.18,NETBANKING,INSUFFICIENT_FUNDS,0,38.0,ESCALATE,SUCCESS,863.18,2026-08-17 05:03:33.043570
SIM-TXN-03561,CUST-0413,Amit Joshi,63.44,2940.19,CARD,BANK_TIMEOUT,2,58.0,STOP,NOT_ATTEMPTED,0.0,2026-08-14 14:41:33.043570
SIM-TXN-03562,CUST-0485,Rohan Deshmukh,60.55,1332.2,CARD,BANK_ERROR,1,65.0,NOTIFY,SUCCESS,1332.2,2026-08-18 09:17:33.043570
SIM-TXN-03563,CUST-0273,Amit Joshi,65.61,423.29,CARD,BANK_TIMEOUT,1,78.0,RETRY,FAILED,0.0,2026-08-03 08:54:33.043570
SIM-TXN-03564,CUST-0415,Rohan Deshmukh,90.46,6346.6,UPI,INSUFFICIENT_FUNDS,0,48.0,ESCALATE,FAILED,0.0,2026-08-18 10:33:33.043570
SIM-TXN-03565,CUST-0435,Rohan Deshmukh,66.62,5253.81,WALLET,AUTH_FAILED,1,42.0,ESCALATE,SUCCESS,5253.81,2026-08-13 22:41:33.043570
SIM-TXN-03566,CUST-0190,Ananya Kulkarni,63.53,2543.58,WALLET,INSUFFICIENT_FUNDS,2,18.0,STOP,NOT_ATTEMPTED,0.0,2026-08-27 10:41:33.043570
SIM-TXN-03567,CUST-0346,Neha Shah,61.72,2931.47,NETBANKING,BANK_TIMEOUT,1,78.0,RETRY,SUCCESS,2931.47,2026-08-13 23:58:33.043570
SIM-TXN-03568,CUST-0370,Ananya Kulkarni,74.58,5764.39,NETBANKING,INSUFFICIENT_FUNDS,0,43.0,ESCALATE,SUCCESS,5764.39,2026-08-12 17:01:33.043570
SIM-TXN-03569,CUST-0224,Sneha Kulkarni,79.92,2920.39,WALLET,BANK_ERROR,1,65.0,NOTIFY,SUCCESS,2920.39,2026-08-28 20:28:33.043570
SIM-TXN-03570,CUST-0398,Pooja Jadhav,82.09,5030.2,UPI,AUTH_FAILED,1,47.0,ESCALATE,SUCCESS,5030.2,2026-08-14 13:11:33.043570
SIM-TXN-03571,CUST-0065,Rohan Deshmukh,96.51,1923.72,NETBANKING,BANK_TIMEOUT,1,83.0,RETRY,SUCCESS,1923.72,2026-08-26 03:51:33.043570
SIM-TXN-03572,CUST-0358,Pooja Jadhav,78.81,6971.51,NETBANKING,UNKNOWN,2,10.0,STOP,NOT_ATTEMPTED,0.0,2026-08-15 17:34:33.043570
SIM-TXN-03573,CUST-0261,Rahul Sharma,73.76,3154.64,NETBANKING,BANK_TIMEOUT,0,83.0,RETRY,SUCCESS,3154.64,2026-08-28 21:53:33.043570
SIM-TXN-03574,CUST-0074,Sneha Kulkarni,50.93,2850.48,NETBANKING,BANK_ERROR,2,40.0,STOP,NOT_ATTEMPTED,0.0,2026-08-19 03:26:33.043570
SIM-TXN-03575,CUST-0204,Sneha Kulkarni,82.57,883.55,WALLET,BANK_ERROR,0,75.0,RETRY,SUCCESS,883.55,2026-08-12 16:35:33.043570
SIM-TXN-03576,CUST-0007,Aditya More,76.91,3070.4,NETBANKING,BANK_ERROR,0,70.0,RETRY,SUCCESS,3070.4,2026-08-28 13:46:33.043570
SIM-TXN-03577,CUST-0061,Rahul Sharma,84.8,1254.43,WALLET,BANK_TIMEOUT,0,88.0,RETRY,FAILED,0.0,2026-08-14 19:15:33.043570
SIM-TXN-03578,CUST-0027,Aditya More,65.15,1464.65,NETBANKING,UNKNOWN,2,10.0,STOP,NOT_ATTEMPTED,0.0,2026-08-26 13:39:33.043570
SIM-TXN-03579,CUST-0299,Kunal Patil,96.13,1271.18,CARD,BANK_TIMEOUT,1,83.0,RETRY,SUCCESS,1271.18,2026-08-15 11:44:33.043570
SIM-TXN-03580,CUST-0398,Pooja Jadhav,82.09,1040.04,NETBANKING,BANK_ERROR,0,75.0,RETRY,SUCCESS,1040.04,2026-08-04 07:57:33.043570
SIM-TXN-03581,CUST-0232,Priya Patil,90.04,13357.28,CARD,AUTH_FAILED,2,27.0,STOP,NOT_ATTEMPTED,0.0,2026-08-22 15:06:33.043570
SIM-TXN-03582,CUST-0116,Neha Shah,94.1,7080.3,UPI,BANK_TIMEOUT,0,88.0,RETRY,SUCCESS,7080.3,2026-08-07 08:12:33.043570
SIM-TXN-03583,CUST-0254,Sneha Kulkarni,82.82,11342.3,NETBANKING,UNKNOWN,0,40.0,ESCALATE,SUCCESS,11342.3,2026-08-07 06:18:33.043570
SIM-TXN-03584,CUST-0041,Rahul Sharma,93.4,917.53,WALLET,BANK_ERROR,0,75.0,RETRY,FAILED,0.0,2026-08-27 03:20:33.043570
SIM-TXN-03585,CUST-0144,Sneha Kulkarni,45.49,2583.77,CARD,BANK_ERROR,1,60.0,NOTIFY,FAILED,0.0,2026-08-31 17:36:33.043570
SIM-TXN-03586,CUST-0144,Sneha Kulkarni,45.49,867.13,CARD,INSUFFICIENT_FUNDS,1,33.0,ESCALATE,FAILED,0.0,2026-08-24 19:05:33.043570
SIM-TXN-03587,CUST-0409,Kunal Patil,93.55,1398.9,NETBANKING,BANK_ERROR,2,50.0,STOP,NOT_ATTEMPTED,0.0,2026-08-31 09:28:33.043570
SIM-TXN-03588,CUST-0456,Neha Shah,64.99,1170.87,UPI,AUTH_FAILED,0,47.0,ESCALATE,FAILED,0.0,2026-08-31 01:05:33.043570
SIM-TXN-03589,CUST-0495,Rohan Deshmukh,58.53,6579.19,UPI,BANK_TIMEOUT,2,53.0,STOP,NOT_ATTEMPTED,0.0,2026-08-25 20:48:33.043570
SIM-TXN-03590,CUST-0211,Rahul Sharma,71.88,1777.59,CARD,INSUFFICIENT_FUNDS,0,43.0,ESCALATE,FAILED,0.0,2026-08-22 20:28:33.043570
SIM-TXN-03591,CUST-0232,Priya Patil,90.04,5737.07,WALLET,BANK_TIMEOUT,1,83.0,RETRY,SUCCESS,5737.07,2026-08-20 07:13:33.043570
SIM-TXN-03592,CUST-0097,Aditya More,59.76,3957.22,UPI,BANK_TIMEOUT,0,78.0,RETRY,SUCCESS,3957.22,2026-08-04 14:37:33.043570
SIM-TXN-03593,CUST-0331,Rahul Sharma,74.46,15412.14,NETBANKING,INSUFFICIENT_FUNDS,0,43.0,ESCALATE,FAILED,0.0,2026-08-26 05:31:33.043570
SIM-TXN-03594,CUST-0033,Amit Joshi,73.31,747.28,NETBANKING,BANK_TIMEOUT,1,78.0,RETRY,SUCCESS,747.28,2026-08-31 17:59:33.043570
SIM-TXN-03595,CUST-0024,Sneha Kulkarni,47.43,6683.43,CARD,BANK_TIMEOUT,1,73.0,RETRY,SUCCESS,6683.43,2026-08-09 21:35:33.043570
SIM-TXN-03596,CUST-0374,Sneha Kulkarni,60.76,6106.77,NETBANKING,BANK_TIMEOUT,0,83.0,RETRY,SUCCESS,6106.77,2026-08-10 15:48:33.043570
SIM-TXN-03597,CUST-0062,Priya Patil,50.91,1120.24,NETBANKING,BANK_ERROR,0,65.0,NOTIFY,FAILED,0.0,2026-08-07 09:46:33.043570
SIM-TXN-03598,CUST-0394,Sneha Kulkarni,87.01,5462.74,WALLET,UNKNOWN,2,15.0,STOP,NOT_ATTEMPTED,0.0,2026-08-30 08:24:33.043570
SIM-TXN-03599,CUST-0356,Neha Shah,96.64,3193.64,CARD,BANK_TIMEOUT,0,88.0,RETRY,SUCCESS,3193.64,2026-08-10 19:21:33.043570
SIM-TXN-03600,CUST-0194,Sneha Kulkarni,63.61,2034.53,NETBANKING,AUTH_FAILED,2,22.0,STOP,NOT_ATTEMPTED,0.0,2026-08-08 19:21:33.043570
SIM-TXN-03601,CUST-0266,Neha Shah,65.16,1262.5,CARD,INSUFFICIENT_FUNDS,2,18.0,STOP,NOT_ATTEMPTED,0.0,2026-08-03 00:13:33.043570
SIM-TXN-03602,CUST-0308,Pooja Jadhav,73.24,1372.94,WALLET,AUTH_FAILED,0,47.0,ESCALATE,SUCCESS,1372.94,2026-08-18 18:57:33.043570
SIM-TXN-03603,CUST-0495,Rohan Deshmukh,58.53,12579.83,CARD,AUTH_FAILED,0,42.0,ESCALATE,SUCCESS,12579.83,2026-08-08 15:39:33.043570
SIM-TXN-03604,CUST-0328,Pooja Jadhav,87.29,2441.94,WALLET,INSUFFICIENT_FUNDS,0,48.0,ESCALATE,FAILED,0.0,2026-08-10 10:36:33.043570
SIM-TXN-03605,CUST-0458,Pooja Jadhav,75.31,4562.86,CARD,AUTH_FAILED,0,47.0,ESCALATE,SUCCESS,4562.86,2026-08-23 08:21:33.043570
SIM-TXN-03606,CUST-0354,Sneha Kulkarni,61.02,1296.31,CARD,INSUFFICIENT_FUNDS,1,38.0,ESCALATE,SUCCESS,1296.31,2026-08-12 02:30:33.043570
SIM-TXN-03607,CUST-0217,Aditya More,66.52,1307.82,NETBANKING,BANK_ERROR,0,70.0,RETRY,SUCCESS,1307.82,2026-08-05 23:03:33.043570
SIM-TXN-03608,CUST-0465,Rohan Deshmukh,62.6,5799.85,WALLET,BANK_TIMEOUT,0,83.0,RETRY,SUCCESS,5799.85,2026-08-19 11:57:33.043570
SIM-TXN-03609,CUST-0311,Rahul Sharma,88.58,829.1,UPI,BANK_ERROR,2,50.0,STOP,NOT_ATTEMPTED,0.0,2026-08-08 23:58:33.043570
SIM-TXN-03610,CUST-0425,Rohan Deshmukh,54.94,1750.8,WALLET,INSUFFICIENT_FUNDS,0,38.0,ESCALATE,SUCCESS,1750.8,2026-08-24 03:41:33.043570
SIM-TXN-03611,CUST-0064,Sneha Kulkarni,95.55,2507.95,UPI,BANK_TIMEOUT,1,83.0,RETRY,SUCCESS,2507.95,2026-08-26 23:40:33.043570
SIM-TXN-03612,CUST-0114,Sneha Kulkarni,50.19,2668.04,CARD,UNKNOWN,2,5.0,STOP,NOT_ATTEMPTED,0.0,2026-08-05 20:52:33.043570
SIM-TXN-03613,CUST-0494,Sneha Kulkarni,78.81,2114.82,WALLET,INSUFFICIENT_FUNDS,2,18.0,STOP,NOT_ATTEMPTED,0.0,2026-08-13 17:17:33.043570
SIM-TXN-03614,CUST-0274,Sneha Kulkarni,83.38,3349.8,WALLET,INSUFFICIENT_FUNDS,1,43.0,ESCALATE,SUCCESS,3349.8,2026-08-21 22:25:33.043570
SIM-TXN-03615,CUST-0386,Neha Shah,82.26,4248.34,CARD,BANK_TIMEOUT,0,88.0,RETRY,FAILED,0.0,2026-08-11 15:39:33.043570
SIM-TXN-03616,CUST-0354,Sneha Kulkarni,61.02,4392.75,CARD,UNKNOWN,0,35.0,ESCALATE,FAILED,0.0,2026-08-24 22:13:33.043570
SIM-TXN-03617,CUST-0009,Kunal Patil,67.23,1109.16,NETBANKING,AUTH_FAILED,1,42.0,ESCALATE,FAILED,0.0,2026-08-17 13:00:33.043570
SIM-TXN-03618,CUST-0287,Aditya More,47.76,1944.34,CARD,UNKNOWN,2,5.0,STOP,NOT_ATTEMPTED,0.0,2026-08-30 12:33:33.043570
SIM-TXN-03619,CUST-0441,Rahul Sharma,67.02,6347.46,NETBANKING,BANK_TIMEOUT,1,78.0,RETRY,SUCCESS,6347.46,2026-08-10 02:53:33.043570
SIM-TXN-03620,CUST-0421,Rahul Sharma,51.14,4992.63,NETBANKING,UNKNOWN,0,30.0,ESCALATE,FAILED,0.0,2026-08-04 00:49:33.043570
SIM-TXN-03621,CUST-0461,Rahul Sharma,82.38,813.8,WALLET,BANK_ERROR,0,75.0,RETRY,SUCCESS,813.8,2026-08-31 06:29:33.043570
SIM-TXN-03622,CUST-0059,Kunal Patil,81.06,3233.06,NETBANKING,AUTH_FAILED,1,47.0,ESCALATE,FAILED,0.0,2026-08-24 04:07:33.043570
SIM-TXN-03623,CUST-0142,Priya Patil,51.94,501.41,CARD,BANK_TIMEOUT,0,78.0,RETRY,SUCCESS,501.41,2026-08-16 03:18:33.043570
SIM-TXN-03624,CUST-0118,Pooja Jadhav,70.51,2533.98,NETBANKING,INSUFFICIENT_FUNDS,0,43.0,ESCALATE,FAILED,0.0,2026-08-16 12:48:33.043570
SIM-TXN-03625,CUST-0077,Aditya More,91.53,11139.07,UPI,BANK_TIMEOUT,0,88.0,RETRY,SUCCESS,11139.07,2026-08-09 17:35:33.043570
SIM-TXN-03626,CUST-0206,Neha Shah,81.4,1143.31,NETBANKING,AUTH_FAILED,2,27.0,STOP,NOT_ATTEMPTED,0.0,2026-08-19 23:06:33.043570
SIM-TXN-03627,CUST-0118,Pooja Jadhav,70.51,1252.06,WALLET,AUTH_FAILED,2,22.0,STOP,NOT_ATTEMPTED,0.0,2026-08-18 10:03:33.043570
SIM-TXN-03628,CUST-0198,Pooja Jadhav,54.46,4497.26,NETBANKING,BANK_TIMEOUT,1,73.0,RETRY,SUCCESS,4497.26,2026-08-16 06:46:33.043570
SIM-TXN-03629,CUST-0129,Kunal Patil,70.27,710.35,CARD,AUTH_FAILED,2,22.0,STOP,NOT_ATTEMPTED,0.0,2026-08-04 20:28:33.043570
SIM-TXN-03630,CUST-0189,Kunal Patil,55.58,1471.14,NETBANKING,BANK_TIMEOUT,0,78.0,RETRY,SUCCESS,1471.14,2026-08-17 08:45:33.043570
SIM-TXN-03631,CUST-0169,Kunal Patil,74.73,3932.98,UPI,BANK_ERROR,2,45.0,STOP,NOT_ATTEMPTED,0.0,2026-08-05 22:43:33.043570
SIM-TXN-03632,CUST-0296,Neha Shah,85.65,1469.34,CARD,INSUFFICIENT_FUNDS,2,23.0,STOP,NOT_ATTEMPTED,0.0,2026-08-16 09:37:33.043570
SIM-TXN-03633,CUST-0231,Rahul Sharma,97.15,2020.75,NETBANKING,AUTH_FAILED,0,52.0,NOTIFY,SUCCESS,2020.75,2026-08-01 19:32:33.043570
SIM-TXN-03634,CUST-0416,Neha Shah,66.82,4426.43,NETBANKING,BANK_TIMEOUT,0,83.0,RETRY,SUCCESS,4426.43,2026-08-08 23:52:33.043570
SIM-TXN-03635,CUST-0342,Priya Patil,97.82,3419.46,WALLET,BANK_TIMEOUT,0,88.0,RETRY,SUCCESS,3419.46,2026-08-05 21:03:33.043570
SIM-TXN-03636,CUST-0077,Aditya More,91.53,3021.34,CARD,BANK_ERROR,2,50.0,STOP,NOT_ATTEMPTED,0.0,2026-08-12 21:05:33.043570
SIM-TXN-03637,CUST-0385,Rohan Deshmukh,57.27,1860.69,WALLET,INSUFFICIENT_FUNDS,1,33.0,ESCALATE,FAILED,0.0,2026-08-31 05:57:33.043570
SIM-TXN-03638,CUST-0233,Amit Joshi,69.14,3281.48,WALLET,BANK_ERROR,0,70.0,RETRY,SUCCESS,3281.48,2026-08-21 04:40:33.043570
SIM-TXN-03639,CUST-0252,Priya Patil,70.68,2210.59,CARD,UNKNOWN,0,35.0,ESCALATE,FAILED,0.0,2026-08-10 05:26:33.043570
SIM-TXN-03640,CUST-0068,Pooja Jadhav,89.61,3520.1,WALLET,BANK_ERROR,2,50.0,STOP,NOT_ATTEMPTED,0.0,2026-08-03 01:53:33.043570
SIM-TXN-03641,CUST-0236,Neha Shah,52.82,1640.0,WALLET,UNKNOWN,2,5.0,STOP,NOT_ATTEMPTED,0.0,2026-08-26 13:55:33.043570
SIM-TXN-03642,CUST-0216,Neha Shah,77.62,2108.95,CARD,BANK_ERROR,2,45.0,STOP,NOT_ATTEMPTED,0.0,2026-08-27 19:22:33.043570
SIM-TXN-03643,CUST-0461,Rahul Sharma,82.38,1105.48,NETBANKING,UNKNOWN,0,40.0,ESCALATE,SUCCESS,1105.48,2026-08-05 23:07:33.043570
SIM-TXN-03644,CUST-0323,Amit Joshi,57.92,2373.2,NETBANKING,INSUFFICIENT_FUNDS,1,33.0,ESCALATE,SUCCESS,2373.2,2026-08-25 02:44:33.043570
SIM-TXN-03645,CUST-0345,Rohan Deshmukh,57.22,1275.63,NETBANKING,INSUFFICIENT_FUNDS,0,38.0,ESCALATE,SUCCESS,1275.63,2026-08-08 09:03:33.043570
SIM-TXN-03646,CUST-0024,Sneha Kulkarni,47.43,1001.01,UPI,BANK_TIMEOUT,1,73.0,RETRY,SUCCESS,1001.01,2026-08-17 16:16:33.043570
SIM-TXN-03647,CUST-0249,Kunal Patil,68.85,3001.68,NETBANKING,INSUFFICIENT_FUNDS,1,38.0,ESCALATE,FAILED,0.0,2026-08-22 13:08:33.043570
SIM-TXN-03648,CUST-0410,Ananya Kulkarni,97.84,2893.41,WALLET,UNKNOWN,0,40.0,ESCALATE,FAILED,0.0,2026-08-01 20:16:33.043570
SIM-TXN-03649,CUST-0072,Priya Patil,93.68,4565.57,WALLET,BANK_ERROR,1,70.0,RETRY,SUCCESS,4565.57,2026-08-26 13:59:33.043570
SIM-TXN-03650,CUST-0341,Rahul Sharma,73.14,1728.66,WALLET,INSUFFICIENT_FUNDS,1,38.0,ESCALATE,SUCCESS,1728.66,2026-08-22 04:06:33.043570
SIM-TXN-03651,CUST-0304,Sneha Kulkarni,57.87,3382.74,NETBANKING,BANK_ERROR,0,65.0,NOTIFY,SUCCESS,3382.74,2026-08-10 22:50:33.043570
SIM-TXN-03652,CUST-0198,Pooja Jadhav,54.46,3791.96,WALLET,UNKNOWN,2,5.0,STOP,NOT_ATTEMPTED,0.0,2026-08-03 07:51:33.043570
SIM-TXN-03653,CUST-0132,Priya Patil,48.63,3483.59,UPI,INSUFFICIENT_FUNDS,0,38.0,ESCALATE,FAILED,0.0,2026-08-17 20:32:33.043570
SIM-TXN-03654,CUST-0162,Priya Patil,70.89,1260.77,WALLET,INSUFFICIENT_FUNDS,0,43.0,ESCALATE,SUCCESS,1260.77,2026-08-19 08:42:33.043570
SIM-TXN-03655,CUST-0500,Ananya Kulkarni,60.86,2750.37,WALLET,BANK_TIMEOUT,2,58.0,STOP,NOT_ATTEMPTED,0.0,2026-08-10 06:38:33.043570
SIM-TXN-03656,CUST-0493,Amit Joshi,52.59,3265.97,UPI,BANK_ERROR,0,65.0,NOTIFY,FAILED,0.0,2026-08-27 12:34:33.043570
SIM-TXN-03657,CUST-0333,Amit Joshi,57.79,2454.66,WALLET,BANK_ERROR,0,65.0,NOTIFY,SUCCESS,2454.66,2026-08-04 01:05:33.043570
SIM-TXN-03658,CUST-0356,Neha Shah,96.64,459.81,WALLET,BANK_ERROR,2,50.0,STOP,NOT_ATTEMPTED,0.0,2026-08-02 03:39:33.043570
SIM-TXN-03659,CUST-0092,Priya Patil,57.2,2774.96,UPI,BANK_ERROR,0,65.0,NOTIFY,SUCCESS,2774.96,2026-08-22 20:19:33.043570
SIM-TXN-03660,CUST-0212,Priya Patil,62.29,14328.77,WALLET,AUTH_FAILED,1,42.0,ESCALATE,SUCCESS,14328.77,2026-08-05 08:33:33.043570
SIM-TXN-03661,CUST-0437,Aditya More,69.46,1829.81,NETBANKING,BANK_ERROR,2,45.0,STOP,NOT_ATTEMPTED,0.0,2026-08-30 01:00:33.043570
SIM-TXN-03662,CUST-0436,Neha Shah,97.59,1363.13,NETBANKING,AUTH_FAILED,2,27.0,STOP,NOT_ATTEMPTED,0.0,2026-08-19 16:44:33.043570
SIM-TXN-03663,CUST-0179,Kunal Patil,96.61,3290.12,WALLET,UNKNOWN,2,15.0,STOP,NOT_ATTEMPTED,0.0,2026-08-21 13:41:33.043570
SIM-TXN-03664,CUST-0127,Aditya More,48.23,3133.49,NETBANKING,BANK_TIMEOUT,1,73.0,RETRY,FAILED,0.0,2026-08-15 02:04:33.043570
SIM-TXN-03665,CUST-0382,Priya Patil,48.98,6337.17,NETBANKING,BANK_TIMEOUT,0,78.0,RETRY,SUCCESS,6337.17,2026-08-15 16:29:33.043570
SIM-TXN-03666,CUST-0314,Sneha Kulkarni,82.49,892.21,CARD,BANK_TIMEOUT,2,63.0,STOP,NOT_ATTEMPTED,0.0,2026-08-12 19:47:33.043570
SIM-TXN-03667,CUST-0427,Aditya More,78.15,4381.32,NETBANKING,INSUFFICIENT_FUNDS,1,38.0,ESCALATE,FAILED,0.0,2026-08-14 18:21:33.043570
SIM-TXN-03668,CUST-0116,Neha Shah,94.1,3914.09,NETBANKING,AUTH_FAILED,1,47.0,ESCALATE,SUCCESS,3914.09,2026-08-25 17:18:33.043570
SIM-TXN-03669,CUST-0389,Kunal Patil,76.26,2178.26,CARD,AUTH_FAILED,0,47.0,ESCALATE,SUCCESS,2178.26,2026-08-28 19:01:33.043570
SIM-TXN-03670,CUST-0169,Kunal Patil,74.73,3200.14,CARD,AUTH_FAILED,2,22.0,STOP,NOT_ATTEMPTED,0.0,2026-08-23 12:00:33.043570
SIM-TXN-03671,CUST-0371,Rahul Sharma,77.13,5561.18,NETBANKING,UNKNOWN,0,35.0,ESCALATE,SUCCESS,5561.18,2026-08-06 12:08:33.043570
SIM-TXN-03672,CUST-0496,Neha Shah,92.64,4904.22,WALLET,BANK_TIMEOUT,0,88.0,RETRY,SUCCESS,4904.22,2026-08-09 16:17:33.043570
SIM-TXN-03673,CUST-0059,Kunal Patil,81.06,978.07,UPI,INSUFFICIENT_FUNDS,1,43.0,ESCALATE,SUCCESS,978.07,2026-08-25 09:23:33.043570
SIM-TXN-03674,CUST-0179,Kunal Patil,96.61,4703.8,WALLET,BANK_TIMEOUT,1,83.0,RETRY,SUCCESS,4703.8,2026-08-28 10:36:33.043570
SIM-TXN-03675,CUST-0068,Pooja Jadhav,89.61,2317.51,CARD,INSUFFICIENT_FUNDS,0,48.0,ESCALATE,SUCCESS,2317.51,2026-08-03 17:50:33.043570
SIM-TXN-03676,CUST-0155,Rohan Deshmukh,94.76,2587.12,WALLET,BANK_TIMEOUT,1,83.0,RETRY,SUCCESS,2587.12,2026-08-04 16:58:33.043570
SIM-TXN-03677,CUST-0076,Neha Shah,57.69,2587.79,CARD,INSUFFICIENT_FUNDS,2,13.0,STOP,NOT_ATTEMPTED,0.0,2026-08-04 06:36:33.043570
SIM-TXN-03678,CUST-0422,Priya Patil,90.84,2164.2,NETBANKING,BANK_TIMEOUT,0,88.0,RETRY,SUCCESS,2164.2,2026-08-07 00:21:33.043570
SIM-TXN-03679,CUST-0105,Rohan Deshmukh,90.78,6331.97,WALLET,INSUFFICIENT_FUNDS,1,43.0,ESCALATE,FAILED,0.0,2026-08-18 00:04:33.043570
SIM-TXN-03680,CUST-0271,Rahul Sharma,70.88,2282.5,WALLET,INSUFFICIENT_FUNDS,0,43.0,ESCALATE,SUCCESS,2282.5,2026-08-17 03:28:33.043570
SIM-TXN-03681,CUST-0322,Priya Patil,59.78,996.61,WALLET,AUTH_FAILED,0,42.0,ESCALATE,FAILED,0.0,2026-08-21 08:54:33.043570
SIM-TXN-03682,CUST-0498,Pooja Jadhav,53.37,1781.44,CARD,INSUFFICIENT_FUNDS,0,38.0,ESCALATE,SUCCESS,1781.44,2026-08-18 04:43:33.043570
SIM-TXN-03683,CUST-0283,Amit Joshi,85.35,2815.67,NETBANKING,BANK_TIMEOUT,2,63.0,STOP,NOT_ATTEMPTED,0.0,2026-08-16 16:25:33.043570
SIM-TXN-03684,CUST-0204,Sneha Kulkarni,82.57,6524.84,UPI,BANK_ERROR,0,75.0,RETRY,SUCCESS,6524.84,2026-08-26 11:01:33.043570
SIM-TXN-03685,CUST-0282,Priya Patil,69.1,3953.97,CARD,BANK_ERROR,1,65.0,NOTIFY,FAILED,0.0,2026-08-10 11:02:33.043570
SIM-TXN-03686,CUST-0425,Rohan Deshmukh,54.94,1235.92,CARD,BANK_ERROR,0,65.0,NOTIFY,FAILED,0.0,2026-08-10 15:51:33.043570
SIM-TXN-03687,CUST-0159,Kunal Patil,56.16,17821.34,CARD,BANK_ERROR,1,60.0,NOTIFY,SUCCESS,17821.34,2026-08-31 15:31:33.043570
SIM-TXN-03688,CUST-0056,Neha Shah,65.23,3016.4,CARD,BANK_TIMEOUT,2,58.0,STOP,NOT_ATTEMPTED,0.0,2026-08-22 07:19:33.043570
SIM-TXN-03689,CUST-0366,Neha Shah,75.58,6770.38,WALLET,AUTH_FAILED,2,22.0,STOP,NOT_ATTEMPTED,0.0,2026-08-03 01:34:33.043570
SIM-TXN-03690,CUST-0017,Aditya More,77.0,2161.65,NETBANKING,AUTH_FAILED,2,22.0,STOP,NOT_ATTEMPTED,0.0,2026-08-08 04:49:33.043570
SIM-TXN-03691,CUST-0292,Priya Patil,77.93,3739.43,WALLET,INSUFFICIENT_FUNDS,2,18.0,STOP,NOT_ATTEMPTED,0.0,2026-08-04 01:42:33.043570
SIM-TXN-03692,CUST-0079,Kunal Patil,88.25,4777.03,UPI,UNKNOWN,2,15.0,STOP,NOT_ATTEMPTED,0.0,2026-08-23 23:13:33.043570
SIM-TXN-03693,CUST-0225,Rohan Deshmukh,72.32,6467.57,UPI,UNKNOWN,1,30.0,ESCALATE,SUCCESS,6467.57,2026-08-03 11:58:33.043570
SIM-TXN-03694,CUST-0155,Rohan Deshmukh,94.76,5686.75,NETBANKING,BANK_TIMEOUT,0,88.0,RETRY,SUCCESS,5686.75,2026-08-26 05:02:33.043570
SIM-TXN-03695,CUST-0407,Aditya More,75.54,4903.76,NETBANKING,INSUFFICIENT_FUNDS,0,43.0,ESCALATE,SUCCESS,4903.76,2026-08-27 05:38:33.043570
SIM-TXN-03696,CUST-0313,Amit Joshi,78.69,1896.81,WALLET,UNKNOWN,1,30.0,ESCALATE,FAILED,0.0,2026-08-22 04:47:33.043570
SIM-TXN-03697,CUST-0385,Rohan Deshmukh,57.27,1544.73,CARD,BANK_ERROR,0,65.0,NOTIFY,SUCCESS,1544.73,2026-08-25 11:17:33.043570
SIM-TXN-03698,CUST-0079,Kunal Patil,88.25,3184.61,CARD,AUTH_FAILED,0,52.0,NOTIFY,SUCCESS,3184.61,2026-08-07 21:48:33.043570
SIM-TXN-03699,CUST-0170,Ananya Kulkarni,48.99,5148.72,UPI,BANK_ERROR,0,65.0,NOTIFY,SUCCESS,5148.72,2026-08-02 05:50:33.043570
SIM-TXN-03700,CUST-0118,Pooja Jadhav,70.51,2042.28,CARD,BANK_TIMEOUT,1,78.0,RETRY,SUCCESS,2042.28,2026-08-21 20:37:33.043570
SIM-TXN-03701,CUST-0035,Rohan Deshmukh,59.31,5722.37,UPI,INSUFFICIENT_FUNDS,2,13.0,STOP,NOT_ATTEMPTED,0.0,2026-08-21 06:12:33.043570
SIM-TXN-03702,CUST-0402,Priya Patil,83.93,7801.67,UPI,BANK_ERROR,1,70.0,RETRY,FAILED,0.0,2026-08-08 06:03:33.043570
SIM-TXN-03703,CUST-0398,Pooja Jadhav,82.09,1172.56,NETBANKING,BANK_ERROR,1,70.0,RETRY,SUCCESS,1172.56,2026-08-04 08:51:33.043570
SIM-TXN-03704,CUST-0089,Kunal Patil,68.93,1249.46,NETBANKING,BANK_TIMEOUT,0,83.0,RETRY,SUCCESS,1249.46,2026-08-09 15:58:33.043570
SIM-TXN-03705,CUST-0467,Aditya More,50.28,2181.35,NETBANKING,BANK_TIMEOUT,1,73.0,RETRY,SUCCESS,2181.35,2026-08-03 02:41:33.043570
SIM-TXN-03706,CUST-0111,Rahul Sharma,67.36,3121.57,CARD,BANK_TIMEOUT,0,83.0,RETRY,SUCCESS,3121.57,2026-08-15 06:16:33.043570
SIM-TXN-03707,CUST-0235,Rohan Deshmukh,71.2,1604.15,UPI,BANK_TIMEOUT,0,83.0,RETRY,SUCCESS,1604.15,2026-08-09 05:03:33.043570
SIM-TXN-03708,CUST-0491,Rahul Sharma,77.84,7199.47,CARD,BANK_TIMEOUT,1,78.0,RETRY,SUCCESS,7199.47,2026-08-18 18:42:33.043570
SIM-TXN-03709,CUST-0030,Ananya Kulkarni,56.1,3426.36,WALLET,BANK_ERROR,1,60.0,NOTIFY,SUCCESS,3426.36,2026-08-26 15:51:33.043570
SIM-TXN-03710,CUST-0237,Aditya More,92.31,2518.85,UPI,INSUFFICIENT_FUNDS,1,43.0,ESCALATE,FAILED,0.0,2026-08-24 07:50:33.043570
SIM-TXN-03711,CUST-0165,Rohan Deshmukh,45.19,773.77,WALLET,INSUFFICIENT_FUNDS,0,38.0,ESCALATE,FAILED,0.0,2026-08-29 03:06:33.043570
SIM-TXN-03712,CUST-0480,Ananya Kulkarni,68.0,851.8,NETBANKING,INSUFFICIENT_FUNDS,0,43.0,ESCALATE,SUCCESS,851.8,2026-08-30 21:49:33.043570
SIM-TXN-03713,CUST-0278,Pooja Jadhav,49.45,3055.83,WALLET,BANK_TIMEOUT,0,78.0,RETRY,SUCCESS,3055.83,2026-08-23 03:24:33.043570
SIM-TXN-03714,CUST-0323,Amit Joshi,57.92,443.16,UPI,BANK_TIMEOUT,0,78.0,RETRY,SUCCESS,443.16,2026-08-29 01:00:33.043570
SIM-TXN-03715,CUST-0021,Rahul Sharma,88.96,5486.85,NETBANKING,INSUFFICIENT_FUNDS,1,43.0,ESCALATE,FAILED,0.0,2026-08-26 01:59:33.043570
SIM-TXN-03716,CUST-0145,Rohan Deshmukh,97.92,2150.55,CARD,INSUFFICIENT_FUNDS,0,48.0,ESCALATE,FAILED,0.0,2026-08-30 08:02:33.043570
SIM-TXN-03717,CUST-0097,Aditya More,59.76,32678.56,UPI,BANK_ERROR,0,65.0,NOTIFY,SUCCESS,32678.56,2026-08-05 15:18:33.043570
SIM-TXN-03718,CUST-0045,Rohan Deshmukh,52.57,15464.97,UPI,UNKNOWN,2,5.0,STOP,NOT_ATTEMPTED,0.0,2026-08-22 15:06:33.043570
SIM-TXN-03719,CUST-0495,Rohan Deshmukh,58.53,2110.84,CARD,AUTH_FAILED,2,17.0,STOP,NOT_ATTEMPTED,0.0,2026-08-17 13:36:33.043570
SIM-TXN-03720,CUST-0353,Amit Joshi,57.06,2241.57,UPI,AUTH_FAILED,2,17.0,STOP,NOT_ATTEMPTED,0.0,2026-08-05 03:43:33.043570
SIM-TXN-03721,CUST-0233,Amit Joshi,69.14,5412.49,WALLET,INSUFFICIENT_FUNDS,1,38.0,ESCALATE,FAILED,0.0,2026-08-30 10:18:33.043570
SIM-TXN-03722,CUST-0478,Pooja Jadhav,78.45,9533.22,CARD,BANK_TIMEOUT,1,78.0,RETRY,SUCCESS,9533.22,2026-08-29 23:32:33.043570
SIM-TXN-03723,CUST-0317,Aditya More,77.64,658.24,NETBANKING,BANK_TIMEOUT,0,83.0,RETRY,SUCCESS,658.24,2026-08-06 18:27:33.043570
SIM-TXN-03724,CUST-0253,Amit Joshi,59.55,584.58,CARD,BANK_TIMEOUT,0,78.0,RETRY,FAILED,0.0,2026-08-19 10:33:33.043570
SIM-TXN-03725,CUST-0384,Sneha Kulkarni,69.91,1483.82,CARD,BANK_TIMEOUT,2,58.0,STOP,NOT_ATTEMPTED,0.0,2026-08-22 11:17:33.043570
SIM-TXN-03726,CUST-0094,Sneha Kulkarni,48.12,3890.1,NETBANKING,BANK_TIMEOUT,1,73.0,RETRY,SUCCESS,3890.1,2026-08-06 22:22:33.043570
SIM-TXN-03727,CUST-0193,Amit Joshi,90.81,3631.86,NETBANKING,BANK_TIMEOUT,2,63.0,STOP,NOT_ATTEMPTED,0.0,2026-08-13 15:41:33.043570
SIM-TXN-03728,CUST-0303,Amit Joshi,49.03,5743.46,WALLET,INSUFFICIENT_FUNDS,0,38.0,ESCALATE,FAILED,0.0,2026-08-01 20:36:33.043570
SIM-TXN-03729,CUST-0355,Rohan Deshmukh,51.71,934.72,CARD,AUTH_FAILED,0,42.0,ESCALATE,FAILED,0.0,2026-08-15 04:33:33.043570
SIM-TXN-03730,CUST-0155,Rohan Deshmukh,94.76,382.64,UPI,BANK_ERROR,1,70.0,RETRY,SUCCESS,382.64,2026-08-25 09:22:33.043570
SIM-TXN-03731,CUST-0256,Neha Shah,92.33,4848.44,NETBANKING,AUTH_FAILED,0,52.0,NOTIFY,SUCCESS,4848.44,2026-08-02 17:41:33.043570
SIM-TXN-03732,CUST-0412,Priya Patil,96.36,1258.21,NETBANKING,BANK_TIMEOUT,2,63.0,STOP,NOT_ATTEMPTED,0.0,2026-08-18 23:19:33.043570
SIM-TXN-03733,CUST-0393,Amit Joshi,48.78,485.51,NETBANKING,AUTH_FAILED,0,42.0,ESCALATE,FAILED,0.0,2026-08-16 01:05:33.043570
SIM-TXN-03734,CUST-0098,Pooja Jadhav,56.35,2740.93,WALLET,INSUFFICIENT_FUNDS,1,33.0,ESCALATE,SUCCESS,2740.93,2026-08-10 01:23:33.043570
SIM-TXN-03735,CUST-0204,Sneha Kulkarni,82.57,4603.35,CARD,BANK_ERROR,0,75.0,RETRY,FAILED,0.0,2026-08-28 23:51:33.043570
SIM-TXN-03736,CUST-0380,Ananya Kulkarni,80.0,2213.55,CARD,BANK_ERROR,1,70.0,RETRY,SUCCESS,2213.55,2026-08-24 10:55:33.043570
SIM-TXN-03737,CUST-0243,Amit Joshi,80.38,1692.09,CARD,BANK_ERROR,0,75.0,RETRY,FAILED,0.0,2026-08-27 14:32:33.043570
SIM-TXN-03738,CUST-0079,Kunal Patil,88.25,2148.47,UPI,BANK_TIMEOUT,1,83.0,RETRY,SUCCESS,2148.47,2026-08-05 14:24:33.043570
SIM-TXN-03739,CUST-0073,Amit Joshi,62.18,1814.44,CARD,INSUFFICIENT_FUNDS,0,43.0,ESCALATE,FAILED,0.0,2026-08-27 20:30:33.043570
SIM-TXN-03740,CUST-0372,Priya Patil,56.96,830.11,CARD,UNKNOWN,2,5.0,STOP,NOT_ATTEMPTED,0.0,2026-08-14 19:10:33.043570
SIM-TXN-03741,CUST-0060,Ananya Kulkarni,81.13,1377.82,WALLET,BANK_TIMEOUT,0,88.0,RETRY,SUCCESS,1377.82,2026-08-28 16:56:33.043570
SIM-TXN-03742,CUST-0163,Amit Joshi,49.89,3703.46,WALLET,BANK_ERROR,0,65.0,NOTIFY,SUCCESS,3703.46,2026-08-22 20:59:33.043570
SIM-TXN-03743,CUST-0343,Amit Joshi,62.53,3156.89,CARD,INSUFFICIENT_FUNDS,2,18.0,STOP,NOT_ATTEMPTED,0.0,2026-08-20 09:16:33.043570
SIM-TXN-03744,CUST-0089,Kunal Patil,68.93,2791.82,NETBANKING,INSUFFICIENT_FUNDS,2,18.0,STOP,NOT_ATTEMPTED,0.0,2026-08-09 23:26:33.043570
SIM-TXN-03745,CUST-0022,Priya Patil,91.93,1100.9,UPI,BANK_ERROR,1,70.0,RETRY,SUCCESS,1100.9,2026-08-30 03:59:33.043570
SIM-TXN-03746,CUST-0264,Sneha Kulkarni,95.14,2110.75,NETBANKING,BANK_TIMEOUT,0,88.0,RETRY,SUCCESS,2110.75,2026-08-06 15:48:33.043570
SIM-TXN-03747,CUST-0115,Rohan Deshmukh,89.31,427.67,UPI,AUTH_FAILED,0,52.0,NOTIFY,SUCCESS,427.67,2026-08-26 02:42:33.043570
SIM-TXN-03748,CUST-0437,Aditya More,69.46,2815.18,CARD,INSUFFICIENT_FUNDS,0,43.0,ESCALATE,FAILED,0.0,2026-08-05 14:23:33.043570
SIM-TXN-03749,CUST-0091,Rahul Sharma,46.11,7654.78,UPI,INSUFFICIENT_FUNDS,0,38.0,ESCALATE,FAILED,0.0,2026-08-18 17:24:33.043570
SIM-TXN-03750,CUST-0384,Sneha Kulkarni,69.91,750.47,UPI,BANK_TIMEOUT,2,58.0,STOP,NOT_ATTEMPTED,0.0,2026-08-18 17:49:33.043570
SIM-TXN-03751,CUST-0276,Neha Shah,73.31,1527.3,WALLET,BANK_TIMEOUT,2,58.0,STOP,NOT_ATTEMPTED,0.0,2026-08-20 18:36:33.043570
SIM-TXN-03752,CUST-0275,Rohan Deshmukh,93.74,3175.71,WALLET,BANK_ERROR,1,70.0,RETRY,FAILED,0.0,2026-08-06 12:32:33.043570
SIM-TXN-03753,CUST-0391,Rahul Sharma,56.91,6649.35,NETBANKING,AUTH_FAILED,1,37.0,ESCALATE,FAILED,0.0,2026-08-04 10:51:33.043570
SIM-TXN-03754,CUST-0200,Ananya Kulkarni,68.03,1705.17,NETBANKING,BANK_ERROR,0,70.0,RETRY,FAILED,0.0,2026-08-01 20:00:33.043570
SIM-TXN-03755,CUST-0022,Priya Patil,91.93,1402.76,CARD,INSUFFICIENT_FUNDS,2,23.0,STOP,NOT_ATTEMPTED,0.0,2026-08-24 15:48:33.043570
SIM-TXN-03756,CUST-0469,Kunal Patil,66.73,505.15,WALLET,UNKNOWN,2,10.0,STOP,NOT_ATTEMPTED,0.0,2026-08-25 15:46:33.043570
SIM-TXN-03757,CUST-0246,Neha Shah,67.62,2651.15,NETBANKING,BANK_TIMEOUT,2,58.0,STOP,NOT_ATTEMPTED,0.0,2026-08-16 16:27:33.043570
SIM-TXN-03758,CUST-0398,Pooja Jadhav,82.09,12502.21,WALLET,INSUFFICIENT_FUNDS,2,23.0,STOP,NOT_ATTEMPTED,0.0,2026-08-20 01:45:33.043570
SIM-TXN-03759,CUST-0145,Rohan Deshmukh,97.92,3046.92,WALLET,UNKNOWN,2,15.0,STOP,NOT_ATTEMPTED,0.0,2026-08-15 22:26:33.043570
SIM-TXN-03760,CUST-0397,Aditya More,51.59,2397.49,WALLET,INSUFFICIENT_FUNDS,2,13.0,STOP,NOT_ATTEMPTED,0.0,2026-08-07 16:11:33.043570
SIM-TXN-03761,CUST-0112,Priya Patil,69.52,3157.91,CARD,BANK_TIMEOUT,0,83.0,RETRY,SUCCESS,3157.91,2026-08-21 15:19:33.043570
SIM-TXN-03762,CUST-0415,Rohan Deshmukh,90.46,2419.04,UPI,BANK_TIMEOUT,0,88.0,RETRY,SUCCESS,2419.04,2026-08-15 16:48:33.043570
SIM-TXN-03763,CUST-0354,Sneha Kulkarni,61.02,1273.58,NETBANKING,BANK_TIMEOUT,0,83.0,RETRY,SUCCESS,1273.58,2026-08-25 23:56:33.043570
SIM-TXN-03764,CUST-0112,Priya Patil,69.52,4715.56,UPI,INSUFFICIENT_FUNDS,1,38.0,ESCALATE,FAILED,0.0,2026-08-25 01:12:33.043570
SIM-TXN-03765,CUST-0470,Ananya Kulkarni,48.97,2923.71,UPI,INSUFFICIENT_FUNDS,0,38.0,ESCALATE,FAILED,0.0,2026-08-29 18:42:33.043570
SIM-TXN-03766,CUST-0229,Kunal Patil,87.75,2475.23,WALLET,BANK_TIMEOUT,2,63.0,STOP,NOT_ATTEMPTED,0.0,2026-08-29 12:36:33.043570
SIM-TXN-03767,CUST-0305,Rohan Deshmukh,90.07,1118.46,NETBANKING,UNKNOWN,2,15.0,STOP,NOT_ATTEMPTED,0.0,2026-08-25 18:25:33.043570
SIM-TXN-03768,CUST-0050,Ananya Kulkarni,97.86,6924.4,CARD,AUTH_FAILED,0,52.0,NOTIFY,FAILED,0.0,2026-08-02 16:42:33.043570
SIM-TXN-03769,CUST-0030,Ananya Kulkarni,56.1,4153.73,WALLET,BANK_TIMEOUT,1,73.0,RETRY,SUCCESS,4153.73,2026-08-09 10:34:33.043570
SIM-TXN-03770,CUST-0362,Priya Patil,54.77,1568.17,UPI,BANK_TIMEOUT,1,73.0,RETRY,FAILED,0.0,2026-08-09 03:08:33.043570
SIM-TXN-03771,CUST-0277,Aditya More,76.37,5439.59,WALLET,BANK_ERROR,0,70.0,RETRY,FAILED,0.0,2026-08-01 23:10:33.043570
SIM-TXN-03772,CUST-0165,Rohan Deshmukh,45.19,1639.17,NETBANKING,AUTH_FAILED,0,42.0,ESCALATE,SUCCESS,1639.17,2026-08-25 21:16:33.043570
SIM-TXN-03773,CUST-0461,Rahul Sharma,82.38,1305.57,UPI,BANK_TIMEOUT,1,83.0,RETRY,SUCCESS,1305.57,2026-08-09 03:44:33.043570
SIM-TXN-03774,CUST-0474,Sneha Kulkarni,65.14,1329.07,CARD,BANK_ERROR,2,45.0,STOP,NOT_ATTEMPTED,0.0,2026-08-27 11:36:33.043570
SIM-TXN-03775,CUST-0393,Amit Joshi,48.78,591.79,UPI,AUTH_FAILED,1,37.0,ESCALATE,SUCCESS,591.79,2026-08-21 11:02:33.043570
SIM-TXN-03776,CUST-0084,Sneha Kulkarni,96.11,3559.0,WALLET,INSUFFICIENT_FUNDS,0,48.0,ESCALATE,FAILED,0.0,2026-08-09 20:38:33.043570
SIM-TXN-03777,CUST-0433,Amit Joshi,82.62,564.02,CARD,AUTH_FAILED,2,27.0,STOP,NOT_ATTEMPTED,0.0,2026-08-29 12:36:33.043570
SIM-TXN-03778,CUST-0458,Pooja Jadhav,75.31,913.46,CARD,BANK_ERROR,0,70.0,RETRY,FAILED,0.0,2026-08-20 08:04:33.043570
SIM-TXN-03779,CUST-0461,Rahul Sharma,82.38,463.84,NETBANKING,INSUFFICIENT_FUNDS,2,23.0,STOP,NOT_ATTEMPTED,0.0,2026-08-06 23:32:33.043570
SIM-TXN-03780,CUST-0453,Amit Joshi,90.86,2278.21,WALLET,AUTH_FAILED,0,52.0,NOTIFY,SUCCESS,2278.21,2026-08-06 13:23:33.043570
SIM-TXN-03781,CUST-0127,Aditya More,48.23,2164.06,NETBANKING,BANK_ERROR,0,65.0,NOTIFY,SUCCESS,2164.06,2026-08-05 04:12:33.043570
SIM-TXN-03782,CUST-0098,Pooja Jadhav,56.35,1879.28,CARD,BANK_TIMEOUT,0,78.0,RETRY,FAILED,0.0,2026-08-29 11:54:33.043570
SIM-TXN-03783,CUST-0079,Kunal Patil,88.25,1059.91,CARD,BANK_TIMEOUT,1,83.0,RETRY,FAILED,0.0,2026-08-22 18:35:33.043570
SIM-TXN-03784,CUST-0378,Pooja Jadhav,95.22,955.48,UPI,AUTH_FAILED,2,27.0,STOP,NOT_ATTEMPTED,0.0,2026-08-23 11:50:33.043570
SIM-TXN-03785,CUST-0167,Aditya More,53.56,3538.63,UPI,INSUFFICIENT_FUNDS,1,33.0,ESCALATE,FAILED,0.0,2026-08-23 17:44:33.043570
SIM-TXN-03786,CUST-0253,Amit Joshi,59.55,1571.14,UPI,BANK_ERROR,1,60.0,NOTIFY,FAILED,0.0,2026-08-18 15:21:33.043570
SIM-TXN-03787,CUST-0423,Amit Joshi,79.86,3143.48,UPI,AUTH_FAILED,2,22.0,STOP,NOT_ATTEMPTED,0.0,2026-08-26 06:51:33.043570
SIM-TXN-03788,CUST-0268,Pooja Jadhav,84.93,1202.07,NETBANKING,BANK_TIMEOUT,0,88.0,RETRY,SUCCESS,1202.07,2026-08-30 01:26:33.043570
SIM-TXN-03789,CUST-0066,Neha Shah,71.91,2821.01,WALLET,BANK_ERROR,1,65.0,NOTIFY,SUCCESS,2821.01,2026-08-24 16:33:33.043570
SIM-TXN-03790,CUST-0356,Neha Shah,96.64,6923.12,WALLET,BANK_TIMEOUT,2,63.0,STOP,NOT_ATTEMPTED,0.0,2026-08-26 01:24:33.043570
SIM-TXN-03791,CUST-0330,Ananya Kulkarni,82.16,3900.78,NETBANKING,BANK_TIMEOUT,1,83.0,RETRY,SUCCESS,3900.78,2026-08-09 21:36:33.043570
SIM-TXN-03792,CUST-0377,Aditya More,77.31,1754.73,CARD,AUTH_FAILED,2,22.0,STOP,NOT_ATTEMPTED,0.0,2026-08-19 13:48:33.043570
SIM-TXN-03793,CUST-0193,Amit Joshi,90.81,2998.18,WALLET,BANK_ERROR,2,50.0,STOP,NOT_ATTEMPTED,0.0,2026-08-19 06:54:33.043570
SIM-TXN-03794,CUST-0392,Priya Patil,93.15,2013.17,NETBANKING,BANK_TIMEOUT,2,63.0,STOP,NOT_ATTEMPTED,0.0,2026-08-06 01:51:33.043570
SIM-TXN-03795,CUST-0071,Rahul Sharma,73.59,2456.04,CARD,BANK_ERROR,1,65.0,NOTIFY,SUCCESS,2456.04,2026-08-28 18:52:33.043570
SIM-TXN-03796,CUST-0290,Ananya Kulkarni,84.97,1880.91,CARD,UNKNOWN,1,35.0,ESCALATE,FAILED,0.0,2026-08-29 04:53:33.043570
SIM-TXN-03797,CUST-0140,Ananya Kulkarni,80.5,2139.94,UPI,AUTH_FAILED,1,47.0,ESCALATE,FAILED,0.0,2026-08-08 00:03:33.043570
SIM-TXN-03798,CUST-0297,Aditya More,77.11,2891.92,UPI,INSUFFICIENT_FUNDS,1,38.0,ESCALATE,SUCCESS,2891.92,2026-08-23 09:59:33.043570
SIM-TXN-03799,CUST-0074,Sneha Kulkarni,50.93,1102.48,WALLET,INSUFFICIENT_FUNDS,1,33.0,ESCALATE,FAILED,0.0,2026-08-15 15:34:33.043570
SIM-TXN-03800,CUST-0033,Amit Joshi,73.31,1082.79,WALLET,INSUFFICIENT_FUNDS,1,38.0,ESCALATE,SUCCESS,1082.79,2026-08-01 23:10:33.043570
SIM-TXN-03801,CUST-0284,Sneha Kulkarni,59.75,803.65,WALLET,INSUFFICIENT_FUNDS,1,33.0,ESCALATE,FAILED,0.0,2026-08-24 10:56:33.043570
SIM-TXN-03802,CUST-0131,Rahul Sharma,49.25,678.43,NETBANKING,AUTH_FAILED,1,37.0,ESCALATE,SUCCESS,678.43,2026-08-24 22:59:33.043570
SIM-TXN-03803,CUST-0100,Ananya Kulkarni,75.54,921.66,NETBANKING,INSUFFICIENT_FUNDS,0,43.0,ESCALATE,FAILED,0.0,2026-08-12 19:52:33.043570
SIM-TXN-03804,CUST-0148,Pooja Jadhav,94.46,2772.68,NETBANKING,INSUFFICIENT_FUNDS,0,48.0,ESCALATE,FAILED,0.0,2026-08-28 06:08:33.043570
SIM-TXN-03805,CUST-0275,Rohan Deshmukh,93.74,1194.84,UPI,INSUFFICIENT_FUNDS,1,43.0,ESCALATE,SUCCESS,1194.84,2026-08-28 09:09:33.043570
SIM-TXN-03806,CUST-0274,Sneha Kulkarni,83.38,3680.82,NETBANKING,BANK_TIMEOUT,1,83.0,RETRY,SUCCESS,3680.82,2026-08-29 07:42:33.043570
SIM-TXN-03807,CUST-0086,Neha Shah,82.79,2509.33,WALLET,AUTH_FAILED,0,52.0,NOTIFY,SUCCESS,2509.33,2026-08-09 13:38:33.043570
SIM-TXN-03808,CUST-0061,Rahul Sharma,84.8,505.32,UPI,INSUFFICIENT_FUNDS,0,48.0,ESCALATE,FAILED,0.0,2026-08-22 15:58:33.043570
SIM-TXN-03809,CUST-0021,Rahul Sharma,88.96,4121.53,NETBANKING,BANK_ERROR,2,50.0,STOP,NOT_ATTEMPTED,0.0,2026-08-29 04:19:33.043570
SIM-TXN-03810,CUST-0462,Priya Patil,65.46,4668.71,CARD,BANK_TIMEOUT,1,78.0,RETRY,SUCCESS,4668.71,2026-08-13 06:56:33.043570
SIM-TXN-03811,CUST-0184,Sneha Kulkarni,86.47,1102.03,CARD,AUTH_FAILED,0,52.0,NOTIFY,FAILED,0.0,2026-08-26 08:22:33.043570
SIM-TXN-03812,CUST-0294,Sneha Kulkarni,74.89,3415.75,UPI,AUTH_FAILED,1,42.0,ESCALATE,FAILED,0.0,2026-08-26 09:43:33.043570
SIM-TXN-03813,CUST-0283,Amit Joshi,85.35,1230.04,WALLET,BANK_TIMEOUT,1,83.0,RETRY,SUCCESS,1230.04,2026-08-06 14:43:33.043570
SIM-TXN-03814,CUST-0284,Sneha Kulkarni,59.75,2638.95,CARD,BANK_ERROR,0,65.0,NOTIFY,SUCCESS,2638.95,2026-08-22 03:17:33.043570
SIM-TXN-03815,CUST-0404,Sneha Kulkarni,57.13,887.49,UPI,BANK_ERROR,0,65.0,NOTIFY,SUCCESS,887.49,2026-08-03 21:07:33.043570
SIM-TXN-03816,CUST-0348,Pooja Jadhav,55.15,581.44,WALLET,BANK_ERROR,2,40.0,STOP,NOT_ATTEMPTED,0.0,2026-08-20 03:28:33.043570
SIM-TXN-03817,CUST-0053,Amit Joshi,53.1,1796.77,NETBANKING,AUTH_FAILED,2,17.0,STOP,NOT_ATTEMPTED,0.0,2026-08-11 01:01:33.043570
SIM-TXN-03818,CUST-0009,Kunal Patil,67.23,2210.59,NETBANKING,UNKNOWN,1,30.0,ESCALATE,SUCCESS,2210.59,2026-08-27 04:24:33.043570
SIM-TXN-03819,CUST-0134,Sneha Kulkarni,66.4,1775.53,CARD,INSUFFICIENT_FUNDS,1,38.0,ESCALATE,FAILED,0.0,2026-08-15 04:18:33.043570
SIM-TXN-03820,CUST-0222,Priya Patil,80.81,946.5,UPI,BANK_ERROR,2,50.0,STOP,NOT_ATTEMPTED,0.0,2026-08-23 15:05:33.043570
SIM-TXN-03821,CUST-0468,Pooja Jadhav,45.81,1772.38,UPI,INSUFFICIENT_FUNDS,2,13.0,STOP,NOT_ATTEMPTED,0.0,2026-08-07 04:11:33.043570
SIM-TXN-03822,CUST-0272,Priya Patil,68.1,3027.33,WALLET,BANK_ERROR,2,45.0,STOP,NOT_ATTEMPTED,0.0,2026-08-03 09:06:33.043570
SIM-TXN-03823,CUST-0016,Neha Shah,50.13,2354.5,CARD,BANK_TIMEOUT,1,73.0,RETRY,SUCCESS,2354.5,2026-08-07 09:10:33.043570
SIM-TXN-03824,CUST-0025,Rohan Deshmukh,85.97,2824.26,NETBANKING,BANK_TIMEOUT,1,83.0,RETRY,FAILED,0.0,2026-08-13 06:17:33.043570
SIM-TXN-03825,CUST-0068,Pooja Jadhav,89.61,1427.83,UPI,AUTH_FAILED,1,47.0,ESCALATE,FAILED,0.0,2026-08-17 09:33:33.043570
SIM-TXN-03826,CUST-0489,Kunal Patil,54.01,6231.51,WALLET,BANK_ERROR,1,60.0,NOTIFY,SUCCESS,6231.51,2026-08-03 13:08:33.043570
SIM-TXN-03827,CUST-0194,Sneha Kulkarni,63.61,952.47,CARD,BANK_TIMEOUT,0,83.0,RETRY,SUCCESS,952.47,2026-08-17 10:55:33.043570
SIM-TXN-03828,CUST-0313,Amit Joshi,78.69,3604.9,WALLET,AUTH_FAILED,0,47.0,ESCALATE,SUCCESS,3604.9,2026-08-21 03:41:33.043570
SIM-TXN-03829,CUST-0394,Sneha Kulkarni,87.01,6282.43,CARD,BANK_TIMEOUT,0,88.0,RETRY,SUCCESS,6282.43,2026-08-16 21:21:33.043570
SIM-TXN-03830,CUST-0121,Rahul Sharma,59.06,3585.76,NETBANKING,BANK_TIMEOUT,1,73.0,RETRY,SUCCESS,3585.76,2026-08-13 13:26:33.043570
SIM-TXN-03831,CUST-0256,Neha Shah,92.33,2075.55,WALLET,BANK_ERROR,1,70.0,RETRY,SUCCESS,2075.55,2026-08-16 14:41:33.043570
SIM-TXN-03832,CUST-0191,Rahul Sharma,56.81,1599.37,WALLET,AUTH_FAILED,1,37.0,ESCALATE,SUCCESS,1599.37,2026-08-12 08:06:33.043570
SIM-TXN-03833,CUST-0274,Sneha Kulkarni,83.38,5590.76,UPI,BANK_TIMEOUT,1,83.0,RETRY,SUCCESS,5590.76,2026-08-08 00:48:33.043570
SIM-TXN-03834,CUST-0148,Pooja Jadhav,94.46,781.82,NETBANKING,BANK_ERROR,0,75.0,RETRY,SUCCESS,781.82,2026-08-28 21:53:33.043570
SIM-TXN-03835,CUST-0029,Kunal Patil,53.62,1123.16,CARD,BANK_TIMEOUT,1,73.0,RETRY,SUCCESS,1123.16,2026-08-10 04:51:33.043570
SIM-TXN-03836,CUST-0485,Rohan Deshmukh,60.55,1775.71,UPI,BANK_TIMEOUT,2,58.0,STOP,NOT_ATTEMPTED,0.0,2026-08-23 06:50:33.043570
SIM-TXN-03837,CUST-0122,Priya Patil,60.12,6569.04,CARD,UNKNOWN,2,10.0,STOP,NOT_ATTEMPTED,0.0,2026-08-22 21:01:33.043570
SIM-TXN-03838,CUST-0254,Sneha Kulkarni,82.82,3307.06,NETBANKING,BANK_TIMEOUT,2,63.0,STOP,NOT_ATTEMPTED,0.0,2026-08-31 00:47:33.043570
SIM-TXN-03839,CUST-0280,Ananya Kulkarni,54.63,1125.03,NETBANKING,INSUFFICIENT_FUNDS,2,13.0,STOP,NOT_ATTEMPTED,0.0,2026-08-16 09:34:33.043570
SIM-TXN-03840,CUST-0365,Rohan Deshmukh,66.24,1904.08,NETBANKING,AUTH_FAILED,0,47.0,ESCALATE,SUCCESS,1904.08,2026-08-15 16:24:33.043570
SIM-TXN-03841,CUST-0088,Pooja Jadhav,68.22,1493.0,NETBANKING,INSUFFICIENT_FUNDS,0,43.0,ESCALATE,FAILED,0.0,2026-08-16 00:26:33.043570
SIM-TXN-03842,CUST-0052,Priya Patil,85.06,1383.22,NETBANKING,BANK_ERROR,1,70.0,RETRY,SUCCESS,1383.22,2026-08-05 14:45:33.043570
SIM-TXN-03843,CUST-0230,Ananya Kulkarni,46.29,5340.7,NETBANKING,BANK_TIMEOUT,0,78.0,RETRY,SUCCESS,5340.7,2026-08-30 18:26:33.043570
SIM-TXN-03844,CUST-0025,Rohan Deshmukh,85.97,814.53,UPI,BANK_ERROR,1,70.0,RETRY,SUCCESS,814.53,2026-08-15 18:34:33.043570
SIM-TXN-03845,CUST-0138,Pooja Jadhav,74.96,8839.85,NETBANKING,BANK_ERROR,2,45.0,STOP,NOT_ATTEMPTED,0.0,2026-08-11 13:36:33.043570
SIM-TXN-03846,CUST-0183,Amit Joshi,54.51,4734.27,NETBANKING,INSUFFICIENT_FUNDS,1,33.0,ESCALATE,FAILED,0.0,2026-08-15 06:03:33.043570
SIM-TXN-03847,CUST-0058,Pooja Jadhav,90.62,5841.19,WALLET,INSUFFICIENT_FUNDS,0,48.0,ESCALATE,SUCCESS,5841.19,2026-08-15 10:57:33.043570
SIM-TXN-03848,CUST-0360,Ananya Kulkarni,75.43,1685.21,WALLET,INSUFFICIENT_FUNDS,0,43.0,ESCALATE,SUCCESS,1685.21,2026-08-29 05:38:33.043570
SIM-TXN-03849,CUST-0105,Rohan Deshmukh,90.78,2164.72,CARD,BANK_TIMEOUT,1,83.0,RETRY,SUCCESS,2164.72,2026-08-03 04:02:33.043570
SIM-TXN-03850,CUST-0114,Sneha Kulkarni,50.19,775.48,CARD,BANK_TIMEOUT,1,73.0,RETRY,SUCCESS,775.48,2026-08-04 21:56:33.043570
SIM-TXN-03851,CUST-0353,Amit Joshi,57.06,1604.02,CARD,BANK_TIMEOUT,1,73.0,RETRY,FAILED,0.0,2026-08-25 03:16:33.043570
SIM-TXN-03852,CUST-0243,Amit Joshi,80.38,3622.52,CARD,AUTH_FAILED,2,27.0,STOP,NOT_ATTEMPTED,0.0,2026-08-04 21:35:33.043570
SIM-TXN-03853,CUST-0181,Rahul Sharma,90.82,6883.28,WALLET,INSUFFICIENT_FUNDS,2,23.0,STOP,NOT_ATTEMPTED,0.0,2026-08-23 10:01:33.043570
SIM-TXN-03854,CUST-0101,Rahul Sharma,86.58,1006.54,WALLET,BANK_TIMEOUT,0,88.0,RETRY,SUCCESS,1006.54,2026-08-04 15:20:33.043570
SIM-TXN-03855,CUST-0161,Rahul Sharma,90.2,1821.83,WALLET,BANK_TIMEOUT,2,63.0,STOP,NOT_ATTEMPTED,0.0,2026-08-15 16:54:33.043570
SIM-TXN-03856,CUST-0210,Ananya Kulkarni,83.15,2162.37,CARD,BANK_ERROR,1,70.0,RETRY,SUCCESS,2162.37,2026-08-23 18:07:33.043570
SIM-TXN-03857,CUST-0416,Neha Shah,66.82,799.01,UPI,INSUFFICIENT_FUNDS,0,43.0,ESCALATE,FAILED,0.0,2026-08-06 16:15:33.043570
SIM-TXN-03858,CUST-0183,Amit Joshi,54.51,3916.99,WALLET,BANK_ERROR,0,65.0,NOTIFY,SUCCESS,3916.99,2026-08-19 03:41:33.043570
SIM-TXN-03859,CUST-0255,Rohan Deshmukh,59.4,1367.59,WALLET,BANK_TIMEOUT,1,73.0,RETRY,SUCCESS,1367.59,2026-08-09 04:33:33.043570
SIM-TXN-03860,CUST-0304,Sneha Kulkarni,57.87,2087.43,UPI,INSUFFICIENT_FUNDS,1,33.0,ESCALATE,SUCCESS,2087.43,2026-08-19 19:33:33.043570
SIM-TXN-03861,CUST-0070,Ananya Kulkarni,64.82,1700.1,NETBANKING,AUTH_FAILED,1,42.0,ESCALATE,FAILED,0.0,2026-08-21 08:39:33.043570
SIM-TXN-03862,CUST-0135,Rohan Deshmukh,58.05,1297.93,NETBANKING,UNKNOWN,0,30.0,ESCALATE,FAILED,0.0,2026-08-27 23:08:33.043570
SIM-TXN-03863,CUST-0300,Ananya Kulkarni,75.67,2426.89,UPI,INSUFFICIENT_FUNDS,0,43.0,ESCALATE,SUCCESS,2426.89,2026-08-28 21:29:33.043570
SIM-TXN-03864,CUST-0284,Sneha Kulkarni,59.75,2053.93,CARD,BANK_ERROR,2,40.0,STOP,NOT_ATTEMPTED,0.0,2026-08-02 13:29:33.043570
SIM-TXN-03865,CUST-0273,Amit Joshi,65.61,1812.59,NETBANKING,UNKNOWN,0,35.0,ESCALATE,SUCCESS,1812.59,2026-08-05 15:47:33.043570
SIM-TXN-03866,CUST-0277,Aditya More,76.37,1362.71,NETBANKING,AUTH_FAILED,1,42.0,ESCALATE,SUCCESS,1362.71,2026-08-15 04:58:33.043570
SIM-TXN-03867,CUST-0200,Ananya Kulkarni,68.03,3151.46,NETBANKING,BANK_TIMEOUT,2,58.0,STOP,NOT_ATTEMPTED,0.0,2026-08-29 18:47:33.043570
SIM-TXN-03868,CUST-0371,Rahul Sharma,77.13,9162.68,NETBANKING,BANK_ERROR,1,65.0,NOTIFY,SUCCESS,9162.68,2026-08-18 16:07:33.043570
SIM-TXN-03869,CUST-0422,Priya Patil,90.84,2729.6,WALLET,INSUFFICIENT_FUNDS,1,43.0,ESCALATE,FAILED,0.0,2026-08-27 18:40:33.043570
SIM-TXN-03870,CUST-0179,Kunal Patil,96.61,5414.82,CARD,INSUFFICIENT_FUNDS,2,23.0,STOP,NOT_ATTEMPTED,0.0,2026-08-06 20:23:33.043570
SIM-TXN-03871,CUST-0432,Priya Patil,77.27,802.57,CARD,AUTH_FAILED,0,47.0,ESCALATE,SUCCESS,802.57,2026-08-28 08:38:33.043570
SIM-TXN-03872,CUST-0237,Aditya More,92.31,2768.91,UPI,INSUFFICIENT_FUNDS,0,48.0,ESCALATE,SUCCESS,2768.91,2026-08-26 09:16:33.043570
SIM-TXN-03873,CUST-0097,Aditya More,59.76,1014.45,WALLET,AUTH_FAILED,0,42.0,ESCALATE,FAILED,0.0,2026-08-16 17:24:33.043570
SIM-TXN-03874,CUST-0385,Rohan Deshmukh,57.27,748.79,NETBANKING,AUTH_FAILED,1,37.0,ESCALATE,FAILED,0.0,2026-08-06 06:58:33.043570
SIM-TXN-03875,CUST-0405,Rohan Deshmukh,76.12,1350.87,CARD,BANK_TIMEOUT,1,78.0,RETRY,SUCCESS,1350.87,2026-08-09 01:35:33.043570
SIM-TXN-03876,CUST-0268,Pooja Jadhav,84.93,6332.94,UPI,UNKNOWN,0,40.0,ESCALATE,SUCCESS,6332.94,2026-08-11 16:41:33.043570
SIM-TXN-03877,CUST-0327,Aditya More,70.84,5218.75,NETBANKING,BANK_TIMEOUT,1,78.0,RETRY,SUCCESS,5218.75,2026-08-06 23:34:33.043570
SIM-TXN-03878,CUST-0397,Aditya More,51.59,2964.32,CARD,BANK_TIMEOUT,2,53.0,STOP,NOT_ATTEMPTED,0.0,2026-08-24 04:01:33.043570
SIM-TXN-03879,CUST-0428,Pooja Jadhav,55.79,716.11,NETBANKING,AUTH_FAILED,1,37.0,ESCALATE,FAILED,0.0,2026-08-02 19:43:33.043570
SIM-TXN-03880,CUST-0378,Pooja Jadhav,95.22,2085.94,CARD,INSUFFICIENT_FUNDS,0,48.0,ESCALATE,FAILED,0.0,2026-08-28 01:18:33.043570
SIM-TXN-03881,CUST-0025,Rohan Deshmukh,85.97,3106.84,CARD,BANK_ERROR,2,50.0,STOP,NOT_ATTEMPTED,0.0,2026-08-21 03:25:33.043570
SIM-TXN-03882,CUST-0474,Sneha Kulkarni,65.14,2808.57,CARD,BANK_ERROR,0,70.0,RETRY,FAILED,0.0,2026-08-18 19:06:33.043570
SIM-TXN-03883,CUST-0046,Neha Shah,58.07,558.34,NETBANKING,AUTH_FAILED,2,17.0,STOP,NOT_ATTEMPTED,0.0,2026-08-24 18:06:33.043570
SIM-TXN-03884,CUST-0276,Neha Shah,73.31,1197.21,WALLET,INSUFFICIENT_FUNDS,2,18.0,STOP,NOT_ATTEMPTED,0.0,2026-08-02 07:57:33.043570
SIM-TXN-03885,CUST-0394,Sneha Kulkarni,87.01,2318.64,NETBANKING,INSUFFICIENT_FUNDS,0,48.0,ESCALATE,SUCCESS,2318.64,2026-08-19 17:56:33.043570
SIM-TXN-03886,CUST-0011,Rahul Sharma,85.22,3748.21,UPI,INSUFFICIENT_FUNDS,0,48.0,ESCALATE,FAILED,0.0,2026-08-28 09:23:33.043570
SIM-TXN-03887,CUST-0041,Rahul Sharma,93.4,421.2,CARD,BANK_TIMEOUT,2,63.0,STOP,NOT_ATTEMPTED,0.0,2026-08-23 09:02:33.043570
SIM-TXN-03888,CUST-0158,Pooja Jadhav,59.43,2143.73,NETBANKING,BANK_TIMEOUT,1,73.0,RETRY,SUCCESS,2143.73,2026-08-21 04:55:33.043570
SIM-TXN-03889,CUST-0022,Priya Patil,91.93,2736.51,NETBANKING,AUTH_FAILED,2,27.0,STOP,NOT_ATTEMPTED,0.0,2026-08-06 09:21:33.043570
SIM-TXN-03890,CUST-0439,Kunal Patil,71.41,4815.95,UPI,AUTH_FAILED,0,47.0,ESCALATE,SUCCESS,4815.95,2026-08-04 13:35:33.043570
SIM-TXN-03891,CUST-0451,Rahul Sharma,89.39,4248.35,CARD,BANK_TIMEOUT,2,63.0,STOP,NOT_ATTEMPTED,0.0,2026-08-22 18:32:33.043570
SIM-TXN-03892,CUST-0106,Neha Shah,80.69,3889.58,NETBANKING,BANK_ERROR,2,50.0,STOP,NOT_ATTEMPTED,0.0,2026-08-25 22:53:33.043570
SIM-TXN-03893,CUST-0255,Rohan Deshmukh,59.4,1286.97,WALLET,BANK_TIMEOUT,0,78.0,RETRY,FAILED,0.0,2026-08-05 09:06:33.043570
SIM-TXN-03894,CUST-0112,Priya Patil,69.52,530.38,WALLET,INSUFFICIENT_FUNDS,2,18.0,STOP,NOT_ATTEMPTED,0.0,2026-08-12 22:56:33.043570
SIM-TXN-03895,CUST-0108,Pooja Jadhav,87.43,1782.12,UPI,BANK_ERROR,2,50.0,STOP,NOT_ATTEMPTED,0.0,2026-08-02 02:44:33.043570
SIM-TXN-03896,CUST-0321,Rahul Sharma,89.03,5438.76,NETBANKING,BANK_ERROR,1,70.0,RETRY,SUCCESS,5438.76,2026-08-30 14:13:33.043570
SIM-TXN-03897,CUST-0490,Ananya Kulkarni,77.3,7441.02,CARD,BANK_TIMEOUT,0,83.0,RETRY,SUCCESS,7441.02,2026-08-19 08:24:33.043570
SIM-TXN-03898,CUST-0421,Rahul Sharma,51.14,4308.91,WALLET,BANK_ERROR,2,40.0,STOP,NOT_ATTEMPTED,0.0,2026-08-10 06:03:33.043570
SIM-TXN-03899,CUST-0183,Amit Joshi,54.51,3440.85,UPI,BANK_ERROR,0,65.0,NOTIFY,SUCCESS,3440.85,2026-08-12 23:46:33.043570
SIM-TXN-03900,CUST-0202,Priya Patil,51.13,3306.72,UPI,UNKNOWN,2,5.0,STOP,NOT_ATTEMPTED,0.0,2026-08-07 21:21:33.043570
SIM-TXN-03901,CUST-0430,Ananya Kulkarni,68.22,1564.16,CARD,AUTH_FAILED,1,42.0,ESCALATE,FAILED,0.0,2026-08-22 14:03:33.043570
SIM-TXN-03902,CUST-0015,Rohan Deshmukh,50.42,2199.43,WALLET,INSUFFICIENT_FUNDS,2,13.0,STOP,NOT_ATTEMPTED,0.0,2026-08-19 00:04:33.043570
SIM-TXN-03903,CUST-0210,Ananya Kulkarni,83.15,9276.65,CARD,BANK_TIMEOUT,1,83.0,RETRY,SUCCESS,9276.65,2026-08-05 12:45:33.043570
SIM-TXN-03904,CUST-0194,Sneha Kulkarni,63.61,1148.2,NETBANKING,INSUFFICIENT_FUNDS,0,43.0,ESCALATE,FAILED,0.0,2026-08-20 13:12:33.043570
SIM-TXN-03905,CUST-0040,Ananya Kulkarni,59.19,8882.36,UPI,BANK_TIMEOUT,2,53.0,STOP,NOT_ATTEMPTED,0.0,2026-08-22 19:24:33.043570
SIM-TXN-03906,CUST-0491,Rahul Sharma,77.84,1886.31,CARD,UNKNOWN,1,30.0,ESCALATE,FAILED,0.0,2026-08-30 16:21:33.043570
SIM-TXN-03907,CUST-0471,Rahul Sharma,62.94,7046.92,NETBANKING,BANK_TIMEOUT,0,83.0,RETRY,FAILED,0.0,2026-08-07 10:53:33.043570
SIM-TXN-03908,CUST-0020,Ananya Kulkarni,49.18,791.99,UPI,BANK_TIMEOUT,0,78.0,RETRY,SUCCESS,791.99,2026-08-11 12:42:33.043570
SIM-TXN-03909,CUST-0005,Rohan Deshmukh,46.68,3899.97,WALLET,BANK_TIMEOUT,1,73.0,RETRY,SUCCESS,3899.97,2026-08-07 21:40:33.043570
SIM-TXN-03910,CUST-0479,Kunal Patil,97.86,1353.68,UPI,INSUFFICIENT_FUNDS,1,43.0,ESCALATE,FAILED,0.0,2026-08-14 02:31:33.043570
SIM-TXN-03911,CUST-0233,Amit Joshi,69.14,786.65,CARD,BANK_TIMEOUT,2,58.0,STOP,NOT_ATTEMPTED,0.0,2026-08-16 05:12:33.043570
SIM-TXN-03912,CUST-0407,Aditya More,75.54,2906.86,UPI,BANK_TIMEOUT,2,58.0,STOP,NOT_ATTEMPTED,0.0,2026-08-20 12:43:33.043570
SIM-TXN-03913,CUST-0295,Rohan Deshmukh,69.65,5472.97,WALLET,INSUFFICIENT_FUNDS,1,38.0,ESCALATE,FAILED,0.0,2026-08-29 09:46:33.043570
SIM-TXN-03914,CUST-0321,Rahul Sharma,89.03,1241.46,UPI,UNKNOWN,2,15.0,STOP,NOT_ATTEMPTED,0.0,2026-08-09 16:41:33.043570
SIM-TXN-03915,CUST-0089,Kunal Patil,68.93,735.67,NETBANKING,AUTH_FAILED,2,22.0,STOP,NOT_ATTEMPTED,0.0,2026-08-24 23:05:33.043570
SIM-TXN-03916,CUST-0233,Amit Joshi,69.14,2267.71,NETBANKING,INSUFFICIENT_FUNDS,1,38.0,ESCALATE,SUCCESS,2267.71,2026-08-12 13:58:33.043570
SIM-TXN-03917,CUST-0426,Neha Shah,78.0,2275.72,NETBANKING,INSUFFICIENT_FUNDS,2,18.0,STOP,NOT_ATTEMPTED,0.0,2026-08-22 10:30:33.043570
SIM-TXN-03918,CUST-0070,Ananya Kulkarni,64.82,3784.45,UPI,INSUFFICIENT_FUNDS,1,38.0,ESCALATE,SUCCESS,3784.45,2026-08-10 17:38:33.043570
SIM-TXN-03919,CUST-0011,Rahul Sharma,85.22,5216.99,WALLET,AUTH_FAILED,2,27.0,STOP,NOT_ATTEMPTED,0.0,2026-08-27 06:34:33.043570
SIM-TXN-03920,CUST-0062,Priya Patil,50.91,2327.31,WALLET,INSUFFICIENT_FUNDS,1,33.0,ESCALATE,FAILED,0.0,2026-08-03 09:19:33.043570
SIM-TXN-03921,CUST-0104,Sneha Kulkarni,67.45,10768.74,CARD,BANK_ERROR,2,45.0,STOP,NOT_ATTEMPTED,0.0,2026-08-24 17:20:33.043570
SIM-TXN-03922,CUST-0390,Ananya Kulkarni,67.53,2920.14,UPI,AUTH_FAILED,2,22.0,STOP,NOT_ATTEMPTED,0.0,2026-08-24 05:54:33.043570
SIM-TXN-03923,CUST-0106,Neha Shah,80.69,1849.85,WALLET,AUTH_FAILED,2,27.0,STOP,NOT_ATTEMPTED,0.0,2026-08-18 03:14:33.043570
SIM-TXN-03924,CUST-0493,Amit Joshi,52.59,672.33,CARD,AUTH_FAILED,0,42.0,ESCALATE,SUCCESS,672.33,2026-08-23 09:40:33.043570
SIM-TXN-03925,CUST-0231,Rahul Sharma,97.15,1978.06,NETBANKING,BANK_TIMEOUT,0,88.0,RETRY,SUCCESS,1978.06,2026-08-02 04:10:33.043570
SIM-TXN-03926,CUST-0310,Ananya Kulkarni,45.67,1864.77,UPI,BANK_TIMEOUT,1,73.0,RETRY,SUCCESS,1864.77,2026-08-30 18:38:33.043570
SIM-TXN-03927,CUST-0448,Pooja Jadhav,63.01,5261.88,UPI,BANK_ERROR,0,70.0,RETRY,SUCCESS,5261.88,2026-08-19 19:23:33.043570
SIM-TXN-03928,CUST-0069,Kunal Patil,77.28,3533.3,CARD,BANK_ERROR,0,70.0,RETRY,FAILED,0.0,2026-08-04 21:02:33.043570
SIM-TXN-03929,CUST-0336,Neha Shah,68.75,950.04,CARD,INSUFFICIENT_FUNDS,0,43.0,ESCALATE,FAILED,0.0,2026-08-31 11:31:33.043570
SIM-TXN-03930,CUST-0183,Amit Joshi,54.51,2801.2,CARD,BANK_ERROR,0,65.0,NOTIFY,SUCCESS,2801.2,2026-08-14 12:15:33.043570
SIM-TXN-03931,CUST-0034,Sneha Kulkarni,53.66,4176.48,WALLET,BANK_TIMEOUT,2,53.0,STOP,NOT_ATTEMPTED,0.0,2026-08-28 17:06:33.043570
SIM-TXN-03932,CUST-0430,Ananya Kulkarni,68.22,8286.85,UPI,INSUFFICIENT_FUNDS,2,18.0,STOP,NOT_ATTEMPTED,0.0,2026-08-11 13:54:33.043570
SIM-TXN-03933,CUST-0082,Priya Patil,53.75,4964.18,CARD,BANK_TIMEOUT,2,53.0,STOP,NOT_ATTEMPTED,0.0,2026-08-31 01:33:33.043570
SIM-TXN-03934,CUST-0039,Kunal Patil,87.67,4485.82,WALLET,BANK_TIMEOUT,2,63.0,STOP,NOT_ATTEMPTED,0.0,2026-08-29 19:56:33.043570
SIM-TXN-03935,CUST-0159,Kunal Patil,56.16,2560.78,CARD,BANK_TIMEOUT,0,78.0,RETRY,SUCCESS,2560.78,2026-08-26 13:08:33.043570
SIM-TXN-03936,CUST-0488,Pooja Jadhav,81.14,3329.74,WALLET,BANK_ERROR,0,75.0,RETRY,FAILED,0.0,2026-08-13 10:19:33.043570
SIM-TXN-03937,CUST-0444,Sneha Kulkarni,65.33,6631.62,WALLET,UNKNOWN,0,35.0,ESCALATE,SUCCESS,6631.62,2026-08-18 18:35:33.043570
SIM-TXN-03938,CUST-0041,Rahul Sharma,93.4,840.32,NETBANKING,UNKNOWN,0,40.0,ESCALATE,SUCCESS,840.32,2026-08-02 10:14:33.043570
SIM-TXN-03939,CUST-0136,Neha Shah,47.11,1845.39,CARD,INSUFFICIENT_FUNDS,0,38.0,ESCALATE,FAILED,0.0,2026-08-06 16:48:33.043570
SIM-TXN-03940,CUST-0274,Sneha Kulkarni,83.38,1315.46,UPI,INSUFFICIENT_FUNDS,0,48.0,ESCALATE,SUCCESS,1315.46,2026-08-19 04:50:33.043570
SIM-TXN-03941,CUST-0270,Ananya Kulkarni,87.39,3305.43,WALLET,BANK_ERROR,0,75.0,RETRY,SUCCESS,3305.43,2026-08-02 08:04:33.043570
SIM-TXN-03942,CUST-0077,Aditya More,91.53,6530.1,WALLET,AUTH_FAILED,2,27.0,STOP,NOT_ATTEMPTED,0.0,2026-08-31 11:59:33.043570
SIM-TXN-03943,CUST-0087,Aditya More,97.74,1513.86,CARD,BANK_TIMEOUT,0,88.0,RETRY,SUCCESS,1513.86,2026-08-17 01:07:33.043570
SIM-TXN-03944,CUST-0400,Ananya Kulkarni,68.2,360.6,WALLET,INSUFFICIENT_FUNDS,1,38.0,ESCALATE,FAILED,0.0,2026-08-04 23:30:33.043570
SIM-TXN-03945,CUST-0293,Amit Joshi,51.69,1755.0,WALLET,BANK_ERROR,2,40.0,STOP,NOT_ATTEMPTED,0.0,2026-08-28 08:11:33.043570
SIM-TXN-03946,CUST-0016,Neha Shah,50.13,5068.39,WALLET,BANK_TIMEOUT,1,73.0,RETRY,SUCCESS,5068.39,2026-08-03 03:45:33.043570
SIM-TXN-03947,CUST-0031,Rahul Sharma,82.2,3752.22,CARD,BANK_TIMEOUT,0,88.0,RETRY,SUCCESS,3752.22,2026-08-27 10:00:33.043570
SIM-TXN-03948,CUST-0495,Rohan Deshmukh,58.53,3437.67,WALLET,BANK_TIMEOUT,0,78.0,RETRY,SUCCESS,3437.67,2026-08-05 20:41:33.043570
SIM-TXN-03949,CUST-0098,Pooja Jadhav,56.35,1950.82,UPI,INSUFFICIENT_FUNDS,2,13.0,STOP,NOT_ATTEMPTED,0.0,2026-08-22 08:05:33.043570
SIM-TXN-03950,CUST-0088,Pooja Jadhav,68.22,877.24,UPI,BANK_TIMEOUT,0,83.0,RETRY,SUCCESS,877.24,2026-08-19 02:45:33.043570
SIM-TXN-03951,CUST-0290,Ananya Kulkarni,84.97,3685.77,WALLET,BANK_TIMEOUT,0,88.0,RETRY,SUCCESS,3685.77,2026-08-24 08:18:33.043570
SIM-TXN-03952,CUST-0073,Amit Joshi,62.18,1252.1,UPI,BANK_TIMEOUT,1,78.0,RETRY,SUCCESS,1252.1,2026-08-14 12:04:33.043570
SIM-TXN-03953,CUST-0381,Rahul Sharma,57.71,14006.51,UPI,BANK_ERROR,1,60.0,NOTIFY,SUCCESS,14006.51,2026-08-09 09:34:33.043570
SIM-TXN-03954,CUST-0281,Rahul Sharma,65.09,3852.22,UPI,INSUFFICIENT_FUNDS,1,38.0,ESCALATE,FAILED,0.0,2026-08-22 11:42:33.043570
SIM-TXN-03955,CUST-0132,Priya Patil,48.63,1533.77,WALLET,BANK_ERROR,0,65.0,NOTIFY,FAILED,0.0,2026-08-08 09:01:33.043570
SIM-TXN-03956,CUST-0423,Amit Joshi,79.86,1496.51,NETBANKING,BANK_TIMEOUT,1,78.0,RETRY,SUCCESS,1496.51,2026-08-07 18:52:33.043570
SIM-TXN-03957,CUST-0095,Rohan Deshmukh,92.99,2265.71,UPI,BANK_ERROR,2,50.0,STOP,NOT_ATTEMPTED,0.0,2026-08-19 20:56:33.043570
SIM-TXN-03958,CUST-0008,Pooja Jadhav,55.54,2015.05,CARD,BANK_TIMEOUT,0,78.0,RETRY,FAILED,0.0,2026-08-14 01:44:33.043570
SIM-TXN-03959,CUST-0387,Aditya More,48.77,5963.82,UPI,BANK_TIMEOUT,2,53.0,STOP,NOT_ATTEMPTED,0.0,2026-08-14 03:37:33.043570
SIM-TXN-03960,CUST-0157,Aditya More,84.35,2833.12,WALLET,INSUFFICIENT_FUNDS,1,43.0,ESCALATE,FAILED,0.0,2026-08-18 21:28:33.043570
SIM-TXN-03961,CUST-0316,Neha Shah,96.17,1359.26,CARD,BANK_TIMEOUT,1,83.0,RETRY,SUCCESS,1359.26,2026-08-17 20:40:33.043570
SIM-TXN-03962,CUST-0162,Priya Patil,70.89,11073.97,CARD,BANK_TIMEOUT,1,78.0,RETRY,SUCCESS,11073.97,2026-08-31 10:37:33.043570
SIM-TXN-03963,CUST-0239,Kunal Patil,54.32,2538.8,NETBANKING,AUTH_FAILED,2,17.0,STOP,NOT_ATTEMPTED,0.0,2026-08-27 03:34:33.043570
SIM-TXN-03964,CUST-0013,Amit Joshi,59.73,4514.6,CARD,UNKNOWN,1,25.0,ESCALATE,FAILED,0.0,2026-08-18 03:11:33.043570
SIM-TXN-03965,CUST-0300,Ananya Kulkarni,75.67,1500.3,UPI,AUTH_FAILED,1,42.0,ESCALATE,SUCCESS,1500.3,2026-08-06 14:29:33.043570
SIM-TXN-03966,CUST-0055,Rohan Deshmukh,76.61,3263.29,UPI,AUTH_FAILED,1,42.0,ESCALATE,FAILED,0.0,2026-08-26 05:32:33.043570
SIM-TXN-03967,CUST-0298,Pooja Jadhav,86.22,3130.31,UPI,UNKNOWN,0,40.0,ESCALATE,FAILED,0.0,2026-08-26 09:19:33.043570
SIM-TXN-03968,CUST-0451,Rahul Sharma,89.39,538.23,NETBANKING,BANK_ERROR,2,50.0,STOP,NOT_ATTEMPTED,0.0,2026-08-29 09:35:33.043570
SIM-TXN-03969,CUST-0411,Rahul Sharma,78.64,12237.01,WALLET,AUTH_FAILED,1,42.0,ESCALATE,FAILED,0.0,2026-08-21 06:24:33.043570
SIM-TXN-03970,CUST-0406,Neha Shah,97.98,6853.51,WALLET,INSUFFICIENT_FUNDS,0,48.0,ESCALATE,SUCCESS,6853.51,2026-08-19 01:20:33.043570
SIM-TXN-03971,CUST-0031,Rahul Sharma,82.2,1776.22,NETBANKING,UNKNOWN,1,35.0,ESCALATE,FAILED,0.0,2026-08-02 20:46:33.043570
SIM-TXN-03972,CUST-0262,Priya Patil,48.3,1010.48,WALLET,INSUFFICIENT_FUNDS,2,13.0,STOP,NOT_ATTEMPTED,0.0,2026-08-27 03:53:33.043570
SIM-TXN-03973,CUST-0500,Ananya Kulkarni,60.86,3222.94,UPI,BANK_TIMEOUT,2,58.0,STOP,NOT_ATTEMPTED,0.0,2026-08-03 06:29:33.043570
SIM-TXN-03974,CUST-0252,Priya Patil,70.68,2615.89,CARD,BANK_TIMEOUT,0,83.0,RETRY,SUCCESS,2615.89,2026-08-03 18:36:33.043570
SIM-TXN-03975,CUST-0026,Neha Shah,90.33,3243.91,CARD,BANK_ERROR,1,70.0,RETRY,SUCCESS,3243.91,2026-08-30 05:59:33.043570
SIM-TXN-03976,CUST-0066,Neha Shah,71.91,2844.84,NETBANKING,INSUFFICIENT_FUNDS,0,43.0,ESCALATE,SUCCESS,2844.84,2026-08-14 00:48:33.043570
SIM-TXN-03977,CUST-0262,Priya Patil,48.3,3659.17,WALLET,BANK_ERROR,0,65.0,NOTIFY,SUCCESS,3659.17,2026-08-07 03:03:33.043570
SIM-TXN-03978,CUST-0115,Rohan Deshmukh,89.31,7768.59,WALLET,AUTH_FAILED,1,47.0,ESCALATE,SUCCESS,7768.59,2026-08-10 07:45:33.043570
SIM-TXN-03979,CUST-0076,Neha Shah,57.69,3844.82,UPI,INSUFFICIENT_FUNDS,0,38.0,ESCALATE,SUCCESS,3844.82,2026-08-09 08:49:33.043570
SIM-TXN-03980,CUST-0103,Amit Joshi,79.93,1053.92,WALLET,INSUFFICIENT_FUNDS,2,18.0,STOP,NOT_ATTEMPTED,0.0,2026-08-08 13:02:33.043570
SIM-TXN-03981,CUST-0444,Sneha Kulkarni,65.33,7259.38,NETBANKING,BANK_TIMEOUT,0,83.0,RETRY,FAILED,0.0,2026-08-11 16:52:33.043570
SIM-TXN-03982,CUST-0002,Priya Patil,57.98,9067.86,UPI,BANK_TIMEOUT,2,53.0,STOP,NOT_ATTEMPTED,0.0,2026-08-25 09:50:33.043570
SIM-TXN-03983,CUST-0193,Amit Joshi,90.81,30383.21,NETBANKING,BANK_TIMEOUT,2,63.0,STOP,NOT_ATTEMPTED,0.0,2026-08-20 03:29:33.043570
SIM-TXN-03984,CUST-0233,Amit Joshi,69.14,993.47,UPI,BANK_TIMEOUT,2,58.0,STOP,NOT_ATTEMPTED,0.0,2026-08-02 00:14:33.043570
SIM-TXN-03985,CUST-0002,Priya Patil,57.98,2964.03,UPI,AUTH_FAILED,0,42.0,ESCALATE,SUCCESS,2964.03,2026-08-20 06:38:33.043570
SIM-TXN-03986,CUST-0409,Kunal Patil,93.55,461.43,UPI,BANK_TIMEOUT,1,83.0,RETRY,SUCCESS,461.43,2026-08-30 08:39:33.043570
SIM-TXN-03987,CUST-0078,Pooja Jadhav,49.54,3799.1,CARD,INSUFFICIENT_FUNDS,2,13.0,STOP,NOT_ATTEMPTED,0.0,2026-08-24 07:03:33.043570
SIM-TXN-03988,CUST-0104,Sneha Kulkarni,67.45,1574.1,WALLET,UNKNOWN,2,10.0,STOP,NOT_ATTEMPTED,0.0,2026-08-29 21:44:33.043570
SIM-TXN-03989,CUST-0023,Amit Joshi,75.6,11370.26,NETBANKING,BANK_ERROR,1,65.0,NOTIFY,SUCCESS,11370.26,2026-08-05 12:45:33.043570
SIM-TXN-03990,CUST-0483,Amit Joshi,92.88,1313.31,WALLET,INSUFFICIENT_FUNDS,1,43.0,ESCALATE,FAILED,0.0,2026-08-19 11:19:33.043570
SIM-TXN-03991,CUST-0126,Neha Shah,75.7,631.85,UPI,BANK_TIMEOUT,2,58.0,STOP,NOT_ATTEMPTED,0.0,2026-08-28 14:50:33.043570
SIM-TXN-03992,CUST-0264,Sneha Kulkarni,95.14,1674.03,CARD,BANK_TIMEOUT,0,88.0,RETRY,SUCCESS,1674.03,2026-08-06 04:40:33.043570
SIM-TXN-03993,CUST-0371,Rahul Sharma,77.13,502.51,WALLET,INSUFFICIENT_FUNDS,0,43.0,ESCALATE,FAILED,0.0,2026-08-25 14:38:33.043570
SIM-TXN-03994,CUST-0452,Priya Patil,97.94,4450.98,UPI,BANK_TIMEOUT,2,63.0,STOP,NOT_ATTEMPTED,0.0,2026-08-29 06:50:33.043570
SIM-TXN-03995,CUST-0285,Rohan Deshmukh,58.37,467.75,NETBANKING,AUTH_FAILED,1,37.0,ESCALATE,FAILED,0.0,2026-08-27 21:11:33.043570
SIM-TXN-03996,CUST-0493,Amit Joshi,52.59,2496.8,CARD,INSUFFICIENT_FUNDS,0,38.0,ESCALATE,SUCCESS,2496.8,2026-08-13 14:42:33.043570
SIM-TXN-03997,CUST-0413,Amit Joshi,63.44,463.01,UPI,INSUFFICIENT_FUNDS,0,43.0,ESCALATE,SUCCESS,463.01,2026-08-16 12:47:33.043570
SIM-TXN-03998,CUST-0391,Rahul Sharma,56.91,1888.92,WALLET,BANK_TIMEOUT,1,73.0,RETRY,SUCCESS,1888.92,2026-08-16 10:17:33.043570
SIM-TXN-03999,CUST-0193,Amit Joshi,90.81,9087.93,NETBANKING,UNKNOWN,1,35.0,ESCALATE,FAILED,0.0,2026-08-14 05:31:33.043570
SIM-TXN-04000,CUST-0442,Priya Patil,96.95,3256.86,WALLET,BANK_ERROR,0,75.0,RETRY,SUCCESS,3256.86,2026-08-06 03:16:33.043570
SIM-TXN-04001,CUST-0030,Ananya Kulkarni,56.1,1223.17,NETBANKING,AUTH_FAILED,2,17.0,STOP,NOT_ATTEMPTED,0.0,2026-08-02 12:28:33.043570
SIM-TXN-04002,CUST-0415,Rohan Deshmukh,90.46,2380.43,UPI,BANK_TIMEOUT,2,63.0,STOP,NOT_ATTEMPTED,0.0,2026-08-24 20:44:33.043570
SIM-TXN-04003,CUST-0078,Pooja Jadhav,49.54,2476.03,CARD,UNKNOWN,2,5.0,STOP,NOT_ATTEMPTED,0.0,2026-08-22 02:55:33.043570
SIM-TXN-04004,CUST-0306,Neha Shah,87.69,3562.1,NETBANKING,UNKNOWN,0,40.0,ESCALATE,SUCCESS,3562.1,2026-08-19 14:07:33.043570
SIM-TXN-04005,CUST-0073,Amit Joshi,62.18,817.71,NETBANKING,BANK_TIMEOUT,2,58.0,STOP,NOT_ATTEMPTED,0.0,2026-08-04 23:27:33.043570
SIM-TXN-04006,CUST-0255,Rohan Deshmukh,59.4,3920.81,NETBANKING,BANK_TIMEOUT,0,78.0,RETRY,SUCCESS,3920.81,2026-08-18 02:33:33.043570
SIM-TXN-04007,CUST-0327,Aditya More,70.84,280.48,WALLET,UNKNOWN,1,30.0,ESCALATE,SUCCESS,280.48,2026-08-11 21:44:33.043570
SIM-TXN-04008,CUST-0177,Aditya More,63.74,1474.53,UPI,UNKNOWN,0,35.0,ESCALATE,SUCCESS,1474.53,2026-08-09 01:09:33.043570
SIM-TXN-04009,CUST-0318,Pooja Jadhav,86.06,1651.4,CARD,BANK_TIMEOUT,2,63.0,STOP,NOT_ATTEMPTED,0.0,2026-08-16 21:36:33.043570
SIM-TXN-04010,CUST-0055,Rohan Deshmukh,76.61,4050.77,WALLET,AUTH_FAILED,0,47.0,ESCALATE,FAILED,0.0,2026-08-30 12:47:33.043570
SIM-TXN-04011,CUST-0499,Kunal Patil,95.1,2485.19,UPI,BANK_ERROR,1,70.0,RETRY,SUCCESS,2485.19,2026-08-19 21:13:33.043570
SIM-TXN-04012,CUST-0059,Kunal Patil,81.06,792.78,UPI,UNKNOWN,1,35.0,ESCALATE,FAILED,0.0,2026-08-11 18:14:33.043570
SIM-TXN-04013,CUST-0029,Kunal Patil,53.62,1109.88,WALLET,BANK_TIMEOUT,0,78.0,RETRY,SUCCESS,1109.88,2026-08-07 14:32:33.043570
SIM-TXN-04014,CUST-0288,Pooja Jadhav,56.88,2861.05,CARD,BANK_TIMEOUT,1,73.0,RETRY,SUCCESS,2861.05,2026-08-05 20:58:33.043570
SIM-TXN-04015,CUST-0371,Rahul Sharma,77.13,2291.01,CARD,INSUFFICIENT_FUNDS,0,43.0,ESCALATE,FAILED,0.0,2026-08-07 13:51:33.043570
SIM-TXN-04016,CUST-0291,Rahul Sharma,55.57,1535.64,WALLET,INSUFFICIENT_FUNDS,0,38.0,ESCALATE,SUCCESS,1535.64,2026-08-07 11:36:33.043570
SIM-TXN-04017,CUST-0016,Neha Shah,50.13,1661.26,NETBANKING,AUTH_FAILED,2,17.0,STOP,NOT_ATTEMPTED,0.0,2026-08-18 19:45:33.043570
SIM-TXN-04018,CUST-0006,Neha Shah,56.59,4259.62,WALLET,BANK_ERROR,1,60.0,NOTIFY,FAILED,0.0,2026-08-12 00:03:33.043570
SIM-TXN-04019,CUST-0490,Ananya Kulkarni,77.3,1612.99,NETBANKING,INSUFFICIENT_FUNDS,1,38.0,ESCALATE,SUCCESS,1612.99,2026-08-03 21:12:33.043570
SIM-TXN-04020,CUST-0497,Aditya More,92.76,2274.53,CARD,INSUFFICIENT_FUNDS,0,48.0,ESCALATE,FAILED,0.0,2026-08-20 20:35:33.043570
SIM-TXN-04021,CUST-0113,Amit Joshi,68.49,13848.74,NETBANKING,INSUFFICIENT_FUNDS,1,38.0,ESCALATE,FAILED,0.0,2026-08-02 22:26:33.043570
SIM-TXN-04022,CUST-0055,Rohan Deshmukh,76.61,781.37,NETBANKING,AUTH_FAILED,0,47.0,ESCALATE,SUCCESS,781.37,2026-08-24 12:14:33.043570
SIM-TXN-04023,CUST-0369,Kunal Patil,97.68,554.75,CARD,INSUFFICIENT_FUNDS,2,23.0,STOP,NOT_ATTEMPTED,0.0,2026-08-15 20:36:33.043570
SIM-TXN-04024,CUST-0252,Priya Patil,70.68,4568.19,NETBANKING,INSUFFICIENT_FUNDS,0,43.0,ESCALATE,SUCCESS,4568.19,2026-08-20 23:44:33.043570
SIM-TXN-04025,CUST-0043,Amit Joshi,56.27,1418.12,WALLET,BANK_ERROR,2,40.0,STOP,NOT_ATTEMPTED,0.0,2026-08-09 11:38:33.043570
SIM-TXN-04026,CUST-0084,Sneha Kulkarni,96.11,1892.04,UPI,UNKNOWN,2,15.0,STOP,NOT_ATTEMPTED,0.0,2026-08-07 12:49:33.043570
SIM-TXN-04027,CUST-0423,Amit Joshi,79.86,1306.46,CARD,BANK_ERROR,1,65.0,NOTIFY,SUCCESS,1306.46,2026-08-01 23:06:33.043570
SIM-TXN-04028,CUST-0261,Rahul Sharma,73.76,1982.59,WALLET,BANK_ERROR,2,45.0,STOP,NOT_ATTEMPTED,0.0,2026-08-19 10:08:33.043570
SIM-TXN-04029,CUST-0479,Kunal Patil,97.86,8767.71,WALLET,BANK_ERROR,0,75.0,RETRY,FAILED,0.0,2026-08-14 08:29:33.043570
SIM-TXN-04030,CUST-0040,Ananya Kulkarni,59.19,4636.44,WALLET,UNKNOWN,1,25.0,ESCALATE,FAILED,0.0,2026-08-21 21:44:33.043570
SIM-TXN-04031,CUST-0262,Priya Patil,48.3,4864.79,NETBANKING,INSUFFICIENT_FUNDS,2,13.0,STOP,NOT_ATTEMPTED,0.0,2026-08-15 03:29:33.043570
SIM-TXN-04032,CUST-0243,Amit Joshi,80.38,786.05,UPI,BANK_ERROR,2,50.0,STOP,NOT_ATTEMPTED,0.0,2026-08-09 01:20:33.043570
SIM-TXN-04033,CUST-0297,Aditya More,77.11,971.73,CARD,BANK_TIMEOUT,1,78.0,RETRY,SUCCESS,971.73,2026-08-20 13:50:33.043570
SIM-TXN-04034,CUST-0500,Ananya Kulkarni,60.86,251.83,NETBANKING,UNKNOWN,2,10.0,STOP,NOT_ATTEMPTED,0.0,2026-08-27 12:46:33.043570
SIM-TXN-04035,CUST-0248,Pooja Jadhav,84.41,1277.29,CARD,UNKNOWN,0,40.0,ESCALATE,SUCCESS,1277.29,2026-08-14 03:55:33.043570
SIM-TXN-04036,CUST-0416,Neha Shah,66.82,5246.74,UPI,BANK_TIMEOUT,1,78.0,RETRY,SUCCESS,5246.74,2026-08-19 00:17:33.043570
SIM-TXN-04037,CUST-0281,Rahul Sharma,65.09,3690.65,UPI,BANK_TIMEOUT,0,83.0,RETRY,SUCCESS,3690.65,2026-08-30 18:57:33.043570
SIM-TXN-04038,CUST-0222,Priya Patil,80.81,2044.26,NETBANKING,INSUFFICIENT_FUNDS,0,48.0,ESCALATE,SUCCESS,2044.26,2026-08-27 22:50:33.043570
SIM-TXN-04039,CUST-0403,Amit Joshi,58.27,2397.45,WALLET,BANK_TIMEOUT,2,53.0,STOP,NOT_ATTEMPTED,0.0,2026-08-14 08:52:33.043570
SIM-TXN-04040,CUST-0411,Rahul Sharma,78.64,1406.54,UPI,BANK_TIMEOUT,0,83.0,RETRY,SUCCESS,1406.54,2026-08-29 15:56:33.043570
SIM-TXN-04041,CUST-0253,Amit Joshi,59.55,2875.0,UPI,INSUFFICIENT_FUNDS,2,13.0,STOP,NOT_ATTEMPTED,0.0,2026-08-08 11:15:33.043570
SIM-TXN-04042,CUST-0238,Pooja Jadhav,86.26,4503.92,WALLET,BANK_TIMEOUT,0,88.0,RETRY,SUCCESS,4503.92,2026-08-17 03:27:33.043570
SIM-TXN-04043,CUST-0347,Aditya More,95.4,670.01,NETBANKING,AUTH_FAILED,2,27.0,STOP,NOT_ATTEMPTED,0.0,2026-08-24 16:02:33.043570
SIM-TXN-04044,CUST-0413,Amit Joshi,63.44,3101.74,UPI,BANK_TIMEOUT,2,58.0,STOP,NOT_ATTEMPTED,0.0,2026-08-25 07:28:33.043570
SIM-TXN-04045,CUST-0142,Priya Patil,51.94,5145.86,WALLET,AUTH_FAILED,2,17.0,STOP,NOT_ATTEMPTED,0.0,2026-08-02 20:18:33.043570
SIM-TXN-04046,CUST-0208,Pooja Jadhav,95.29,1750.96,UPI,BANK_ERROR,1,70.0,RETRY,FAILED,0.0,2026-08-06 09:01:33.043570
SIM-TXN-04047,CUST-0023,Amit Joshi,75.6,4275.09,CARD,BANK_TIMEOUT,1,78.0,RETRY,SUCCESS,4275.09,2026-08-31 16:03:33.043570
SIM-TXN-04048,CUST-0384,Sneha Kulkarni,69.91,23195.73,CARD,BANK_TIMEOUT,0,83.0,RETRY,FAILED,0.0,2026-08-07 04:21:33.043570
SIM-TXN-04049,CUST-0363,Amit Joshi,58.38,2245.15,NETBANKING,BANK_ERROR,2,40.0,STOP,NOT_ATTEMPTED,0.0,2026-08-25 19:33:33.043570
SIM-TXN-04050,CUST-0218,Pooja Jadhav,61.11,3343.07,CARD,BANK_TIMEOUT,1,78.0,RETRY,SUCCESS,3343.07,2026-08-31 00:02:33.043570
SIM-TXN-04051,CUST-0447,Aditya More,85.95,1352.29,UPI,AUTH_FAILED,0,52.0,NOTIFY,SUCCESS,1352.29,2026-08-04 15:12:33.043570
SIM-TXN-04052,CUST-0358,Pooja Jadhav,78.81,2821.44,WALLET,BANK_TIMEOUT,2,58.0,STOP,NOT_ATTEMPTED,0.0,2026-08-28 17:50:33.043570
SIM-TXN-04053,CUST-0319,Kunal Patil,68.09,3527.05,UPI,AUTH_FAILED,0,47.0,ESCALATE,SUCCESS,3527.05,2026-08-14 08:27:33.043570
SIM-TXN-04054,CUST-0017,Aditya More,77.0,2852.28,CARD,UNKNOWN,1,30.0,ESCALATE,FAILED,0.0,2026-08-23 09:37:33.043570
SIM-TXN-04055,CUST-0417,Aditya More,60.28,1079.49,UPI,BANK_TIMEOUT,2,58.0,STOP,NOT_ATTEMPTED,0.0,2026-08-24 09:08:33.043570
SIM-TXN-04056,CUST-0383,Amit Joshi,66.65,2878.69,WALLET,BANK_TIMEOUT,2,58.0,STOP,NOT_ATTEMPTED,0.0,2026-08-27 00:55:33.043570
SIM-TXN-04057,CUST-0213,Amit Joshi,74.38,7861.69,UPI,BANK_TIMEOUT,2,58.0,STOP,NOT_ATTEMPTED,0.0,2026-08-19 10:42:33.043570
SIM-TXN-04058,CUST-0453,Amit Joshi,90.86,3494.37,NETBANKING,UNKNOWN,2,15.0,STOP,NOT_ATTEMPTED,0.0,2026-08-29 20:43:33.043570
SIM-TXN-04059,CUST-0385,Rohan Deshmukh,57.27,5268.97,NETBANKING,UNKNOWN,0,30.0,ESCALATE,FAILED,0.0,2026-08-14 18:08:33.043570
SIM-TXN-04060,CUST-0433,Amit Joshi,82.62,2019.07,WALLET,UNKNOWN,2,15.0,STOP,NOT_ATTEMPTED,0.0,2026-08-16 17:56:33.043570
SIM-TXN-04061,CUST-0445,Rohan Deshmukh,71.94,4446.71,UPI,BANK_ERROR,2,45.0,STOP,NOT_ATTEMPTED,0.0,2026-08-07 06:33:33.043570
SIM-TXN-04062,CUST-0040,Ananya Kulkarni,59.19,3051.58,WALLET,BANK_TIMEOUT,1,73.0,RETRY,SUCCESS,3051.58,2026-08-25 21:59:33.043570
SIM-TXN-04063,CUST-0085,Rohan Deshmukh,85.03,1140.56,UPI,INSUFFICIENT_FUNDS,1,43.0,ESCALATE,FAILED,0.0,2026-08-27 04:34:33.043570
SIM-TXN-04064,CUST-0271,Rahul Sharma,70.88,3148.93,WALLET,AUTH_FAILED,2,22.0,STOP,NOT_ATTEMPTED,0.0,2026-08-01 22:44:33.043570
SIM-TXN-04065,CUST-0242,Priya Patil,69.19,1103.94,WALLET,BANK_TIMEOUT,2,58.0,STOP,NOT_ATTEMPTED,0.0,2026-08-04 08:23:33.043570
SIM-TXN-04066,CUST-0367,Aditya More,53.04,1471.0,UPI,BANK_TIMEOUT,1,73.0,RETRY,SUCCESS,1471.0,2026-08-03 00:59:33.043570
SIM-TXN-04067,CUST-0283,Amit Joshi,85.35,2839.73,UPI,INSUFFICIENT_FUNDS,2,23.0,STOP,NOT_ATTEMPTED,0.0,2026-08-23 04:18:33.043570
SIM-TXN-04068,CUST-0500,Ananya Kulkarni,60.86,3095.78,CARD,INSUFFICIENT_FUNDS,0,43.0,ESCALATE,FAILED,0.0,2026-08-28 13:18:33.043570
SIM-TXN-04069,CUST-0325,Rohan Deshmukh,62.83,942.57,NETBANKING,UNKNOWN,1,30.0,ESCALATE,FAILED,0.0,2026-08-07 06:42:33.043570
SIM-TXN-04070,CUST-0275,Rohan Deshmukh,93.74,5671.38,NETBANKING,BANK_TIMEOUT,0,88.0,RETRY,SUCCESS,5671.38,2026-08-20 20:52:33.043570
SIM-TXN-04071,CUST-0287,Aditya More,47.76,3856.85,UPI,INSUFFICIENT_FUNDS,0,38.0,ESCALATE,FAILED,0.0,2026-08-26 16:28:33.043570
SIM-TXN-04072,CUST-0008,Pooja Jadhav,55.54,1388.83,NETBANKING,AUTH_FAILED,1,37.0,ESCALATE,FAILED,0.0,2026-08-24 13:38:33.043570
SIM-TXN-04073,CUST-0017,Aditya More,77.0,713.32,NETBANKING,BANK_TIMEOUT,2,58.0,STOP,NOT_ATTEMPTED,0.0,2026-08-15 03:10:33.043570
SIM-TXN-04074,CUST-0100,Ananya Kulkarni,75.54,2173.46,CARD,INSUFFICIENT_FUNDS,0,43.0,ESCALATE,FAILED,0.0,2026-08-10 06:22:33.043570
SIM-TXN-04075,CUST-0084,Sneha Kulkarni,96.11,1708.28,UPI,UNKNOWN,1,35.0,ESCALATE,FAILED,0.0,2026-08-19 06:53:33.043570
SIM-TXN-04076,CUST-0309,Kunal Patil,48.65,2671.81,WALLET,AUTH_FAILED,2,17.0,STOP,NOT_ATTEMPTED,0.0,2026-08-17 19:53:33.043570
SIM-TXN-04077,CUST-0434,Sneha Kulkarni,74.19,1825.31,WALLET,BANK_ERROR,2,45.0,STOP,NOT_ATTEMPTED,0.0,2026-08-23 06:41:33.043570
SIM-TXN-04078,CUST-0011,Rahul Sharma,85.22,489.82,WALLET,BANK_ERROR,2,50.0,STOP,NOT_ATTEMPTED,0.0,2026-08-18 00:22:33.043570
SIM-TXN-04079,CUST-0034,Sneha Kulkarni,53.66,1788.84,UPI,BANK_ERROR,0,65.0,NOTIFY,SUCCESS,1788.84,2026-08-18 09:17:33.043570
SIM-TXN-04080,CUST-0357,Aditya More,60.48,1911.23,CARD,INSUFFICIENT_FUNDS,0,43.0,ESCALATE,SUCCESS,1911.23,2026-08-07 01:03:33.043570
SIM-TXN-04081,CUST-0430,Ananya Kulkarni,68.22,4051.85,NETBANKING,BANK_ERROR,0,70.0,RETRY,SUCCESS,4051.85,2026-08-01 23:47:33.043570
SIM-TXN-04082,CUST-0246,Neha Shah,67.62,1396.1,CARD,UNKNOWN,0,35.0,ESCALATE,FAILED,0.0,2026-08-31 07:36:33.043570
SIM-TXN-04083,CUST-0268,Pooja Jadhav,84.93,9348.21,CARD,INSUFFICIENT_FUNDS,1,43.0,ESCALATE,FAILED,0.0,2026-08-06 21:51:33.043570
SIM-TXN-04084,CUST-0318,Pooja Jadhav,86.06,528.84,CARD,AUTH_FAILED,2,27.0,STOP,NOT_ATTEMPTED,0.0,2026-08-08 00:33:33.043570
SIM-TXN-04085,CUST-0148,Pooja Jadhav,94.46,6966.96,NETBANKING,AUTH_FAILED,2,27.0,STOP,NOT_ATTEMPTED,0.0,2026-08-04 19:00:33.043570
SIM-TXN-04086,CUST-0113,Amit Joshi,68.49,2039.67,NETBANKING,BANK_TIMEOUT,0,83.0,RETRY,SUCCESS,2039.67,2026-08-29 03:04:33.043570
SIM-TXN-04087,CUST-0415,Rohan Deshmukh,90.46,4854.53,UPI,INSUFFICIENT_FUNDS,1,43.0,ESCALATE,FAILED,0.0,2026-08-03 22:08:33.043570
SIM-TXN-04088,CUST-0076,Neha Shah,57.69,2601.49,UPI,BANK_TIMEOUT,1,73.0,RETRY,SUCCESS,2601.49,2026-08-18 09:20:33.043570
SIM-TXN-04089,CUST-0391,Rahul Sharma,56.91,6073.22,WALLET,INSUFFICIENT_FUNDS,2,13.0,STOP,NOT_ATTEMPTED,0.0,2026-08-15 00:35:33.043570
SIM-TXN-04090,CUST-0207,Aditya More,64.3,1790.25,CARD,INSUFFICIENT_FUNDS,0,43.0,ESCALATE,FAILED,0.0,2026-08-29 18:07:33.043570
SIM-TXN-04091,CUST-0442,Priya Patil,96.95,1013.44,NETBANKING,BANK_ERROR,2,50.0,STOP,NOT_ATTEMPTED,0.0,2026-08-05 22:03:33.043570
SIM-TXN-04092,CUST-0048,Pooja Jadhav,67.71,7603.8,UPI,BANK_TIMEOUT,0,83.0,RETRY,FAILED,0.0,2026-08-14 08:34:33.043570
SIM-TXN-04093,CUST-0467,Aditya More,50.28,2228.79,NETBANKING,BANK_ERROR,0,65.0,NOTIFY,SUCCESS,2228.79,2026-08-28 10:10:33.043570
SIM-TXN-04094,CUST-0404,Sneha Kulkarni,57.13,2913.9,UPI,BANK_ERROR,1,60.0,NOTIFY,SUCCESS,2913.9,2026-08-26 21:41:33.043570
SIM-TXN-04095,CUST-0173,Amit Joshi,67.78,6553.81,UPI,BANK_ERROR,0,70.0,RETRY,SUCCESS,6553.81,2026-08-05 06:22:33.043570
SIM-TXN-04096,CUST-0464,Sneha Kulkarni,51.69,1068.95,WALLET,BANK_ERROR,1,60.0,NOTIFY,FAILED,0.0,2026-08-07 21:18:33.043570
SIM-TXN-04097,CUST-0120,Ananya Kulkarni,65.09,3929.99,WALLET,AUTH_FAILED,2,22.0,STOP,NOT_ATTEMPTED,0.0,2026-08-06 06:30:33.043570
SIM-TXN-04098,CUST-0175,Rohan Deshmukh,92.64,1522.46,CARD,BANK_ERROR,1,70.0,RETRY,FAILED,0.0,2026-08-30 21:27:33.043570
SIM-TXN-04099,CUST-0024,Sneha Kulkarni,47.43,2195.72,WALLET,INSUFFICIENT_FUNDS,0,38.0,ESCALATE,SUCCESS,2195.72,2026-08-19 05:41:33.043570
SIM-TXN-04100,CUST-0010,Ananya Kulkarni,76.23,2585.89,NETBANKING,BANK_TIMEOUT,1,78.0,RETRY,SUCCESS,2585.89,2026-08-18 14:53:33.043570
SIM-TXN-04101,CUST-0396,Neha Shah,93.82,734.96,WALLET,BANK_TIMEOUT,1,83.0,RETRY,SUCCESS,734.96,2026-08-18 02:06:33.043570
SIM-TXN-04102,CUST-0034,Sneha Kulkarni,53.66,1308.88,UPI,BANK_ERROR,1,60.0,NOTIFY,SUCCESS,1308.88,2026-08-24 13:08:33.043570
SIM-TXN-04103,CUST-0238,Pooja Jadhav,86.26,7192.96,WALLET,BANK_TIMEOUT,1,83.0,RETRY,SUCCESS,7192.96,2026-08-23 16:00:33.043570
SIM-TXN-04104,CUST-0273,Amit Joshi,65.61,4958.97,CARD,UNKNOWN,1,30.0,ESCALATE,FAILED,0.0,2026-08-04 13:48:33.043570
SIM-TXN-04105,CUST-0111,Rahul Sharma,67.36,2321.31,NETBANKING,BANK_TIMEOUT,1,78.0,RETRY,FAILED,0.0,2026-08-25 21:57:33.043570
SIM-TXN-04106,CUST-0009,Kunal Patil,67.23,2964.6,WALLET,INSUFFICIENT_FUNDS,1,38.0,ESCALATE,FAILED,0.0,2026-08-15 12:31:33.043570
SIM-TXN-04107,CUST-0258,Pooja Jadhav,65.3,1928.71,WALLET,INSUFFICIENT_FUNDS,2,18.0,STOP,NOT_ATTEMPTED,0.0,2026-08-10 00:44:33.043570
SIM-TXN-04108,CUST-0197,Aditya More,51.11,7224.74,CARD,BANK_TIMEOUT,1,73.0,RETRY,SUCCESS,7224.74,2026-08-19 17:47:33.043570
SIM-TXN-04109,CUST-0351,Rahul Sharma,76.63,2079.16,CARD,AUTH_FAILED,1,42.0,ESCALATE,SUCCESS,2079.16,2026-08-25 06:47:33.043570
SIM-TXN-04110,CUST-0427,Aditya More,78.15,2937.97,UPI,BANK_ERROR,1,65.0,NOTIFY,SUCCESS,2937.97,2026-08-13 04:46:33.043570
SIM-TXN-04111,CUST-0070,Ananya Kulkarni,64.82,6104.76,WALLET,BANK_TIMEOUT,2,58.0,STOP,NOT_ATTEMPTED,0.0,2026-08-11 04:55:33.043570
SIM-TXN-04112,CUST-0074,Sneha Kulkarni,50.93,1310.42,UPI,BANK_ERROR,2,40.0,STOP,NOT_ATTEMPTED,0.0,2026-08-11 04:32:33.043570
SIM-TXN-04113,CUST-0483,Amit Joshi,92.88,8493.29,WALLET,BANK_ERROR,1,70.0,RETRY,SUCCESS,8493.29,2026-08-08 02:05:33.043570
SIM-TXN-04114,CUST-0184,Sneha Kulkarni,86.47,717.4,CARD,AUTH_FAILED,2,27.0,STOP,NOT_ATTEMPTED,0.0,2026-08-21 09:59:33.043570
SIM-TXN-04115,CUST-0370,Ananya Kulkarni,74.58,8988.61,WALLET,AUTH_FAILED,2,22.0,STOP,NOT_ATTEMPTED,0.0,2026-08-04 03:53:33.043570
SIM-TXN-04116,CUST-0209,Kunal Patil,78.03,1811.41,UPI,UNKNOWN,1,30.0,ESCALATE,FAILED,0.0,2026-08-25 14:34:33.043570
SIM-TXN-04117,CUST-0202,Priya Patil,51.13,2009.9,CARD,AUTH_FAILED,0,42.0,ESCALATE,SUCCESS,2009.9,2026-08-17 00:26:33.043570
SIM-TXN-04118,CUST-0400,Ananya Kulkarni,68.2,538.07,CARD,BANK_ERROR,1,65.0,NOTIFY,SUCCESS,538.07,2026-08-02 22:42:33.043570
SIM-TXN-04119,CUST-0352,Priya Patil,89.13,1696.23,CARD,AUTH_FAILED,1,47.0,ESCALATE,SUCCESS,1696.23,2026-08-20 19:39:33.043570
SIM-TXN-04120,CUST-0381,Rahul Sharma,57.71,1062.26,NETBANKING,BANK_TIMEOUT,2,53.0,STOP,NOT_ATTEMPTED,0.0,2026-08-22 05:48:33.043570
SIM-TXN-04121,CUST-0220,Ananya Kulkarni,77.15,1500.99,UPI,UNKNOWN,1,30.0,ESCALATE,SUCCESS,1500.99,2026-08-31 15:45:33.043570
SIM-TXN-04122,CUST-0378,Pooja Jadhav,95.22,2186.71,WALLET,BANK_ERROR,0,75.0,RETRY,FAILED,0.0,2026-08-24 13:18:33.043570
SIM-TXN-04123,CUST-0305,Rohan Deshmukh,90.07,5251.31,WALLET,UNKNOWN,2,15.0,STOP,NOT_ATTEMPTED,0.0,2026-08-17 05:14:33.043570
SIM-TXN-04124,CUST-0177,Aditya More,63.74,2881.55,WALLET,BANK_TIMEOUT,0,83.0,RETRY,SUCCESS,2881.55,2026-08-03 01:08:33.043570
SIM-TXN-04125,CUST-0124,Sneha Kulkarni,53.2,3121.73,NETBANKING,INSUFFICIENT_FUNDS,0,38.0,ESCALATE,FAILED,0.0,2026-08-23 11:49:33.043570
SIM-TXN-04126,CUST-0108,Pooja Jadhav,87.43,1015.96,CARD,INSUFFICIENT_FUNDS,1,43.0,ESCALATE,FAILED,0.0,2026-08-09 23:51:33.043570
SIM-TXN-04127,CUST-0031,Rahul Sharma,82.2,1206.4,CARD,INSUFFICIENT_FUNDS,2,23.0,STOP,NOT_ATTEMPTED,0.0,2026-08-08 11:46:33.043570
SIM-TXN-04128,CUST-0247,Aditya More,68.63,10290.54,UPI,BANK_TIMEOUT,1,78.0,RETRY,SUCCESS,10290.54,2026-08-31 10:18:33.043570
SIM-TXN-04129,CUST-0455,Rohan Deshmukh,62.62,1355.38,UPI,BANK_ERROR,1,65.0,NOTIFY,SUCCESS,1355.38,2026-08-09 06:30:33.043570
SIM-TXN-04130,CUST-0030,Ananya Kulkarni,56.1,9181.69,CARD,INSUFFICIENT_FUNDS,2,13.0,STOP,NOT_ATTEMPTED,0.0,2026-08-26 12:16:33.043570
SIM-TXN-04131,CUST-0191,Rahul Sharma,56.81,2009.32,NETBANKING,BANK_TIMEOUT,2,53.0,STOP,NOT_ATTEMPTED,0.0,2026-08-20 04:24:33.043570
SIM-TXN-04132,CUST-0296,Neha Shah,85.65,2445.07,UPI,AUTH_FAILED,1,47.0,ESCALATE,SUCCESS,2445.07,2026-08-06 12:05:33.043570
SIM-TXN-04133,CUST-0428,Pooja Jadhav,55.79,5746.19,UPI,BANK_ERROR,0,65.0,NOTIFY,SUCCESS,5746.19,2026-08-09 22:40:33.043570
SIM-TXN-04134,CUST-0096,Neha Shah,48.76,6751.46,CARD,BANK_TIMEOUT,2,53.0,STOP,NOT_ATTEMPTED,0.0,2026-08-20 14:18:33.043570
SIM-TXN-04135,CUST-0493,Amit Joshi,52.59,2233.56,UPI,UNKNOWN,0,30.0,ESCALATE,FAILED,0.0,2026-08-13 21:39:33.043570
SIM-TXN-04136,CUST-0095,Rohan Deshmukh,92.99,1788.99,NETBANKING,AUTH_FAILED,1,47.0,ESCALATE,FAILED,0.0,2026-08-04 13:06:33.043570
SIM-TXN-04137,CUST-0217,Aditya More,66.52,2333.82,UPI,AUTH_FAILED,1,42.0,ESCALATE,FAILED,0.0,2026-08-02 16:04:33.043570
SIM-TXN-04138,CUST-0472,Priya Patil,79.44,3198.27,UPI,BANK_TIMEOUT,1,78.0,RETRY,FAILED,0.0,2026-08-22 01:44:33.043570
SIM-TXN-04139,CUST-0455,Rohan Deshmukh,62.62,4979.29,NETBANKING,INSUFFICIENT_FUNDS,2,18.0,STOP,NOT_ATTEMPTED,0.0,2026-08-02 06:44:33.043570
SIM-TXN-04140,CUST-0482,Priya Patil,68.51,2448.87,CARD,BANK_TIMEOUT,0,83.0,RETRY,SUCCESS,2448.87,2026-08-22 16:08:33.043570
SIM-TXN-04141,CUST-0094,Sneha Kulkarni,48.12,4004.24,NETBANKING,BANK_TIMEOUT,1,73.0,RETRY,SUCCESS,4004.24,2026-08-06 22:32:33.043570
SIM-TXN-04142,CUST-0442,Priya Patil,96.95,9051.52,CARD,INSUFFICIENT_FUNDS,2,23.0,STOP,NOT_ATTEMPTED,0.0,2026-08-14 11:18:33.043570
SIM-TXN-04143,CUST-0401,Rahul Sharma,47.11,3311.14,CARD,BANK_ERROR,2,40.0,STOP,NOT_ATTEMPTED,0.0,2026-08-02 00:47:33.043570
SIM-TXN-04144,CUST-0277,Aditya More,76.37,3131.67,UPI,BANK_TIMEOUT,2,58.0,STOP,NOT_ATTEMPTED,0.0,2026-08-19 21:21:33.043570
SIM-TXN-04145,CUST-0388,Pooja Jadhav,93.97,724.06,NETBANKING,UNKNOWN,0,40.0,ESCALATE,SUCCESS,724.06,2026-08-17 17:02:33.043570
SIM-TXN-04146,CUST-0316,Neha Shah,96.17,297.5,NETBANKING,INSUFFICIENT_FUNDS,0,48.0,ESCALATE,FAILED,0.0,2026-08-11 18:09:33.043570
SIM-TXN-04147,CUST-0378,Pooja Jadhav,95.22,3329.91,CARD,AUTH_FAILED,1,47.0,ESCALATE,FAILED,0.0,2026-08-24 05:44:33.043570
SIM-TXN-04148,CUST-0093,Amit Joshi,45.38,2262.31,UPI,AUTH_FAILED,0,42.0,ESCALATE,FAILED,0.0,2026-08-07 03:42:33.043570
SIM-TXN-04149,CUST-0421,Rahul Sharma,51.14,1616.75,NETBANKING,BANK_ERROR,2,40.0,STOP,NOT_ATTEMPTED,0.0,2026-08-03 23:07:33.043570
SIM-TXN-04150,CUST-0153,Amit Joshi,45.41,2965.57,WALLET,UNKNOWN,0,30.0,ESCALATE,SUCCESS,2965.57,2026-08-21 09:07:33.043570
SIM-TXN-04151,CUST-0368,Pooja Jadhav,95.3,2325.47,WALLET,BANK_ERROR,2,50.0,STOP,NOT_ATTEMPTED,0.0,2026-08-16 20:38:33.043570
SIM-TXN-04152,CUST-0422,Priya Patil,90.84,6016.28,CARD,BANK_TIMEOUT,2,63.0,STOP,NOT_ATTEMPTED,0.0,2026-08-31 02:57:33.043570
SIM-TXN-04153,CUST-0156,Neha Shah,59.02,2614.66,CARD,BANK_ERROR,2,40.0,STOP,NOT_ATTEMPTED,0.0,2026-08-24 01:21:33.043570
SIM-TXN-04154,CUST-0136,Neha Shah,47.11,1342.73,NETBANKING,AUTH_FAILED,0,42.0,ESCALATE,FAILED,0.0,2026-08-01 19:35:33.043570
SIM-TXN-04155,CUST-0259,Kunal Patil,82.44,5389.1,WALLET,INSUFFICIENT_FUNDS,1,43.0,ESCALATE,FAILED,0.0,2026-08-20 20:17:33.043570
SIM-TXN-04156,CUST-0384,Sneha Kulkarni,69.91,2051.44,NETBANKING,BANK_ERROR,1,65.0,NOTIFY,FAILED,0.0,2026-08-02 18:40:33.043570
SIM-TXN-04157,CUST-0087,Aditya More,97.74,3719.07,UPI,BANK_TIMEOUT,2,63.0,STOP,NOT_ATTEMPTED,0.0,2026-08-06 11:46:33.043570
SIM-TXN-04158,CUST-0290,Ananya Kulkarni,84.97,1665.82,CARD,UNKNOWN,2,15.0,STOP,NOT_ATTEMPTED,0.0,2026-08-03 21:42:33.043570
SIM-TXN-04159,CUST-0085,Rohan Deshmukh,85.03,1451.19,UPI,BANK_TIMEOUT,1,83.0,RETRY,SUCCESS,1451.19,2026-08-15 09:52:33.043570
SIM-TXN-04160,CUST-0452,Priya Patil,97.94,2610.6,UPI,INSUFFICIENT_FUNDS,1,43.0,ESCALATE,SUCCESS,2610.6,2026-08-27 20:12:33.043570
SIM-TXN-04161,CUST-0468,Pooja Jadhav,45.81,2465.78,CARD,BANK_TIMEOUT,0,78.0,RETRY,FAILED,0.0,2026-08-17 15:37:33.043570
SIM-TXN-04162,CUST-0491,Rahul Sharma,77.84,3582.66,CARD,BANK_TIMEOUT,0,83.0,RETRY,SUCCESS,3582.66,2026-08-09 10:13:33.043570
SIM-TXN-04163,CUST-0126,Neha Shah,75.7,1968.61,UPI,BANK_ERROR,0,70.0,RETRY,FAILED,0.0,2026-08-31 11:05:33.043570
SIM-TXN-04164,CUST-0413,Amit Joshi,63.44,561.67,UPI,BANK_ERROR,0,70.0,RETRY,SUCCESS,561.67,2026-08-12 02:05:33.043570
SIM-TXN-04165,CUST-0173,Amit Joshi,67.78,1726.38,UPI,BANK_TIMEOUT,0,83.0,RETRY,SUCCESS,1726.38,2026-08-28 05:27:33.043570
SIM-TXN-04166,CUST-0259,Kunal Patil,82.44,4605.72,NETBANKING,INSUFFICIENT_FUNDS,2,23.0,STOP,NOT_ATTEMPTED,0.0,2026-08-11 06:19:33.043570
SIM-TXN-04167,CUST-0320,Ananya Kulkarni,59.22,1923.88,CARD,BANK_TIMEOUT,0,78.0,RETRY,FAILED,0.0,2026-08-15 04:41:33.043570
SIM-TXN-04168,CUST-0436,Neha Shah,97.59,2003.99,CARD,BANK_TIMEOUT,2,63.0,STOP,NOT_ATTEMPTED,0.0,2026-08-21 05:05:33.043570
SIM-TXN-04169,CUST-0068,Pooja Jadhav,89.61,5372.78,UPI,BANK_TIMEOUT,1,83.0,RETRY,SUCCESS,5372.78,2026-08-26 07:00:33.043570
SIM-TXN-04170,CUST-0331,Rahul Sharma,74.46,1380.8,CARD,BANK_TIMEOUT,1,78.0,RETRY,SUCCESS,1380.8,2026-08-05 21:46:33.043570
SIM-TXN-04171,CUST-0083,Amit Joshi,91.24,710.35,UPI,INSUFFICIENT_FUNDS,1,43.0,ESCALATE,FAILED,0.0,2026-08-29 00:37:33.043570
SIM-TXN-04172,CUST-0202,Priya Patil,51.13,2146.29,CARD,BANK_ERROR,0,65.0,NOTIFY,SUCCESS,2146.29,2026-08-12 20:05:33.043570
SIM-TXN-04173,CUST-0496,Neha Shah,92.64,1656.83,CARD,BANK_ERROR,0,75.0,RETRY,SUCCESS,1656.83,2026-08-15 20:27:33.043570
SIM-TXN-04174,CUST-0302,Priya Patil,66.02,1126.65,CARD,BANK_ERROR,0,70.0,RETRY,FAILED,0.0,2026-08-19 06:19:33.043570
SIM-TXN-04175,CUST-0094,Sneha Kulkarni,48.12,2121.12,NETBANKING,AUTH_FAILED,2,17.0,STOP,NOT_ATTEMPTED,0.0,2026-08-06 00:26:33.043570
SIM-TXN-04176,CUST-0290,Ananya Kulkarni,84.97,3616.29,WALLET,BANK_TIMEOUT,1,83.0,RETRY,SUCCESS,3616.29,2026-08-06 05:46:33.043570
SIM-TXN-04177,CUST-0301,Rahul Sharma,75.52,2422.53,WALLET,BANK_TIMEOUT,1,78.0,RETRY,SUCCESS,2422.53,2026-08-12 05:10:33.043570
SIM-TXN-04178,CUST-0052,Priya Patil,85.06,3119.99,CARD,BANK_ERROR,2,50.0,STOP,NOT_ATTEMPTED,0.0,2026-08-20 00:43:33.043570
SIM-TXN-04179,CUST-0066,Neha Shah,71.91,10412.12,NETBANKING,UNKNOWN,1,30.0,ESCALATE,FAILED,0.0,2026-08-24 22:35:33.043570
SIM-TXN-04180,CUST-0323,Amit Joshi,57.92,1855.11,NETBANKING,UNKNOWN,1,25.0,ESCALATE,SUCCESS,1855.11,2026-08-08 05:55:33.043570
SIM-TXN-04181,CUST-0360,Ananya Kulkarni,75.43,3049.34,WALLET,BANK_TIMEOUT,0,83.0,RETRY,SUCCESS,3049.34,2026-08-12 04:37:33.043570
SIM-TXN-04182,CUST-0014,Sneha Kulkarni,95.73,1623.97,CARD,BANK_TIMEOUT,2,63.0,STOP,NOT_ATTEMPTED,0.0,2026-08-26 01:11:33.043570
SIM-TXN-04183,CUST-0463,Amit Joshi,71.25,1240.06,CARD,BANK_TIMEOUT,1,78.0,RETRY,SUCCESS,1240.06,2026-08-09 08:31:33.043570
SIM-TXN-04184,CUST-0362,Priya Patil,54.77,1528.55,NETBANKING,BANK_TIMEOUT,2,53.0,STOP,NOT_ATTEMPTED,0.0,2026-08-12 06:29:33.043570
SIM-TXN-04185,CUST-0441,Rahul Sharma,67.02,1664.02,UPI,BANK_ERROR,1,65.0,NOTIFY,SUCCESS,1664.02,2026-08-11 08:12:33.043570
SIM-TXN-04186,CUST-0369,Kunal Patil,97.68,3253.81,UPI,INSUFFICIENT_FUNDS,2,23.0,STOP,NOT_ATTEMPTED,0.0,2026-08-30 21:51:33.043570
SIM-TXN-04187,CUST-0054,Sneha Kulkarni,86.98,15982.68,UPI,BANK_TIMEOUT,2,63.0,STOP,NOT_ATTEMPTED,0.0,2026-08-21 21:19:33.043570
SIM-TXN-04188,CUST-0249,Kunal Patil,68.85,1376.32,WALLET,UNKNOWN,2,10.0,STOP,NOT_ATTEMPTED,0.0,2026-08-08 03:30:33.043570
SIM-TXN-04189,CUST-0134,Sneha Kulkarni,66.4,1748.83,CARD,BANK_ERROR,1,65.0,NOTIFY,FAILED,0.0,2026-08-13 05:28:33.043570
SIM-TXN-04190,CUST-0441,Rahul Sharma,67.02,2320.42,UPI,BANK_TIMEOUT,2,58.0,STOP,NOT_ATTEMPTED,0.0,2026-08-26 14:31:33.043570
SIM-TXN-04191,CUST-0121,Rahul Sharma,59.06,3349.74,NETBANKING,INSUFFICIENT_FUNDS,2,13.0,STOP,NOT_ATTEMPTED,0.0,2026-08-16 09:57:33.043570
SIM-TXN-04192,CUST-0359,Kunal Patil,50.44,3013.45,UPI,UNKNOWN,2,5.0,STOP,NOT_ATTEMPTED,0.0,2026-08-09 23:56:33.043570
SIM-TXN-04193,CUST-0377,Aditya More,77.31,6817.69,UPI,UNKNOWN,1,30.0,ESCALATE,FAILED,0.0,2026-08-23 18:38:33.043570
SIM-TXN-04194,CUST-0253,Amit Joshi,59.55,350.33,WALLET,BANK_TIMEOUT,2,53.0,STOP,NOT_ATTEMPTED,0.0,2026-08-19 04:26:33.043570
SIM-TXN-04195,CUST-0425,Rohan Deshmukh,54.94,361.57,CARD,AUTH_FAILED,0,42.0,ESCALATE,FAILED,0.0,2026-08-28 14:12:33.043570
SIM-TXN-04196,CUST-0302,Priya Patil,66.02,1641.39,WALLET,UNKNOWN,1,30.0,ESCALATE,SUCCESS,1641.39,2026-08-29 21:27:33.043570
SIM-TXN-04197,CUST-0483,Amit Joshi,92.88,5871.35,NETBANKING,BANK_TIMEOUT,1,83.0,RETRY,SUCCESS,5871.35,2026-08-14 23:32:33.043570
SIM-TXN-04198,CUST-0492,Priya Patil,71.38,697.49,UPI,BANK_ERROR,2,45.0,STOP,NOT_ATTEMPTED,0.0,2026-08-16 23:17:33.043570
SIM-TXN-04199,CUST-0326,Neha Shah,90.1,220.06,NETBANKING,AUTH_FAILED,2,27.0,STOP,NOT_ATTEMPTED,0.0,2026-08-25 18:54:33.043570
SIM-TXN-04200,CUST-0272,Priya Patil,68.1,3854.3,CARD,BANK_TIMEOUT,1,78.0,RETRY,SUCCESS,3854.3,2026-08-23 12:52:33.043570
SIM-TXN-04201,CUST-0070,Ananya Kulkarni,64.82,2965.87,CARD,BANK_ERROR,0,70.0,RETRY,FAILED,0.0,2026-08-13 21:38:33.043570
SIM-TXN-04202,CUST-0204,Sneha Kulkarni,82.57,1020.28,CARD,BANK_ERROR,1,70.0,RETRY,SUCCESS,1020.28,2026-08-11 15:40:33.043570
SIM-TXN-04203,CUST-0442,Priya Patil,96.95,1109.39,NETBANKING,INSUFFICIENT_FUNDS,2,23.0,STOP,NOT_ATTEMPTED,0.0,2026-08-18 18:38:33.043570
SIM-TXN-04204,CUST-0042,Priya Patil,91.45,1123.5,WALLET,INSUFFICIENT_FUNDS,0,48.0,ESCALATE,FAILED,0.0,2026-08-09 15:30:33.043570
SIM-TXN-04205,CUST-0094,Sneha Kulkarni,48.12,2666.25,UPI,INSUFFICIENT_FUNDS,0,38.0,ESCALATE,FAILED,0.0,2026-08-17 20:10:33.043570
SIM-TXN-04206,CUST-0374,Sneha Kulkarni,60.76,1478.74,WALLET,INSUFFICIENT_FUNDS,0,43.0,ESCALATE,FAILED,0.0,2026-08-15 10:30:33.043570
SIM-TXN-04207,CUST-0229,Kunal Patil,87.75,3623.7,WALLET,BANK_TIMEOUT,0,88.0,RETRY,SUCCESS,3623.7,2026-08-13 06:09:33.043570
SIM-TXN-04208,CUST-0451,Rahul Sharma,89.39,248.71,UPI,BANK_TIMEOUT,0,88.0,RETRY,SUCCESS,248.71,2026-08-09 12:08:33.043570
SIM-TXN-04209,CUST-0406,Neha Shah,97.98,1229.69,NETBANKING,BANK_TIMEOUT,0,88.0,RETRY,SUCCESS,1229.69,2026-08-27 21:16:33.043570
SIM-TXN-04210,CUST-0090,Ananya Kulkarni,56.91,991.44,UPI,AUTH_FAILED,2,17.0,STOP,NOT_ATTEMPTED,0.0,2026-08-31 14:32:33.043570
SIM-TXN-04211,CUST-0214,Sneha Kulkarni,67.28,1988.09,WALLET,BANK_ERROR,0,70.0,RETRY,SUCCESS,1988.09,2026-08-19 22:14:33.043570
SIM-TXN-04212,CUST-0001,Rahul Sharma,50.9,1586.94,NETBANKING,BANK_TIMEOUT,0,78.0,RETRY,FAILED,0.0,2026-08-18 05:36:33.043570
SIM-TXN-04213,CUST-0221,Rahul Sharma,69.64,4620.58,UPI,BANK_TIMEOUT,1,78.0,RETRY,SUCCESS,4620.58,2026-08-31 05:40:33.043570
SIM-TXN-04214,CUST-0021,Rahul Sharma,88.96,551.44,CARD,BANK_TIMEOUT,2,63.0,STOP,NOT_ATTEMPTED,0.0,2026-08-05 04:44:33.043570
SIM-TXN-04215,CUST-0026,Neha Shah,90.33,2531.06,UPI,INSUFFICIENT_FUNDS,2,23.0,STOP,NOT_ATTEMPTED,0.0,2026-08-11 18:50:33.043570
SIM-TXN-04216,CUST-0126,Neha Shah,75.7,3814.9,CARD,BANK_ERROR,2,45.0,STOP,NOT_ATTEMPTED,0.0,2026-08-29 23:17:33.043570
SIM-TXN-04217,CUST-0091,Rahul Sharma,46.11,10778.6,NETBANKING,BANK_TIMEOUT,1,73.0,RETRY,SUCCESS,10778.6,2026-08-28 17:27:33.043570
SIM-TXN-04218,CUST-0114,Sneha Kulkarni,50.19,1660.02,UPI,BANK_ERROR,2,40.0,STOP,NOT_ATTEMPTED,0.0,2026-08-03 22:03:33.043570
SIM-TXN-04219,CUST-0215,Rohan Deshmukh,80.9,3163.92,CARD,UNKNOWN,1,35.0,ESCALATE,FAILED,0.0,2026-08-03 11:40:33.043570
SIM-TXN-04220,CUST-0165,Rohan Deshmukh,45.19,576.46,WALLET,BANK_ERROR,0,65.0,NOTIFY,FAILED,0.0,2026-08-20 19:31:33.043570
SIM-TXN-04221,CUST-0426,Neha Shah,78.0,360.12,WALLET,INSUFFICIENT_FUNDS,1,38.0,ESCALATE,FAILED,0.0,2026-08-19 13:57:33.043570
SIM-TXN-04222,CUST-0145,Rohan Deshmukh,97.92,4797.35,NETBANKING,BANK_TIMEOUT,0,88.0,RETRY,SUCCESS,4797.35,2026-08-16 14:34:33.043570
SIM-TXN-04223,CUST-0117,Aditya More,53.81,2429.77,CARD,BANK_ERROR,1,60.0,NOTIFY,SUCCESS,2429.77,2026-08-22 00:41:33.043570
SIM-TXN-04224,CUST-0423,Amit Joshi,79.86,6265.48,CARD,BANK_ERROR,0,70.0,RETRY,SUCCESS,6265.48,2026-08-11 03:31:33.043570
SIM-TXN-04225,CUST-0445,Rohan Deshmukh,71.94,813.44,WALLET,UNKNOWN,0,35.0,ESCALATE,SUCCESS,813.44,2026-08-29 21:08:33.043570
SIM-TXN-04226,CUST-0133,Amit Joshi,80.79,3699.38,UPI,BANK_TIMEOUT,1,83.0,RETRY,SUCCESS,3699.38,2026-08-10 21:28:33.043570
SIM-TXN-04227,CUST-0367,Aditya More,53.04,10884.06,NETBANKING,BANK_TIMEOUT,1,73.0,RETRY,FAILED,0.0,2026-08-14 21:13:33.043570
SIM-TXN-04228,CUST-0060,Ananya Kulkarni,81.13,3414.43,CARD,UNKNOWN,1,35.0,ESCALATE,SUCCESS,3414.43,2026-08-23 04:11:33.043570
SIM-TXN-04229,CUST-0338,Pooja Jadhav,66.43,3045.03,NETBANKING,UNKNOWN,1,30.0,ESCALATE,FAILED,0.0,2026-08-03 05:31:33.043570
SIM-TXN-04230,CUST-0217,Aditya More,66.52,2457.36,CARD,INSUFFICIENT_FUNDS,1,38.0,ESCALATE,FAILED,0.0,2026-08-09 23:38:33.043570
SIM-TXN-04231,CUST-0320,Ananya Kulkarni,59.22,694.57,NETBANKING,UNKNOWN,1,25.0,ESCALATE,FAILED,0.0,2026-08-23 08:01:33.043570
SIM-TXN-04232,CUST-0168,Pooja Jadhav,74.24,7218.9,UPI,INSUFFICIENT_FUNDS,2,18.0,STOP,NOT_ATTEMPTED,0.0,2026-08-26 20:14:33.043570
SIM-TXN-04233,CUST-0226,Neha Shah,77.82,1497.14,UPI,BANK_TIMEOUT,1,78.0,RETRY,SUCCESS,1497.14,2026-08-27 11:41:33.043570
SIM-TXN-04234,CUST-0097,Aditya More,59.76,3654.03,CARD,BANK_TIMEOUT,0,78.0,RETRY,FAILED,0.0,2026-08-14 20:28:33.043570
SIM-TXN-04235,CUST-0287,Aditya More,47.76,698.95,NETBANKING,BANK_TIMEOUT,1,73.0,RETRY,SUCCESS,698.95,2026-08-05 07:54:33.043570
SIM-TXN-04236,CUST-0394,Sneha Kulkarni,87.01,949.97,CARD,BANK_ERROR,1,70.0,RETRY,SUCCESS,949.97,2026-08-17 01:08:33.043570
SIM-TXN-04237,CUST-0408,Pooja Jadhav,69.94,7693.03,WALLET,BANK_TIMEOUT,2,58.0,STOP,NOT_ATTEMPTED,0.0,2026-08-13 10:04:33.043570
SIM-TXN-04238,CUST-0230,Ananya Kulkarni,46.29,1848.55,UPI,AUTH_FAILED,0,42.0,ESCALATE,SUCCESS,1848.55,2026-08-15 03:27:33.043570
SIM-TXN-04239,CUST-0396,Neha Shah,93.82,7805.78,CARD,AUTH_FAILED,1,47.0,ESCALATE,FAILED,0.0,2026-08-08 00:24:33.043570
SIM-TXN-04240,CUST-0215,Rohan Deshmukh,80.9,2292.54,UPI,AUTH_FAILED,1,47.0,ESCALATE,FAILED,0.0,2026-08-09 15:52:33.043570
SIM-TXN-04241,CUST-0102,Priya Patil,55.09,559.19,NETBANKING,AUTH_FAILED,0,42.0,ESCALATE,FAILED,0.0,2026-08-01 22:28:33.043570
SIM-TXN-04242,CUST-0305,Rohan Deshmukh,90.07,4982.34,NETBANKING,BANK_ERROR,2,50.0,STOP,NOT_ATTEMPTED,0.0,2026-08-16 00:47:33.043570
SIM-TXN-04243,CUST-0247,Aditya More,68.63,1522.47,NETBANKING,INSUFFICIENT_FUNDS,0,43.0,ESCALATE,SUCCESS,1522.47,2026-08-14 11:11:33.043570
SIM-TXN-04244,CUST-0121,Rahul Sharma,59.06,4268.22,UPI,BANK_ERROR,0,65.0,NOTIFY,SUCCESS,4268.22,2026-08-11 19:40:33.043570
SIM-TXN-04245,CUST-0245,Rohan Deshmukh,77.47,2490.33,NETBANKING,AUTH_FAILED,2,22.0,STOP,NOT_ATTEMPTED,0.0,2026-08-21 05:44:33.043570
SIM-TXN-04246,CUST-0026,Neha Shah,90.33,710.17,WALLET,BANK_ERROR,2,50.0,STOP,NOT_ATTEMPTED,0.0,2026-08-06 01:29:33.043570
SIM-TXN-04247,CUST-0151,Rahul Sharma,89.19,2783.42,NETBANKING,BANK_TIMEOUT,1,83.0,RETRY,SUCCESS,2783.42,2026-08-04 02:55:33.043570
SIM-TXN-04248,CUST-0203,Amit Joshi,55.07,14143.05,UPI,INSUFFICIENT_FUNDS,2,13.0,STOP,NOT_ATTEMPTED,0.0,2026-08-22 07:59:33.043570
SIM-TXN-04249,CUST-0432,Priya Patil,77.27,3620.58,NETBANKING,AUTH_FAILED,1,42.0,ESCALATE,SUCCESS,3620.58,2026-08-20 15:16:33.043570
SIM-TXN-04250,CUST-0435,Rohan Deshmukh,66.62,2330.84,WALLET,BANK_ERROR,0,70.0,RETRY,SUCCESS,2330.84,2026-08-04 20:18:33.043570
SIM-TXN-04251,CUST-0189,Kunal Patil,55.58,5769.12,UPI,AUTH_FAILED,2,17.0,STOP,NOT_ATTEMPTED,0.0,2026-08-18 18:07:33.043570
SIM-TXN-04252,CUST-0419,Kunal Patil,46.94,2888.62,UPI,AUTH_FAILED,0,42.0,ESCALATE,SUCCESS,2888.62,2026-08-23 10:12:33.043570
SIM-TXN-04253,CUST-0474,Sneha Kulkarni,65.14,2886.0,UPI,INSUFFICIENT_FUNDS,0,43.0,ESCALATE,FAILED,0.0,2026-08-15 19:27:33.043570
SIM-TXN-04254,CUST-0172,Priya Patil,75.87,1019.13,WALLET,BANK_TIMEOUT,2,58.0,STOP,NOT_ATTEMPTED,0.0,2026-08-27 08:55:33.043570
SIM-TXN-04255,CUST-0198,Pooja Jadhav,54.46,2942.69,CARD,BANK_TIMEOUT,1,73.0,RETRY,SUCCESS,2942.69,2026-08-21 06:53:33.043570
SIM-TXN-04256,CUST-0018,Pooja Jadhav,83.68,5587.88,UPI,BANK_ERROR,0,75.0,RETRY,SUCCESS,5587.88,2026-08-22 00:09:33.043570
SIM-TXN-04257,CUST-0137,Aditya More,67.22,1250.31,CARD,UNKNOWN,0,35.0,ESCALATE,SUCCESS,1250.31,2026-08-23 18:34:33.043570
SIM-TXN-04258,CUST-0331,Rahul Sharma,74.46,7628.12,CARD,BANK_ERROR,0,70.0,RETRY,FAILED,0.0,2026-08-23 05:25:33.043570
SIM-TXN-04259,CUST-0359,Kunal Patil,50.44,2267.96,UPI,INSUFFICIENT_FUNDS,2,13.0,STOP,NOT_ATTEMPTED,0.0,2026-08-07 23:07:33.043570
SIM-TXN-04260,CUST-0094,Sneha Kulkarni,48.12,1199.65,WALLET,INSUFFICIENT_FUNDS,1,33.0,ESCALATE,FAILED,0.0,2026-08-23 10:12:33.043570
SIM-TXN-04261,CUST-0467,Aditya More,50.28,5421.38,NETBANKING,AUTH_FAILED,0,42.0,ESCALATE,FAILED,0.0,2026-08-25 02:05:33.043570
SIM-TXN-04262,CUST-0232,Priya Patil,90.04,1940.24,WALLET,AUTH_FAILED,1,47.0,ESCALATE,SUCCESS,1940.24,2026-08-16 18:51:33.043570
SIM-TXN-04263,CUST-0347,Aditya More,95.4,4481.05,UPI,AUTH_FAILED,1,47.0,ESCALATE,FAILED,0.0,2026-08-11 03:09:33.043570
SIM-TXN-04264,CUST-0294,Sneha Kulkarni,74.89,1932.55,NETBANKING,BANK_ERROR,2,45.0,STOP,NOT_ATTEMPTED,0.0,2026-08-09 11:44:33.043570
SIM-TXN-04265,CUST-0357,Aditya More,60.48,2326.54,WALLET,AUTH_FAILED,1,42.0,ESCALATE,SUCCESS,2326.54,2026-08-16 02:56:33.043570
SIM-TXN-04266,CUST-0409,Kunal Patil,93.55,3622.24,NETBANKING,UNKNOWN,0,40.0,ESCALATE,FAILED,0.0,2026-08-30 18:31:33.043570
SIM-TXN-04267,CUST-0155,Rohan Deshmukh,94.76,3080.1,CARD,AUTH_FAILED,0,52.0,NOTIFY,FAILED,0.0,2026-08-04 11:03:33.043570
SIM-TXN-04268,CUST-0135,Rohan Deshmukh,58.05,494.51,WALLET,AUTH_FAILED,2,17.0,STOP,NOT_ATTEMPTED,0.0,2026-08-05 07:53:33.043570
SIM-TXN-04269,CUST-0280,Ananya Kulkarni,54.63,995.26,WALLET,INSUFFICIENT_FUNDS,0,38.0,ESCALATE,FAILED,0.0,2026-08-11 03:54:33.043570
SIM-TXN-04270,CUST-0096,Neha Shah,48.76,5133.42,UPI,INSUFFICIENT_FUNDS,1,33.0,ESCALATE,FAILED,0.0,2026-08-28 02:09:33.043570
SIM-TXN-04271,CUST-0477,Aditya More,77.73,2195.78,UPI,UNKNOWN,1,30.0,ESCALATE,SUCCESS,2195.78,2026-08-28 04:43:33.043570
SIM-TXN-04272,CUST-0298,Pooja Jadhav,86.22,1605.22,UPI,BANK_TIMEOUT,2,63.0,STOP,NOT_ATTEMPTED,0.0,2026-08-27 13:53:33.043570
SIM-TXN-04273,CUST-0418,Pooja Jadhav,88.12,823.15,CARD,AUTH_FAILED,1,47.0,ESCALATE,SUCCESS,823.15,2026-08-08 19:05:33.043570
SIM-TXN-04274,CUST-0215,Rohan Deshmukh,80.9,1028.86,CARD,INSUFFICIENT_FUNDS,0,48.0,ESCALATE,FAILED,0.0,2026-08-22 14:43:33.043570
SIM-TXN-04275,CUST-0378,Pooja Jadhav,95.22,484.23,UPI,UNKNOWN,2,15.0,STOP,NOT_ATTEMPTED,0.0,2026-08-21 00:52:33.043570
SIM-TXN-04276,CUST-0422,Priya Patil,90.84,2250.65,NETBANKING,INSUFFICIENT_FUNDS,0,48.0,ESCALATE,FAILED,0.0,2026-08-15 01:50:33.043570
SIM-TXN-04277,CUST-0081,Rahul Sharma,79.97,1512.09,CARD,BANK_TIMEOUT,0,83.0,RETRY,SUCCESS,1512.09,2026-08-12 14:16:33.043570
SIM-TXN-04278,CUST-0491,Rahul Sharma,77.84,1126.34,UPI,BANK_ERROR,0,70.0,RETRY,SUCCESS,1126.34,2026-08-27 12:43:33.043570
SIM-TXN-04279,CUST-0313,Amit Joshi,78.69,2311.15,WALLET,UNKNOWN,0,35.0,ESCALATE,FAILED,0.0,2026-08-29 01:01:33.043570
SIM-TXN-04280,CUST-0092,Priya Patil,57.2,3265.53,NETBANKING,BANK_TIMEOUT,2,53.0,STOP,NOT_ATTEMPTED,0.0,2026-08-21 18:40:33.043570
SIM-TXN-04281,CUST-0098,Pooja Jadhav,56.35,13024.12,NETBANKING,BANK_TIMEOUT,2,53.0,STOP,NOT_ATTEMPTED,0.0,2026-08-25 22:24:33.043570
SIM-TXN-04282,CUST-0084,Sneha Kulkarni,96.11,728.14,NETBANKING,UNKNOWN,0,40.0,ESCALATE,FAILED,0.0,2026-08-25 02:53:33.043570
SIM-TXN-04283,CUST-0381,Rahul Sharma,57.71,6170.31,CARD,INSUFFICIENT_FUNDS,0,38.0,ESCALATE,FAILED,0.0,2026-08-05 05:15:33.043570
SIM-TXN-04284,CUST-0239,Kunal Patil,54.32,5316.03,UPI,INSUFFICIENT_FUNDS,1,33.0,ESCALATE,FAILED,0.0,2026-08-02 01:03:33.043570
SIM-TXN-04285,CUST-0198,Pooja Jadhav,54.46,1308.62,NETBANKING,AUTH_FAILED,2,17.0,STOP,NOT_ATTEMPTED,0.0,2026-08-11 21:13:33.043570
SIM-TXN-04286,CUST-0348,Pooja Jadhav,55.15,2871.5,UPI,BANK_TIMEOUT,0,78.0,RETRY,SUCCESS,2871.5,2026-08-13 06:52:33.043570
SIM-TXN-04287,CUST-0452,Priya Patil,97.94,1692.38,CARD,INSUFFICIENT_FUNDS,2,23.0,STOP,NOT_ATTEMPTED,0.0,2026-08-25 01:07:33.043570
SIM-TXN-04288,CUST-0048,Pooja Jadhav,67.71,2831.47,CARD,BANK_ERROR,1,65.0,NOTIFY,FAILED,0.0,2026-08-06 23:57:33.043570
SIM-TXN-04289,CUST-0244,Sneha Kulkarni,76.56,8162.49,CARD,BANK_TIMEOUT,1,78.0,RETRY,SUCCESS,8162.49,2026-08-03 17:25:33.043570
SIM-TXN-04290,CUST-0229,Kunal Patil,87.75,3961.92,CARD,INSUFFICIENT_FUNDS,0,48.0,ESCALATE,FAILED,0.0,2026-08-26 08:09:33.043570
SIM-TXN-04291,CUST-0017,Aditya More,77.0,3666.11,UPI,AUTH_FAILED,1,42.0,ESCALATE,SUCCESS,3666.11,2026-08-08 15:02:33.043570
SIM-TXN-04292,CUST-0271,Rahul Sharma,70.88,1729.79,WALLET,BANK_TIMEOUT,2,58.0,STOP,NOT_ATTEMPTED,0.0,2026-08-09 16:51:33.043570
SIM-TXN-04293,CUST-0334,Sneha Kulkarni,70.89,744.53,NETBANKING,INSUFFICIENT_FUNDS,1,38.0,ESCALATE,FAILED,0.0,2026-08-16 15:19:33.043570
SIM-TXN-04294,CUST-0386,Neha Shah,82.26,2065.7,UPI,UNKNOWN,1,35.0,ESCALATE,SUCCESS,2065.7,2026-08-24 21:26:33.043570
SIM-TXN-04295,CUST-0338,Pooja Jadhav,66.43,6407.9,NETBANKING,AUTH_FAILED,2,22.0,STOP,NOT_ATTEMPTED,0.0,2026-08-10 03:46:33.043570
SIM-TXN-04296,CUST-0329,Kunal Patil,59.82,719.29,NETBANKING,AUTH_FAILED,0,42.0,ESCALATE,SUCCESS,719.29,2026-08-26 08:36:33.043570
SIM-TXN-04297,CUST-0002,Priya Patil,57.98,1049.35,UPI,BANK_ERROR,2,40.0,STOP,NOT_ATTEMPTED,0.0,2026-08-29 02:09:33.043570
SIM-TXN-04298,CUST-0453,Amit Joshi,90.86,2700.02,UPI,UNKNOWN,0,40.0,ESCALATE,FAILED,0.0,2026-08-20 06:35:33.043570
SIM-TXN-04299,CUST-0201,Rahul Sharma,68.13,1110.18,UPI,BANK_TIMEOUT,2,58.0,STOP,NOT_ATTEMPTED,0.0,2026-08-07 20:45:33.043570
SIM-TXN-04300,CUST-0431,Rahul Sharma,51.44,1294.63,UPI,BANK_TIMEOUT,1,73.0,RETRY,SUCCESS,1294.63,2026-08-09 18:21:33.043570
SIM-TXN-04301,CUST-0473,Amit Joshi,90.17,1739.1,NETBANKING,BANK_ERROR,1,70.0,RETRY,SUCCESS,1739.1,2026-08-16 15:06:33.043570
SIM-TXN-04302,CUST-0412,Priya Patil,96.36,818.53,CARD,AUTH_FAILED,2,27.0,STOP,NOT_ATTEMPTED,0.0,2026-08-13 07:23:33.043570
SIM-TXN-04303,CUST-0172,Priya Patil,75.87,1119.57,WALLET,UNKNOWN,0,35.0,ESCALATE,SUCCESS,1119.57,2026-08-02 06:55:33.043570
SIM-TXN-04304,CUST-0377,Aditya More,77.31,4284.43,CARD,INSUFFICIENT_FUNDS,1,38.0,ESCALATE,SUCCESS,4284.43,2026-08-18 19:24:33.043570
SIM-TXN-04305,CUST-0111,Rahul Sharma,67.36,857.57,UPI,BANK_ERROR,2,45.0,STOP,NOT_ATTEMPTED,0.0,2026-08-05 21:17:33.043570
SIM-TXN-04306,CUST-0481,Rahul Sharma,85.3,679.73,CARD,UNKNOWN,1,35.0,ESCALATE,FAILED,0.0,2026-08-02 04:44:33.043570
SIM-TXN-04307,CUST-0094,Sneha Kulkarni,48.12,1474.36,NETBANKING,AUTH_FAILED,2,17.0,STOP,NOT_ATTEMPTED,0.0,2026-08-22 07:57:33.043570
SIM-TXN-04308,CUST-0208,Pooja Jadhav,95.29,4383.33,UPI,INSUFFICIENT_FUNDS,0,48.0,ESCALATE,FAILED,0.0,2026-08-31 07:52:33.043570
SIM-TXN-04309,CUST-0390,Ananya Kulkarni,67.53,2084.87,CARD,BANK_ERROR,1,65.0,NOTIFY,SUCCESS,2084.87,2026-08-16 06:34:33.043570
SIM-TXN-04310,CUST-0069,Kunal Patil,77.28,1683.0,NETBANKING,INSUFFICIENT_FUNDS,0,43.0,ESCALATE,SUCCESS,1683.0,2026-08-11 21:47:33.043570
SIM-TXN-04311,CUST-0358,Pooja Jadhav,78.81,2528.77,NETBANKING,INSUFFICIENT_FUNDS,2,18.0,STOP,NOT_ATTEMPTED,0.0,2026-08-05 09:25:33.043570
SIM-TXN-04312,CUST-0359,Kunal Patil,50.44,603.92,WALLET,AUTH_FAILED,1,37.0,ESCALATE,FAILED,0.0,2026-08-14 11:02:33.043570
SIM-TXN-04313,CUST-0348,Pooja Jadhav,55.15,3625.56,CARD,BANK_TIMEOUT,1,73.0,RETRY,SUCCESS,3625.56,2026-08-14 04:02:33.043570
SIM-TXN-04314,CUST-0431,Rahul Sharma,51.44,3316.77,CARD,INSUFFICIENT_FUNDS,0,38.0,ESCALATE,SUCCESS,3316.77,2026-08-27 17:30:33.043570
SIM-TXN-04315,CUST-0232,Priya Patil,90.04,1759.09,CARD,UNKNOWN,2,15.0,STOP,NOT_ATTEMPTED,0.0,2026-08-18 14:29:33.043570
SIM-TXN-04316,CUST-0142,Priya Patil,51.94,5457.46,WALLET,UNKNOWN,1,25.0,ESCALATE,SUCCESS,5457.46,2026-08-10 18:46:33.043570
SIM-TXN-04317,CUST-0492,Priya Patil,71.38,990.3,WALLET,BANK_TIMEOUT,0,83.0,RETRY,SUCCESS,990.3,2026-08-22 21:20:33.043570
SIM-TXN-04318,CUST-0310,Ananya Kulkarni,45.67,6016.9,WALLET,INSUFFICIENT_FUNDS,1,33.0,ESCALATE,FAILED,0.0,2026-08-07 16:14:33.043570
SIM-TXN-04319,CUST-0191,Rahul Sharma,56.81,2761.68,WALLET,AUTH_FAILED,2,17.0,STOP,NOT_ATTEMPTED,0.0,2026-08-09 17:13:33.043570
SIM-TXN-04320,CUST-0070,Ananya Kulkarni,64.82,1864.52,NETBANKING,INSUFFICIENT_FUNDS,0,43.0,ESCALATE,FAILED,0.0,2026-08-19 09:37:33.043570
SIM-TXN-04321,CUST-0095,Rohan Deshmukh,92.99,2402.11,WALLET,BANK_TIMEOUT,2,63.0,STOP,NOT_ATTEMPTED,0.0,2026-08-30 00:02:33.043570
SIM-TXN-04322,CUST-0066,Neha Shah,71.91,2239.9,WALLET,BANK_TIMEOUT,1,78.0,RETRY,SUCCESS,2239.9,2026-08-22 10:32:33.043570
SIM-TXN-04323,CUST-0486,Neha Shah,67.83,6478.38,WALLET,UNKNOWN,0,35.0,ESCALATE,SUCCESS,6478.38,2026-08-17 11:31:33.043570
SIM-TXN-04324,CUST-0194,Sneha Kulkarni,63.61,1031.38,CARD,AUTH_FAILED,2,22.0,STOP,NOT_ATTEMPTED,0.0,2026-08-29 05:49:33.043570
SIM-TXN-04325,CUST-0406,Neha Shah,97.98,1326.08,CARD,UNKNOWN,0,40.0,ESCALATE,FAILED,0.0,2026-08-26 22:49:33.043570
SIM-TXN-04326,CUST-0377,Aditya More,77.31,5591.72,WALLET,BANK_ERROR,2,45.0,STOP,NOT_ATTEMPTED,0.0,2026-08-25 05:13:33.043570
SIM-TXN-04327,CUST-0238,Pooja Jadhav,86.26,1515.61,WALLET,INSUFFICIENT_FUNDS,2,23.0,STOP,NOT_ATTEMPTED,0.0,2026-08-10 07:32:33.043570
SIM-TXN-04328,CUST-0191,Rahul Sharma,56.81,5016.19,WALLET,UNKNOWN,0,30.0,ESCALATE,SUCCESS,5016.19,2026-08-13 00:49:33.043570
SIM-TXN-04329,CUST-0131,Rahul Sharma,49.25,9504.77,UPI,AUTH_FAILED,2,17.0,STOP,NOT_ATTEMPTED,0.0,2026-08-13 05:38:33.043570
SIM-TXN-04330,CUST-0459,Kunal Patil,90.37,1769.7,CARD,AUTH_FAILED,0,52.0,NOTIFY,SUCCESS,1769.7,2026-08-29 05:44:33.043570
SIM-TXN-04331,CUST-0271,Rahul Sharma,70.88,4209.46,UPI,INSUFFICIENT_FUNDS,0,43.0,ESCALATE,FAILED,0.0,2026-08-20 02:33:33.043570
SIM-TXN-04332,CUST-0006,Neha Shah,56.59,969.76,UPI,BANK_TIMEOUT,1,73.0,RETRY,SUCCESS,969.76,2026-08-31 11:31:33.043570
SIM-TXN-04333,CUST-0338,Pooja Jadhav,66.43,4463.94,WALLET,INSUFFICIENT_FUNDS,0,43.0,ESCALATE,FAILED,0.0,2026-08-04 20:31:33.043570
SIM-TXN-04334,CUST-0490,Ananya Kulkarni,77.3,2862.75,CARD,INSUFFICIENT_FUNDS,0,43.0,ESCALATE,FAILED,0.0,2026-08-27 11:01:33.043570
SIM-TXN-04335,CUST-0037,Aditya More,81.28,3563.26,UPI,BANK_TIMEOUT,0,88.0,RETRY,SUCCESS,3563.26,2026-08-27 22:55:33.043570
SIM-TXN-04336,CUST-0254,Sneha Kulkarni,82.82,1456.14,WALLET,BANK_ERROR,0,75.0,RETRY,SUCCESS,1456.14,2026-08-29 16:24:33.043570
SIM-TXN-04337,CUST-0277,Aditya More,76.37,646.22,NETBANKING,BANK_ERROR,2,45.0,STOP,NOT_ATTEMPTED,0.0,2026-08-19 06:07:33.043570
SIM-TXN-04338,CUST-0153,Amit Joshi,45.41,3650.44,CARD,BANK_TIMEOUT,1,73.0,RETRY,FAILED,0.0,2026-08-16 18:52:33.043570
SIM-TXN-04339,CUST-0318,Pooja Jadhav,86.06,468.38,CARD,UNKNOWN,0,40.0,ESCALATE,FAILED,0.0,2026-08-12 10:02:33.043570
SIM-TXN-04340,CUST-0173,Amit Joshi,67.78,1893.38,UPI,INSUFFICIENT_FUNDS,2,18.0,STOP,NOT_ATTEMPTED,0.0,2026-08-23 20:08:33.043570
SIM-TXN-04341,CUST-0219,Kunal Patil,67.78,5182.0,UPI,BANK_ERROR,2,45.0,STOP,NOT_ATTEMPTED,0.0,2026-08-13 16:04:33.043570
SIM-TXN-04342,CUST-0287,Aditya More,47.76,2845.57,WALLET,UNKNOWN,0,30.0,ESCALATE,FAILED,0.0,2026-08-27 15:47:33.043570
SIM-TXN-04343,CUST-0482,Priya Patil,68.51,11599.0,UPI,UNKNOWN,2,10.0,STOP,NOT_ATTEMPTED,0.0,2026-08-18 15:07:33.043570
SIM-TXN-04344,CUST-0206,Neha Shah,81.4,5541.87,UPI,AUTH_FAILED,0,52.0,NOTIFY,FAILED,0.0,2026-08-18 09:05:33.043570
SIM-TXN-04345,CUST-0126,Neha Shah,75.7,1446.47,UPI,AUTH_FAILED,1,42.0,ESCALATE,FAILED,0.0,2026-08-20 09:44:33.043570
SIM-TXN-04346,CUST-0052,Priya Patil,85.06,2494.52,WALLET,UNKNOWN,2,15.0,STOP,NOT_ATTEMPTED,0.0,2026-08-16 22:54:33.043570
SIM-TXN-04347,CUST-0246,Neha Shah,67.62,2349.84,NETBANKING,BANK_TIMEOUT,0,83.0,RETRY,SUCCESS,2349.84,2026-08-15 18:40:33.043570
SIM-TXN-04348,CUST-0252,Priya Patil,70.68,688.32,CARD,BANK_TIMEOUT,1,78.0,RETRY,SUCCESS,688.32,2026-08-05 02:12:33.043570
SIM-TXN-04349,CUST-0337,Aditya More,49.93,1150.19,NETBANKING,BANK_TIMEOUT,1,73.0,RETRY,SUCCESS,1150.19,2026-08-04 03:34:33.043570
SIM-TXN-04350,CUST-0255,Rohan Deshmukh,59.4,1558.36,CARD,BANK_ERROR,2,40.0,STOP,NOT_ATTEMPTED,0.0,2026-08-09 12:10:33.043570
SIM-TXN-04351,CUST-0038,Pooja Jadhav,57.14,478.68,NETBANKING,BANK_ERROR,0,65.0,NOTIFY,SUCCESS,478.68,2026-08-05 17:04:33.043570
SIM-TXN-04352,CUST-0388,Pooja Jadhav,93.97,2535.12,CARD,AUTH_FAILED,0,52.0,NOTIFY,SUCCESS,2535.12,2026-08-16 23:15:33.043570
SIM-TXN-04353,CUST-0427,Aditya More,78.15,1999.68,UPI,AUTH_FAILED,2,22.0,STOP,NOT_ATTEMPTED,0.0,2026-08-10 19:32:33.043570
SIM-TXN-04354,CUST-0265,Rohan Deshmukh,90.41,640.14,CARD,BANK_ERROR,1,70.0,RETRY,SUCCESS,640.14,2026-08-15 08:45:33.043570
SIM-TXN-04355,CUST-0375,Rohan Deshmukh,97.47,3372.37,NETBANKING,BANK_TIMEOUT,1,83.0,RETRY,SUCCESS,3372.37,2026-08-22 04:54:33.043570
SIM-TXN-04356,CUST-0147,Aditya More,71.81,4327.3,UPI,AUTH_FAILED,1,42.0,ESCALATE,FAILED,0.0,2026-08-02 23:00:33.043570
SIM-TXN-04357,CUST-0228,Pooja Jadhav,80.66,2926.69,WALLET,INSUFFICIENT_FUNDS,0,48.0,ESCALATE,FAILED,0.0,2026-08-16 03:15:33.043570
SIM-TXN-04358,CUST-0034,Sneha Kulkarni,53.66,1883.23,UPI,UNKNOWN,2,5.0,STOP,NOT_ATTEMPTED,0.0,2026-08-23 04:48:33.043570
SIM-TXN-04359,CUST-0212,Priya Patil,62.29,3917.28,UPI,BANK_ERROR,1,65.0,NOTIFY,SUCCESS,3917.28,2026-08-27 03:45:33.043570
SIM-TXN-04360,CUST-0437,Aditya More,69.46,4205.62,NETBANKING,INSUFFICIENT_FUNDS,0,43.0,ESCALATE,FAILED,0.0,2026-08-12 15:54:33.043570
SIM-TXN-04361,CUST-0493,Amit Joshi,52.59,3121.04,NETBANKING,AUTH_FAILED,0,42.0,ESCALATE,SUCCESS,3121.04,2026-08-19 05:52:33.043570
SIM-TXN-04362,CUST-0099,Kunal Patil,83.34,1261.82,UPI,UNKNOWN,2,15.0,STOP,NOT_ATTEMPTED,0.0,2026-08-05 03:06:33.043570
SIM-TXN-04363,CUST-0286,Neha Shah,69.93,3045.07,UPI,INSUFFICIENT_FUNDS,1,38.0,ESCALATE,SUCCESS,3045.07,2026-08-05 09:18:33.043570
SIM-TXN-04364,CUST-0374,Sneha Kulkarni,60.76,6351.11,UPI,INSUFFICIENT_FUNDS,1,38.0,ESCALATE,FAILED,0.0,2026-08-22 08:33:33.043570
SIM-TXN-04365,CUST-0134,Sneha Kulkarni,66.4,1514.28,WALLET,BANK_TIMEOUT,2,58.0,STOP,NOT_ATTEMPTED,0.0,2026-08-18 10:27:33.043570
SIM-TXN-04366,CUST-0128,Pooja Jadhav,48.03,13073.62,UPI,AUTH_FAILED,1,37.0,ESCALATE,SUCCESS,13073.62,2026-08-24 04:14:33.043570
SIM-TXN-04367,CUST-0421,Rahul Sharma,51.14,1602.78,UPI,BANK_ERROR,1,60.0,NOTIFY,SUCCESS,1602.78,2026-08-12 23:28:33.043570
SIM-TXN-04368,CUST-0457,Aditya More,91.09,2504.7,UPI,INSUFFICIENT_FUNDS,2,23.0,STOP,NOT_ATTEMPTED,0.0,2026-08-15 23:11:33.043570
SIM-TXN-04369,CUST-0164,Sneha Kulkarni,88.96,1425.12,UPI,UNKNOWN,2,15.0,STOP,NOT_ATTEMPTED,0.0,2026-08-14 08:45:33.043570
SIM-TXN-04370,CUST-0010,Ananya Kulkarni,76.23,2917.89,CARD,UNKNOWN,2,10.0,STOP,NOT_ATTEMPTED,0.0,2026-08-26 15:16:33.043570
SIM-TXN-04371,CUST-0077,Aditya More,91.53,605.6,UPI,BANK_TIMEOUT,2,63.0,STOP,NOT_ATTEMPTED,0.0,2026-08-11 07:15:33.043570
SIM-TXN-04372,CUST-0302,Priya Patil,66.02,1576.82,CARD,BANK_ERROR,2,45.0,STOP,NOT_ATTEMPTED,0.0,2026-08-03 14:33:33.043570
SIM-TXN-04373,CUST-0123,Amit Joshi,80.08,1018.72,WALLET,AUTH_FAILED,2,27.0,STOP,NOT_ATTEMPTED,0.0,2026-08-14 11:22:33.043570
SIM-TXN-04374,CUST-0322,Priya Patil,59.78,2719.68,UPI,UNKNOWN,2,5.0,STOP,NOT_ATTEMPTED,0.0,2026-08-22 00:49:33.043570
SIM-TXN-04375,CUST-0274,Sneha Kulkarni,83.38,5407.59,CARD,AUTH_FAILED,1,47.0,ESCALATE,SUCCESS,5407.59,2026-08-29 11:09:33.043570
SIM-TXN-04376,CUST-0358,Pooja Jadhav,78.81,4092.06,WALLET,BANK_ERROR,1,65.0,NOTIFY,FAILED,0.0,2026-08-29 02:40:33.043570
SIM-TXN-04377,CUST-0106,Neha Shah,80.69,366.01,CARD,INSUFFICIENT_FUNDS,1,43.0,ESCALATE,FAILED,0.0,2026-08-07 19:18:33.043570
SIM-TXN-04378,CUST-0103,Amit Joshi,79.93,12502.15,CARD,BANK_TIMEOUT,2,58.0,STOP,NOT_ATTEMPTED,0.0,2026-08-23 02:36:33.043570
SIM-TXN-04379,CUST-0154,Sneha Kulkarni,60.87,3090.92,UPI,BANK_TIMEOUT,2,58.0,STOP,NOT_ATTEMPTED,0.0,2026-08-24 20:59:33.043570
SIM-TXN-04380,CUST-0461,Rahul Sharma,82.38,1311.33,WALLET,BANK_TIMEOUT,1,83.0,RETRY,SUCCESS,1311.33,2026-08-29 07:55:33.043570
SIM-TXN-04381,CUST-0286,Neha Shah,69.93,2767.51,UPI,BANK_ERROR,2,45.0,STOP,NOT_ATTEMPTED,0.0,2026-08-09 10:40:33.043570
SIM-TXN-04382,CUST-0022,Priya Patil,91.93,2810.03,UPI,UNKNOWN,2,15.0,STOP,NOT_ATTEMPTED,0.0,2026-08-29 18:51:33.043570
SIM-TXN-04383,CUST-0048,Pooja Jadhav,67.71,1431.56,NETBANKING,AUTH_FAILED,0,47.0,ESCALATE,SUCCESS,1431.56,2026-08-10 21:05:33.043570
SIM-TXN-04384,CUST-0349,Kunal Patil,59.65,2859.3,CARD,INSUFFICIENT_FUNDS,1,33.0,ESCALATE,SUCCESS,2859.3,2026-08-06 04:05:33.043570
SIM-TXN-04385,CUST-0172,Priya Patil,75.87,1501.2,NETBANKING,AUTH_FAILED,2,22.0,STOP,NOT_ATTEMPTED,0.0,2026-08-03 22:21:33.043570
SIM-TXN-04386,CUST-0176,Neha Shah,81.15,1766.07,WALLET,BANK_TIMEOUT,0,88.0,RETRY,SUCCESS,1766.07,2026-08-07 05:16:33.043570
SIM-TXN-04387,CUST-0058,Pooja Jadhav,90.62,1409.48,WALLET,AUTH_FAILED,0,52.0,NOTIFY,SUCCESS,1409.48,2026-08-22 11:45:33.043570
SIM-TXN-04388,CUST-0409,Kunal Patil,93.55,775.78,CARD,INSUFFICIENT_FUNDS,0,48.0,ESCALATE,SUCCESS,775.78,2026-08-12 01:41:33.043570
SIM-TXN-04389,CUST-0308,Pooja Jadhav,73.24,2742.62,UPI,UNKNOWN,1,30.0,ESCALATE,FAILED,0.0,2026-08-14 04:45:33.043570
SIM-TXN-04390,CUST-0187,Aditya More,65.27,3898.08,NETBANKING,INSUFFICIENT_FUNDS,1,38.0,ESCALATE,FAILED,0.0,2026-08-04 08:54:33.043570
SIM-TXN-04391,CUST-0443,Amit Joshi,69.21,3684.56,CARD,AUTH_FAILED,2,22.0,STOP,NOT_ATTEMPTED,0.0,2026-08-10 17:48:33.043570
SIM-TXN-04392,CUST-0041,Rahul Sharma,93.4,4702.93,UPI,BANK_ERROR,1,70.0,RETRY,SUCCESS,4702.93,2026-08-05 03:10:33.043570
SIM-TXN-04393,CUST-0422,Priya Patil,90.84,3163.62,NETBANKING,AUTH_FAILED,2,27.0,STOP,NOT_ATTEMPTED,0.0,2026-08-12 21:20:33.043570
SIM-TXN-04394,CUST-0296,Neha Shah,85.65,1593.71,WALLET,BANK_TIMEOUT,1,83.0,RETRY,FAILED,0.0,2026-08-07 19:26:33.043570
SIM-TXN-04395,CUST-0447,Aditya More,85.95,4777.78,CARD,BANK_ERROR,1,70.0,RETRY,SUCCESS,4777.78,2026-08-28 00:21:33.043570
SIM-TXN-04396,CUST-0193,Amit Joshi,90.81,823.85,NETBANKING,UNKNOWN,0,40.0,ESCALATE,FAILED,0.0,2026-08-08 01:33:33.043570
SIM-TXN-04397,CUST-0384,Sneha Kulkarni,69.91,1187.33,NETBANKING,BANK_ERROR,0,70.0,RETRY,SUCCESS,1187.33,2026-08-23 21:59:33.043570
SIM-TXN-04398,CUST-0417,Aditya More,60.28,1128.49,WALLET,AUTH_FAILED,0,47.0,ESCALATE,SUCCESS,1128.49,2026-08-19 11:03:33.043570
SIM-TXN-04399,CUST-0265,Rohan Deshmukh,90.41,5790.91,NETBANKING,BANK_ERROR,0,75.0,RETRY,SUCCESS,5790.91,2026-08-03 16:19:33.043570
SIM-TXN-04400,CUST-0203,Amit Joshi,55.07,5188.66,WALLET,BANK_ERROR,0,65.0,NOTIFY,SUCCESS,5188.66,2026-08-07 16:09:33.043570
SIM-TXN-04401,CUST-0375,Rohan Deshmukh,97.47,3604.16,UPI,AUTH_FAILED,2,27.0,STOP,NOT_ATTEMPTED,0.0,2026-08-30 14:41:33.043570
SIM-TXN-04402,CUST-0220,Ananya Kulkarni,77.15,5753.39,UPI,BANK_TIMEOUT,2,58.0,STOP,NOT_ATTEMPTED,0.0,2026-08-26 14:16:33.043570
SIM-TXN-04403,CUST-0301,Rahul Sharma,75.52,1207.82,CARD,BANK_TIMEOUT,2,58.0,STOP,NOT_ATTEMPTED,0.0,2026-08-03 18:48:33.043570
SIM-TXN-04404,CUST-0304,Sneha Kulkarni,57.87,3225.61,CARD,BANK_TIMEOUT,0,78.0,RETRY,SUCCESS,3225.61,2026-08-12 14:06:33.043570
SIM-TXN-04405,CUST-0328,Pooja Jadhav,87.29,2208.04,NETBANKING,BANK_TIMEOUT,0,88.0,RETRY,SUCCESS,2208.04,2026-08-13 17:27:33.043570
SIM-TXN-04406,CUST-0174,Sneha Kulkarni,61.34,4805.45,CARD,BANK_TIMEOUT,1,78.0,RETRY,SUCCESS,4805.45,2026-08-27 15:50:33.043570
SIM-TXN-04407,CUST-0240,Ananya Kulkarni,69.62,2225.69,NETBANKING,INSUFFICIENT_FUNDS,0,43.0,ESCALATE,FAILED,0.0,2026-08-27 22:26:33.043570
SIM-TXN-04408,CUST-0333,Amit Joshi,57.79,1793.72,WALLET,INSUFFICIENT_FUNDS,0,38.0,ESCALATE,SUCCESS,1793.72,2026-08-26 01:37:33.043570
SIM-TXN-04409,CUST-0221,Rahul Sharma,69.64,3762.08,WALLET,BANK_TIMEOUT,1,78.0,RETRY,FAILED,0.0,2026-08-24 05:27:33.043570
SIM-TXN-04410,CUST-0479,Kunal Patil,97.86,4919.37,NETBANKING,BANK_TIMEOUT,1,83.0,RETRY,SUCCESS,4919.37,2026-08-30 11:16:33.043570
SIM-TXN-04411,CUST-0303,Amit Joshi,49.03,1429.85,UPI,UNKNOWN,1,25.0,ESCALATE,SUCCESS,1429.85,2026-08-27 03:10:33.043570
SIM-TXN-04412,CUST-0493,Amit Joshi,52.59,2324.22,NETBANKING,AUTH_FAILED,1,37.0,ESCALATE,SUCCESS,2324.22,2026-08-05 21:53:33.043570
SIM-TXN-04413,CUST-0064,Sneha Kulkarni,95.55,1046.54,UPI,AUTH_FAILED,2,27.0,STOP,NOT_ATTEMPTED,0.0,2026-08-26 17:33:33.043570
SIM-TXN-04414,CUST-0305,Rohan Deshmukh,90.07,330.81,NETBANKING,BANK_ERROR,2,50.0,STOP,NOT_ATTEMPTED,0.0,2026-08-11 09:49:33.043570
SIM-TXN-04415,CUST-0146,Neha Shah,48.88,2865.13,NETBANKING,UNKNOWN,1,25.0,ESCALATE,FAILED,0.0,2026-08-20 06:35:33.043570
SIM-TXN-04416,CUST-0081,Rahul Sharma,79.97,3972.39,NETBANKING,INSUFFICIENT_FUNDS,0,43.0,ESCALATE,SUCCESS,3972.39,2026-08-29 20:22:33.043570
SIM-TXN-04417,CUST-0254,Sneha Kulkarni,82.82,3009.87,WALLET,BANK_TIMEOUT,1,83.0,RETRY,SUCCESS,3009.87,2026-08-20 09:02:33.043570
SIM-TXN-04418,CUST-0053,Amit Joshi,53.1,513.04,CARD,INSUFFICIENT_FUNDS,1,33.0,ESCALATE,FAILED,0.0,2026-08-03 04:15:33.043570
SIM-TXN-04419,CUST-0230,Ananya Kulkarni,46.29,1843.31,WALLET,BANK_TIMEOUT,2,53.0,STOP,NOT_ATTEMPTED,0.0,2026-08-08 19:27:33.043570
SIM-TXN-04420,CUST-0388,Pooja Jadhav,93.97,413.77,WALLET,BANK_ERROR,0,75.0,RETRY,SUCCESS,413.77,2026-08-17 20:53:33.043570
SIM-TXN-04421,CUST-0410,Ananya Kulkarni,97.84,7300.96,NETBANKING,UNKNOWN,2,15.0,STOP,NOT_ATTEMPTED,0.0,2026-08-18 09:49:33.043570
SIM-TXN-04422,CUST-0014,Sneha Kulkarni,95.73,1023.68,CARD,BANK_TIMEOUT,2,63.0,STOP,NOT_ATTEMPTED,0.0,2026-08-01 23:44:33.043570
SIM-TXN-04423,CUST-0035,Rohan Deshmukh,59.31,6662.99,UPI,BANK_ERROR,1,60.0,NOTIFY,SUCCESS,6662.99,2026-08-06 01:31:33.043570
SIM-TXN-04424,CUST-0162,Priya Patil,70.89,5201.47,NETBANKING,BANK_ERROR,2,45.0,STOP,NOT_ATTEMPTED,0.0,2026-08-21 19:36:33.043570
SIM-TXN-04425,CUST-0293,Amit Joshi,51.69,1187.41,CARD,BANK_TIMEOUT,0,78.0,RETRY,SUCCESS,1187.41,2026-08-05 04:56:33.043570
SIM-TXN-04426,CUST-0108,Pooja Jadhav,87.43,986.11,NETBANKING,BANK_TIMEOUT,1,83.0,RETRY,SUCCESS,986.11,2026-08-13 20:47:33.043570
SIM-TXN-04427,CUST-0029,Kunal Patil,53.62,3230.19,NETBANKING,INSUFFICIENT_FUNDS,2,13.0,STOP,NOT_ATTEMPTED,0.0,2026-08-18 10:02:33.043570
SIM-TXN-04428,CUST-0110,Ananya Kulkarni,73.42,1242.08,NETBANKING,BANK_TIMEOUT,2,58.0,STOP,NOT_ATTEMPTED,0.0,2026-08-23 01:38:33.043570
SIM-TXN-04429,CUST-0299,Kunal Patil,96.13,2649.13,WALLET,BANK_TIMEOUT,0,88.0,RETRY,SUCCESS,2649.13,2026-08-05 10:17:33.043570
SIM-TXN-04430,CUST-0389,Kunal Patil,76.26,1658.61,WALLET,AUTH_FAILED,1,42.0,ESCALATE,FAILED,0.0,2026-08-15 11:01:33.043570
SIM-TXN-04431,CUST-0434,Sneha Kulkarni,74.19,587.03,CARD,INSUFFICIENT_FUNDS,1,38.0,ESCALATE,SUCCESS,587.03,2026-08-07 09:22:33.043570
SIM-TXN-04432,CUST-0284,Sneha Kulkarni,59.75,409.78,NETBANKING,BANK_TIMEOUT,2,53.0,STOP,NOT_ATTEMPTED,0.0,2026-08-29 10:16:33.043570
SIM-TXN-04433,CUST-0254,Sneha Kulkarni,82.82,2925.87,WALLET,BANK_TIMEOUT,1,83.0,RETRY,SUCCESS,2925.87,2026-08-02 02:31:33.043570
SIM-TXN-04434,CUST-0192,Priya Patil,66.12,1557.37,UPI,INSUFFICIENT_FUNDS,0,43.0,ESCALATE,FAILED,0.0,2026-08-23 13:21:33.043570
SIM-TXN-04435,CUST-0434,Sneha Kulkarni,74.19,1567.96,UPI,BANK_ERROR,2,45.0,STOP,NOT_ATTEMPTED,0.0,2026-08-13 20:48:33.043570
SIM-TXN-04436,CUST-0126,Neha Shah,75.7,4258.58,UPI,INSUFFICIENT_FUNDS,2,18.0,STOP,NOT_ATTEMPTED,0.0,2026-08-10 05:42:33.043570
SIM-TXN-04437,CUST-0084,Sneha Kulkarni,96.11,6240.11,NETBANKING,BANK_TIMEOUT,1,83.0,RETRY,SUCCESS,6240.11,2026-08-11 16:00:33.043570
SIM-TXN-04438,CUST-0098,Pooja Jadhav,56.35,1962.48,CARD,INSUFFICIENT_FUNDS,2,13.0,STOP,NOT_ATTEMPTED,0.0,2026-08-29 06:22:33.043570
SIM-TXN-04439,CUST-0358,Pooja Jadhav,78.81,1858.49,CARD,BANK_ERROR,0,70.0,RETRY,SUCCESS,1858.49,2026-08-20 05:11:33.043570
SIM-TXN-04440,CUST-0149,Kunal Patil,91.6,3641.37,CARD,BANK_TIMEOUT,2,63.0,STOP,NOT_ATTEMPTED,0.0,2026-08-07 20:38:33.043570
SIM-TXN-04441,CUST-0165,Rohan Deshmukh,45.19,824.23,CARD,BANK_TIMEOUT,1,73.0,RETRY,FAILED,0.0,2026-08-22 17:36:33.043570
SIM-TXN-04442,CUST-0193,Amit Joshi,90.81,2917.62,CARD,AUTH_FAILED,1,47.0,ESCALATE,SUCCESS,2917.62,2026-08-23 08:02:33.043570
SIM-TXN-04443,CUST-0471,Rahul Sharma,62.94,3795.26,CARD,BANK_TIMEOUT,0,83.0,RETRY,SUCCESS,3795.26,2026-08-17 04:18:33.043570
SIM-TXN-04444,CUST-0334,Sneha Kulkarni,70.89,4205.65,CARD,BANK_TIMEOUT,0,83.0,RETRY,SUCCESS,4205.65,2026-08-02 18:39:33.043570
SIM-TXN-04445,CUST-0295,Rohan Deshmukh,69.65,518.32,UPI,BANK_TIMEOUT,0,83.0,RETRY,SUCCESS,518.32,2026-08-10 09:17:33.043570
SIM-TXN-04446,CUST-0117,Aditya More,53.81,1327.32,CARD,INSUFFICIENT_FUNDS,2,13.0,STOP,NOT_ATTEMPTED,0.0,2026-08-14 11:36:33.043570
SIM-TXN-04447,CUST-0151,Rahul Sharma,89.19,1208.81,NETBANKING,BANK_TIMEOUT,1,83.0,RETRY,SUCCESS,1208.81,2026-08-29 07:24:33.043570
SIM-TXN-04448,CUST-0303,Amit Joshi,49.03,2643.63,UPI,AUTH_FAILED,2,17.0,STOP,NOT_ATTEMPTED,0.0,2026-08-23 18:49:33.043570
SIM-TXN-04449,CUST-0170,Ananya Kulkarni,48.99,3585.29,UPI,INSUFFICIENT_FUNDS,1,33.0,ESCALATE,FAILED,0.0,2026-08-17 08:37:33.043570
SIM-TXN-04450,CUST-0065,Rohan Deshmukh,96.51,8081.79,UPI,UNKNOWN,1,35.0,ESCALATE,FAILED,0.0,2026-08-27 15:48:33.043570
SIM-TXN-04451,CUST-0354,Sneha Kulkarni,61.02,1642.59,UPI,AUTH_FAILED,0,47.0,ESCALATE,FAILED,0.0,2026-08-11 20:30:33.043570
SIM-TXN-04452,CUST-0064,Sneha Kulkarni,95.55,1639.16,WALLET,BANK_TIMEOUT,1,83.0,RETRY,FAILED,0.0,2026-08-11 12:06:33.043570
SIM-TXN-04453,CUST-0345,Rohan Deshmukh,57.22,6122.57,WALLET,BANK_TIMEOUT,2,53.0,STOP,NOT_ATTEMPTED,0.0,2026-08-08 15:24:33.043570
SIM-TXN-04454,CUST-0468,Pooja Jadhav,45.81,3094.13,WALLET,BANK_TIMEOUT,1,73.0,RETRY,SUCCESS,3094.13,2026-08-11 01:31:33.043570
SIM-TXN-04455,CUST-0481,Rahul Sharma,85.3,6728.59,UPI,BANK_TIMEOUT,1,83.0,RETRY,SUCCESS,6728.59,2026-08-15 09:16:33.043570
SIM-TXN-04456,CUST-0374,Sneha Kulkarni,60.76,3074.76,WALLET,BANK_ERROR,0,70.0,RETRY,SUCCESS,3074.76,2026-08-18 05:49:33.043570
SIM-TXN-04457,CUST-0027,Aditya More,65.15,967.1,UPI,BANK_TIMEOUT,1,78.0,RETRY,SUCCESS,967.1,2026-08-09 12:04:33.043570
SIM-TXN-04458,CUST-0320,Ananya Kulkarni,59.22,840.08,NETBANKING,AUTH_FAILED,0,42.0,ESCALATE,FAILED,0.0,2026-08-05 15:36:33.043570
SIM-TXN-04459,CUST-0373,Amit Joshi,65.16,705.42,WALLET,INSUFFICIENT_FUNDS,2,18.0,STOP,NOT_ATTEMPTED,0.0,2026-08-15 07:55:33.043570
SIM-TXN-04460,CUST-0373,Amit Joshi,65.16,4144.93,WALLET,BANK_TIMEOUT,1,78.0,RETRY,SUCCESS,4144.93,2026-08-31 06:45:33.043570
SIM-TXN-04461,CUST-0445,Rohan Deshmukh,71.94,6316.23,NETBANKING,BANK_ERROR,2,45.0,STOP,NOT_ATTEMPTED,0.0,2026-08-09 09:22:33.043570
SIM-TXN-04462,CUST-0220,Ananya Kulkarni,77.15,10715.96,CARD,BANK_ERROR,1,65.0,NOTIFY,SUCCESS,10715.96,2026-08-01 21:36:33.043570
SIM-TXN-04463,CUST-0432,Priya Patil,77.27,4790.95,CARD,UNKNOWN,0,35.0,ESCALATE,FAILED,0.0,2026-08-12 22:41:33.043570
SIM-TXN-04464,CUST-0362,Priya Patil,54.77,6187.4,NETBANKING,BANK_ERROR,2,40.0,STOP,NOT_ATTEMPTED,0.0,2026-08-20 03:44:33.043570
SIM-TXN-04465,CUST-0453,Amit Joshi,90.86,1534.54,NETBANKING,UNKNOWN,1,35.0,ESCALATE,FAILED,0.0,2026-08-14 15:46:33.043570
SIM-TXN-04466,CUST-0294,Sneha Kulkarni,74.89,967.65,NETBANKING,BANK_ERROR,2,45.0,STOP,NOT_ATTEMPTED,0.0,2026-08-23 21:28:33.043570
SIM-TXN-04467,CUST-0331,Rahul Sharma,74.46,4817.76,UPI,AUTH_FAILED,2,22.0,STOP,NOT_ATTEMPTED,0.0,2026-08-11 16:37:33.043570
SIM-TXN-04468,CUST-0301,Rahul Sharma,75.52,3408.9,WALLET,INSUFFICIENT_FUNDS,2,18.0,STOP,NOT_ATTEMPTED,0.0,2026-08-27 22:16:33.043570
SIM-TXN-04469,CUST-0430,Ananya Kulkarni,68.22,2659.67,NETBANKING,AUTH_FAILED,2,22.0,STOP,NOT_ATTEMPTED,0.0,2026-08-05 07:29:33.043570
SIM-TXN-04470,CUST-0132,Priya Patil,48.63,3327.24,WALLET,AUTH_FAILED,0,42.0,ESCALATE,FAILED,0.0,2026-08-30 00:24:33.043570
SIM-TXN-04471,CUST-0456,Neha Shah,64.99,3160.7,NETBANKING,BANK_ERROR,0,70.0,RETRY,FAILED,0.0,2026-08-28 23:17:33.043570
SIM-TXN-04472,CUST-0360,Ananya Kulkarni,75.43,6816.17,CARD,INSUFFICIENT_FUNDS,0,43.0,ESCALATE,FAILED,0.0,2026-08-21 15:45:33.043570
SIM-TXN-04473,CUST-0152,Priya Patil,77.42,6877.35,CARD,BANK_TIMEOUT,2,58.0,STOP,NOT_ATTEMPTED,0.0,2026-08-11 21:55:33.043570
SIM-TXN-04474,CUST-0500,Ananya Kulkarni,60.86,3772.06,WALLET,AUTH_FAILED,0,47.0,ESCALATE,SUCCESS,3772.06,2026-08-08 22:23:33.043570
SIM-TXN-04475,CUST-0368,Pooja Jadhav,95.3,4801.3,UPI,AUTH_FAILED,2,27.0,STOP,NOT_ATTEMPTED,0.0,2026-08-06 12:55:33.043570
SIM-TXN-04476,CUST-0169,Kunal Patil,74.73,3682.14,NETBANKING,AUTH_FAILED,0,47.0,ESCALATE,SUCCESS,3682.14,2026-08-01 23:25:33.043570
SIM-TXN-04477,CUST-0359,Kunal Patil,50.44,1687.6,WALLET,BANK_TIMEOUT,1,73.0,RETRY,SUCCESS,1687.6,2026-08-09 05:23:33.043570
SIM-TXN-04478,CUST-0071,Rahul Sharma,73.59,4470.48,NETBANKING,UNKNOWN,1,30.0,ESCALATE,SUCCESS,4470.48,2026-08-30 18:42:33.043570
SIM-TXN-04479,CUST-0083,Amit Joshi,91.24,799.83,WALLET,BANK_ERROR,2,50.0,STOP,NOT_ATTEMPTED,0.0,2026-08-24 17:29:33.043570
SIM-TXN-04480,CUST-0357,Aditya More,60.48,5670.96,CARD,BANK_ERROR,0,70.0,RETRY,SUCCESS,5670.96,2026-08-25 17:20:33.043570
SIM-TXN-04481,CUST-0330,Ananya Kulkarni,82.16,938.59,WALLET,AUTH_FAILED,0,52.0,NOTIFY,SUCCESS,938.59,2026-08-26 16:03:33.043570
SIM-TXN-04482,CUST-0498,Pooja Jadhav,53.37,3067.58,UPI,INSUFFICIENT_FUNDS,1,33.0,ESCALATE,FAILED,0.0,2026-08-19 06:51:33.043570
SIM-TXN-04483,CUST-0358,Pooja Jadhav,78.81,1241.25,CARD,BANK_TIMEOUT,2,58.0,STOP,NOT_ATTEMPTED,0.0,2026-08-13 09:57:33.043570
SIM-TXN-04484,CUST-0295,Rohan Deshmukh,69.65,3799.83,WALLET,AUTH_FAILED,1,42.0,ESCALATE,FAILED,0.0,2026-08-27 22:58:33.043570
SIM-TXN-04485,CUST-0307,Aditya More,86.48,2375.25,NETBANKING,AUTH_FAILED,1,47.0,ESCALATE,SUCCESS,2375.25,2026-08-16 13:28:33.043570
SIM-TXN-04486,CUST-0264,Sneha Kulkarni,95.14,681.43,WALLET,BANK_ERROR,2,50.0,STOP,NOT_ATTEMPTED,0.0,2026-08-14 01:09:33.043570
SIM-TXN-04487,CUST-0291,Rahul Sharma,55.57,3417.14,WALLET,INSUFFICIENT_FUNDS,0,38.0,ESCALATE,FAILED,0.0,2026-08-26 10:30:33.043570
SIM-TXN-04488,CUST-0124,Sneha Kulkarni,53.2,1537.12,WALLET,UNKNOWN,0,30.0,ESCALATE,SUCCESS,1537.12,2026-08-07 05:18:33.043570
SIM-TXN-04489,CUST-0026,Neha Shah,90.33,4939.0,UPI,INSUFFICIENT_FUNDS,2,23.0,STOP,NOT_ATTEMPTED,0.0,2026-08-08 04:39:33.043570
SIM-TXN-04490,CUST-0214,Sneha Kulkarni,67.28,2443.19,WALLET,BANK_TIMEOUT,0,83.0,RETRY,SUCCESS,2443.19,2026-08-20 20:17:33.043570
SIM-TXN-04491,CUST-0166,Neha Shah,78.77,3348.73,NETBANKING,BANK_ERROR,2,45.0,STOP,NOT_ATTEMPTED,0.0,2026-08-22 06:04:33.043570
SIM-TXN-04492,CUST-0351,Rahul Sharma,76.63,1134.5,NETBANKING,AUTH_FAILED,1,42.0,ESCALATE,FAILED,0.0,2026-08-25 13:56:33.043570
SIM-TXN-04493,CUST-0485,Rohan Deshmukh,60.55,1523.15,NETBANKING,BANK_ERROR,1,65.0,NOTIFY,FAILED,0.0,2026-08-17 19:30:33.043570
SIM-TXN-04494,CUST-0052,Priya Patil,85.06,1691.02,CARD,UNKNOWN,1,35.0,ESCALATE,FAILED,0.0,2026-08-14 06:54:33.043570
SIM-TXN-04495,CUST-0003,Amit Joshi,84.03,4843.35,WALLET,BANK_TIMEOUT,2,63.0,STOP,NOT_ATTEMPTED,0.0,2026-08-22 02:33:33.043570
SIM-TXN-04496,CUST-0173,Amit Joshi,67.78,9338.51,WALLET,AUTH_FAILED,2,22.0,STOP,NOT_ATTEMPTED,0.0,2026-08-07 20:00:33.043570
SIM-TXN-04497,CUST-0150,Ananya Kulkarni,60.1,1281.6,NETBANKING,INSUFFICIENT_FUNDS,0,43.0,ESCALATE,FAILED,0.0,2026-08-17 20:25:33.043570
SIM-TXN-04498,CUST-0131,Rahul Sharma,49.25,5776.07,CARD,BANK_ERROR,0,65.0,NOTIFY,FAILED,0.0,2026-08-15 13:25:33.043570
SIM-TXN-04499,CUST-0134,Sneha Kulkarni,66.4,430.2,WALLET,BANK_TIMEOUT,1,78.0,RETRY,SUCCESS,430.2,2026-08-10 23:17:33.043570
SIM-TXN-04500,CUST-0104,Sneha Kulkarni,67.45,938.84,WALLET,AUTH_FAILED,0,47.0,ESCALATE,FAILED,0.0,2026-08-12 09:52:33.043570
SIM-TXN-04501,CUST-0429,Kunal Patil,51.94,1133.4,WALLET,BANK_ERROR,0,65.0,NOTIFY,FAILED,0.0,2026-08-22 09:21:33.043570
SIM-TXN-04502,CUST-0011,Rahul Sharma,85.22,827.16,WALLET,UNKNOWN,0,40.0,ESCALATE,SUCCESS,827.16,2026-08-30 02:35:33.043570
SIM-TXN-04503,CUST-0153,Amit Joshi,45.41,687.55,NETBANKING,INSUFFICIENT_FUNDS,0,38.0,ESCALATE,FAILED,0.0,2026-08-25 02:57:33.043570
SIM-TXN-04504,CUST-0330,Ananya Kulkarni,82.16,3396.15,CARD,BANK_ERROR,0,75.0,RETRY,FAILED,0.0,2026-08-16 22:27:33.043570
SIM-TXN-04505,CUST-0375,Rohan Deshmukh,97.47,2056.47,CARD,BANK_TIMEOUT,0,88.0,RETRY,FAILED,0.0,2026-08-14 10:35:33.043570
SIM-TXN-04506,CUST-0383,Amit Joshi,66.65,3306.1,NETBANKING,BANK_TIMEOUT,2,58.0,STOP,NOT_ATTEMPTED,0.0,2026-08-28 02:43:33.043570
SIM-TXN-04507,CUST-0007,Aditya More,76.91,4240.25,WALLET,AUTH_FAILED,2,22.0,STOP,NOT_ATTEMPTED,0.0,2026-08-04 19:17:33.043570
SIM-TXN-04508,CUST-0422,Priya Patil,90.84,3018.43,WALLET,AUTH_FAILED,2,27.0,STOP,NOT_ATTEMPTED,0.0,2026-08-23 22:52:33.043570
SIM-TXN-04509,CUST-0070,Ananya Kulkarni,64.82,4130.73,NETBANKING,INSUFFICIENT_FUNDS,0,43.0,ESCALATE,FAILED,0.0,2026-08-06 18:35:33.043570
SIM-TXN-04510,CUST-0108,Pooja Jadhav,87.43,2308.55,NETBANKING,BANK_ERROR,2,50.0,STOP,NOT_ATTEMPTED,0.0,2026-08-02 09:21:33.043570
SIM-TXN-04511,CUST-0153,Amit Joshi,45.41,944.26,UPI,BANK_ERROR,1,60.0,NOTIFY,SUCCESS,944.26,2026-08-18 23:27:33.043570
SIM-TXN-04512,CUST-0385,Rohan Deshmukh,57.27,5688.78,NETBANKING,INSUFFICIENT_FUNDS,2,13.0,STOP,NOT_ATTEMPTED,0.0,2026-08-02 10:26:33.043570
SIM-TXN-04513,CUST-0294,Sneha Kulkarni,74.89,1523.42,CARD,BANK_ERROR,2,45.0,STOP,NOT_ATTEMPTED,0.0,2026-08-13 05:21:33.043570
SIM-TXN-04514,CUST-0347,Aditya More,95.4,1154.62,NETBANKING,BANK_TIMEOUT,2,63.0,STOP,NOT_ATTEMPTED,0.0,2026-08-30 08:50:33.043570
SIM-TXN-04515,CUST-0390,Ananya Kulkarni,67.53,2116.81,CARD,AUTH_FAILED,2,22.0,STOP,NOT_ATTEMPTED,0.0,2026-08-21 11:02:33.043570
SIM-TXN-04516,CUST-0001,Rahul Sharma,50.9,1175.86,NETBANKING,BANK_TIMEOUT,1,73.0,RETRY,SUCCESS,1175.86,2026-08-03 19:20:33.043570
SIM-TXN-04517,CUST-0411,Rahul Sharma,78.64,1747.7,UPI,BANK_TIMEOUT,1,78.0,RETRY,FAILED,0.0,2026-08-29 02:50:33.043570
SIM-TXN-04518,CUST-0500,Ananya Kulkarni,60.86,3213.91,NETBANKING,INSUFFICIENT_FUNDS,2,18.0,STOP,NOT_ATTEMPTED,0.0,2026-08-14 13:12:33.043570
SIM-TXN-04519,CUST-0313,Amit Joshi,78.69,3224.95,UPI,INSUFFICIENT_FUNDS,1,38.0,ESCALATE,SUCCESS,3224.95,2026-08-15 23:56:33.043570
SIM-TXN-04520,CUST-0079,Kunal Patil,88.25,1190.03,UPI,BANK_TIMEOUT,2,63.0,STOP,NOT_ATTEMPTED,0.0,2026-08-21 19:35:33.043570
SIM-TXN-04521,CUST-0341,Rahul Sharma,73.14,1652.15,NETBANKING,BANK_ERROR,2,45.0,STOP,NOT_ATTEMPTED,0.0,2026-08-21 16:03:33.043570
SIM-TXN-04522,CUST-0236,Neha Shah,52.82,5764.46,NETBANKING,BANK_ERROR,0,65.0,NOTIFY,SUCCESS,5764.46,2026-08-04 19:48:33.043570
SIM-TXN-04523,CUST-0263,Amit Joshi,65.64,3630.48,NETBANKING,UNKNOWN,2,10.0,STOP,NOT_ATTEMPTED,0.0,2026-08-25 13:52:33.043570
SIM-TXN-04524,CUST-0370,Ananya Kulkarni,74.58,12836.55,UPI,BANK_TIMEOUT,2,58.0,STOP,NOT_ATTEMPTED,0.0,2026-08-25 13:06:33.043570
SIM-TXN-04525,CUST-0387,Aditya More,48.77,6273.58,NETBANKING,INSUFFICIENT_FUNDS,2,13.0,STOP,NOT_ATTEMPTED,0.0,2026-08-25 10:56:33.043570
SIM-TXN-04526,CUST-0448,Pooja Jadhav,63.01,6096.28,NETBANKING,BANK_ERROR,0,70.0,RETRY,SUCCESS,6096.28,2026-08-09 00:49:33.043570
SIM-TXN-04527,CUST-0126,Neha Shah,75.7,804.09,CARD,AUTH_FAILED,0,47.0,ESCALATE,FAILED,0.0,2026-08-21 07:56:33.043570
SIM-TXN-04528,CUST-0016,Neha Shah,50.13,4496.65,NETBANKING,INSUFFICIENT_FUNDS,2,13.0,STOP,NOT_ATTEMPTED,0.0,2026-08-26 18:13:33.043570
SIM-TXN-04529,CUST-0193,Amit Joshi,90.81,2339.08,NETBANKING,INSUFFICIENT_FUNDS,0,48.0,ESCALATE,FAILED,0.0,2026-08-23 15:52:33.043570
SIM-TXN-04530,CUST-0150,Ananya Kulkarni,60.1,1570.6,CARD,UNKNOWN,0,35.0,ESCALATE,FAILED,0.0,2026-08-21 23:20:33.043570
SIM-TXN-04531,CUST-0099,Kunal Patil,83.34,2791.72,WALLET,INSUFFICIENT_FUNDS,1,43.0,ESCALATE,SUCCESS,2791.72,2026-08-28 15:47:33.043570
SIM-TXN-04532,CUST-0110,Ananya Kulkarni,73.42,5198.73,UPI,AUTH_FAILED,1,42.0,ESCALATE,SUCCESS,5198.73,2026-08-25 21:27:33.043570
SIM-TXN-04533,CUST-0473,Amit Joshi,90.17,3643.37,UPI,UNKNOWN,1,35.0,ESCALATE,FAILED,0.0,2026-08-08 14:20:33.043570
SIM-TXN-04534,CUST-0151,Rahul Sharma,89.19,1208.6,WALLET,INSUFFICIENT_FUNDS,1,43.0,ESCALATE,FAILED,0.0,2026-08-27 10:03:33.043570
SIM-TXN-04535,CUST-0160,Ananya Kulkarni,55.79,4420.32,UPI,BANK_ERROR,1,60.0,NOTIFY,FAILED,0.0,2026-08-12 12:16:33.043570
SIM-TXN-04536,CUST-0069,Kunal Patil,77.28,1465.47,CARD,BANK_ERROR,0,70.0,RETRY,SUCCESS,1465.47,2026-08-07 04:59:33.043570
SIM-TXN-04537,CUST-0231,Rahul Sharma,97.15,2902.55,UPI,AUTH_FAILED,0,52.0,NOTIFY,FAILED,0.0,2026-08-12 04:00:33.043570
SIM-TXN-04538,CUST-0242,Priya Patil,69.19,1914.71,UPI,AUTH_FAILED,0,47.0,ESCALATE,FAILED,0.0,2026-08-21 06:54:33.043570
SIM-TXN-04539,CUST-0162,Priya Patil,70.89,2048.59,WALLET,INSUFFICIENT_FUNDS,0,43.0,ESCALATE,FAILED,0.0,2026-08-26 22:06:33.043570
SIM-TXN-04540,CUST-0144,Sneha Kulkarni,45.49,4505.23,WALLET,INSUFFICIENT_FUNDS,2,13.0,STOP,NOT_ATTEMPTED,0.0,2026-08-16 11:43:33.043570
SIM-TXN-04541,CUST-0361,Rahul Sharma,70.37,1061.93,WALLET,BANK_TIMEOUT,1,78.0,RETRY,SUCCESS,1061.93,2026-08-16 01:48:33.043570
SIM-TXN-04542,CUST-0104,Sneha Kulkarni,67.45,11569.83,UPI,AUTH_FAILED,2,22.0,STOP,NOT_ATTEMPTED,0.0,2026-08-26 09:39:33.043570
SIM-TXN-04543,CUST-0320,Ananya Kulkarni,59.22,568.57,WALLET,INSUFFICIENT_FUNDS,2,13.0,STOP,NOT_ATTEMPTED,0.0,2026-08-11 08:29:33.043570
SIM-TXN-04544,CUST-0237,Aditya More,92.31,1513.02,NETBANKING,AUTH_FAILED,2,27.0,STOP,NOT_ATTEMPTED,0.0,2026-08-04 17:44:33.043570
SIM-TXN-04545,CUST-0165,Rohan Deshmukh,45.19,3281.87,UPI,BANK_ERROR,2,40.0,STOP,NOT_ATTEMPTED,0.0,2026-08-28 05:36:33.043570
SIM-TXN-04546,CUST-0155,Rohan Deshmukh,94.76,3895.01,WALLET,BANK_ERROR,0,75.0,RETRY,SUCCESS,3895.01,2026-08-26 19:38:33.043570
SIM-TXN-04547,CUST-0108,Pooja Jadhav,87.43,2252.1,WALLET,AUTH_FAILED,1,47.0,ESCALATE,SUCCESS,2252.1,2026-08-02 19:55:33.043570
SIM-TXN-04548,CUST-0441,Rahul Sharma,67.02,2331.08,UPI,BANK_TIMEOUT,2,58.0,STOP,NOT_ATTEMPTED,0.0,2026-08-23 14:08:33.043570
SIM-TXN-04549,CUST-0205,Rohan Deshmukh,72.56,3389.51,CARD,BANK_TIMEOUT,2,58.0,STOP,NOT_ATTEMPTED,0.0,2026-08-19 22:56:33.043570
SIM-TXN-04550,CUST-0349,Kunal Patil,59.65,2028.69,UPI,BANK_TIMEOUT,2,53.0,STOP,NOT_ATTEMPTED,0.0,2026-08-29 05:11:33.043570
SIM-TXN-04551,CUST-0015,Rohan Deshmukh,50.42,7439.4,NETBANKING,AUTH_FAILED,2,17.0,STOP,NOT_ATTEMPTED,0.0,2026-08-05 19:19:33.043570
SIM-TXN-04552,CUST-0281,Rahul Sharma,65.09,4776.58,UPI,INSUFFICIENT_FUNDS,0,43.0,ESCALATE,FAILED,0.0,2026-08-31 05:42:33.043570
SIM-TXN-04553,CUST-0405,Rohan Deshmukh,76.12,4906.22,WALLET,AUTH_FAILED,2,22.0,STOP,NOT_ATTEMPTED,0.0,2026-08-06 06:19:33.043570
SIM-TXN-04554,CUST-0262,Priya Patil,48.3,1126.73,UPI,INSUFFICIENT_FUNDS,2,13.0,STOP,NOT_ATTEMPTED,0.0,2026-08-24 00:29:33.043570
SIM-TXN-04555,CUST-0004,Sneha Kulkarni,49.61,2290.42,WALLET,UNKNOWN,2,5.0,STOP,NOT_ATTEMPTED,0.0,2026-08-28 21:56:33.043570
SIM-TXN-04556,CUST-0019,Kunal Patil,51.62,1919.13,UPI,INSUFFICIENT_FUNDS,1,33.0,ESCALATE,FAILED,0.0,2026-08-11 18:39:33.043570
SIM-TXN-04557,CUST-0247,Aditya More,68.63,1091.73,CARD,INSUFFICIENT_FUNDS,1,38.0,ESCALATE,FAILED,0.0,2026-08-12 07:14:33.043570
SIM-TXN-04558,CUST-0115,Rohan Deshmukh,89.31,3255.6,WALLET,BANK_TIMEOUT,2,63.0,STOP,NOT_ATTEMPTED,0.0,2026-08-15 14:47:33.043570
SIM-TXN-04559,CUST-0312,Priya Patil,67.98,1587.45,UPI,UNKNOWN,0,35.0,ESCALATE,FAILED,0.0,2026-08-03 19:17:33.043570
SIM-TXN-04560,CUST-0216,Neha Shah,77.62,4122.95,WALLET,BANK_ERROR,2,45.0,STOP,NOT_ATTEMPTED,0.0,2026-08-29 17:49:33.043570
SIM-TXN-04561,CUST-0212,Priya Patil,62.29,1036.75,CARD,INSUFFICIENT_FUNDS,0,43.0,ESCALATE,SUCCESS,1036.75,2026-08-22 02:13:33.043570
SIM-TXN-04562,CUST-0007,Aditya More,76.91,9655.01,WALLET,INSUFFICIENT_FUNDS,0,43.0,ESCALATE,FAILED,0.0,2026-08-09 13:32:33.043570
SIM-TXN-04563,CUST-0431,Rahul Sharma,51.44,1191.46,CARD,INSUFFICIENT_FUNDS,0,38.0,ESCALATE,SUCCESS,1191.46,2026-08-17 06:37:33.043570
SIM-TXN-04564,CUST-0324,Sneha Kulkarni,75.2,2908.64,NETBANKING,BANK_TIMEOUT,1,78.0,RETRY,SUCCESS,2908.64,2026-08-03 06:43:33.043570
SIM-TXN-04565,CUST-0184,Sneha Kulkarni,86.47,4598.51,UPI,BANK_TIMEOUT,2,63.0,STOP,NOT_ATTEMPTED,0.0,2026-08-23 13:33:33.043570
SIM-TXN-04566,CUST-0317,Aditya More,77.64,1546.09,CARD,AUTH_FAILED,2,22.0,STOP,NOT_ATTEMPTED,0.0,2026-08-14 06:04:33.043570
SIM-TXN-04567,CUST-0364,Sneha Kulkarni,51.05,4826.97,NETBANKING,INSUFFICIENT_FUNDS,0,38.0,ESCALATE,SUCCESS,4826.97,2026-08-24 23:02:33.043570
SIM-TXN-04568,CUST-0276,Neha Shah,73.31,912.92,UPI,BANK_TIMEOUT,1,78.0,RETRY,SUCCESS,912.92,2026-08-23 18:57:33.043570
SIM-TXN-04569,CUST-0487,Aditya More,73.15,7798.56,UPI,BANK_TIMEOUT,0,83.0,RETRY,FAILED,0.0,2026-08-31 06:56:33.043570
SIM-TXN-04570,CUST-0407,Aditya More,75.54,2468.39,UPI,BANK_ERROR,0,70.0,RETRY,SUCCESS,2468.39,2026-08-21 23:53:33.043570
SIM-TXN-04571,CUST-0059,Kunal Patil,81.06,1514.55,WALLET,BANK_ERROR,2,50.0,STOP,NOT_ATTEMPTED,0.0,2026-08-29 04:13:33.043570
SIM-TXN-04572,CUST-0039,Kunal Patil,87.67,1921.1,WALLET,INSUFFICIENT_FUNDS,1,43.0,ESCALATE,FAILED,0.0,2026-08-26 06:18:33.043570
SIM-TXN-04573,CUST-0028,Pooja Jadhav,78.69,4661.7,CARD,INSUFFICIENT_FUNDS,0,43.0,ESCALATE,FAILED,0.0,2026-08-15 13:26:33.043570
SIM-TXN-04574,CUST-0412,Priya Patil,96.36,1529.1,NETBANKING,INSUFFICIENT_FUNDS,1,43.0,ESCALATE,FAILED,0.0,2026-08-15 01:49:33.043570
SIM-TXN-04575,CUST-0135,Rohan Deshmukh,58.05,1340.12,WALLET,BANK_ERROR,2,40.0,STOP,NOT_ATTEMPTED,0.0,2026-08-15 03:29:33.043570
SIM-TXN-04576,CUST-0013,Amit Joshi,59.73,2044.22,CARD,UNKNOWN,1,25.0,ESCALATE,FAILED,0.0,2026-08-21 05:39:33.043570
SIM-TXN-04577,CUST-0489,Kunal Patil,54.01,951.87,UPI,BANK_TIMEOUT,0,78.0,RETRY,SUCCESS,951.87,2026-08-07 22:06:33.043570
SIM-TXN-04578,CUST-0314,Sneha Kulkarni,82.49,10471.74,CARD,BANK_ERROR,1,70.0,RETRY,SUCCESS,10471.74,2026-08-11 06:29:33.043570
SIM-TXN-04579,CUST-0445,Rohan Deshmukh,71.94,1551.36,WALLET,BANK_TIMEOUT,1,78.0,RETRY,SUCCESS,1551.36,2026-08-09 01:54:33.043570
SIM-TXN-04580,CUST-0308,Pooja Jadhav,73.24,4747.12,CARD,UNKNOWN,2,10.0,STOP,NOT_ATTEMPTED,0.0,2026-08-21 18:40:33.043570
SIM-TXN-04581,CUST-0120,Ananya Kulkarni,65.09,2885.85,WALLET,BANK_TIMEOUT,2,58.0,STOP,NOT_ATTEMPTED,0.0,2026-08-11 06:34:33.043570
SIM-TXN-04582,CUST-0364,Sneha Kulkarni,51.05,1110.29,UPI,BANK_TIMEOUT,1,73.0,RETRY,SUCCESS,1110.29,2026-08-15 15:20:33.043570
SIM-TXN-04583,CUST-0329,Kunal Patil,59.82,2429.0,CARD,BANK_TIMEOUT,0,78.0,RETRY,SUCCESS,2429.0,2026-08-05 21:47:33.043570
SIM-TXN-04584,CUST-0193,Amit Joshi,90.81,4569.7,NETBANKING,INSUFFICIENT_FUNDS,0,48.0,ESCALATE,FAILED,0.0,2026-08-30 07:37:33.043570
SIM-TXN-04585,CUST-0379,Kunal Patil,78.15,2099.37,CARD,BANK_TIMEOUT,2,58.0,STOP,NOT_ATTEMPTED,0.0,2026-08-21 11:45:33.043570
SIM-TXN-04586,CUST-0409,Kunal Patil,93.55,6339.09,WALLET,BANK_ERROR,0,75.0,RETRY,SUCCESS,6339.09,2026-08-19 06:43:33.043570
SIM-TXN-04587,CUST-0434,Sneha Kulkarni,74.19,5525.96,NETBANKING,BANK_ERROR,1,65.0,NOTIFY,SUCCESS,5525.96,2026-08-07 08:35:33.043570
SIM-TXN-04588,CUST-0177,Aditya More,63.74,5090.5,NETBANKING,INSUFFICIENT_FUNDS,2,18.0,STOP,NOT_ATTEMPTED,0.0,2026-08-14 16:33:33.043570
SIM-TXN-04589,CUST-0333,Amit Joshi,57.79,1689.65,WALLET,BANK_TIMEOUT,1,73.0,RETRY,SUCCESS,1689.65,2026-08-29 12:59:33.043570
SIM-TXN-04590,CUST-0059,Kunal Patil,81.06,1028.78,WALLET,BANK_ERROR,0,75.0,RETRY,SUCCESS,1028.78,2026-08-09 03:26:33.043570
SIM-TXN-04591,CUST-0460,Ananya Kulkarni,47.31,1493.88,UPI,BANK_TIMEOUT,1,73.0,RETRY,SUCCESS,1493.88,2026-08-05 01:23:33.043570
SIM-TXN-04592,CUST-0331,Rahul Sharma,74.46,2855.47,NETBANKING,INSUFFICIENT_FUNDS,0,43.0,ESCALATE,SUCCESS,2855.47,2026-08-15 10:29:33.043570
SIM-TXN-04593,CUST-0429,Kunal Patil,51.94,3776.79,WALLET,BANK_TIMEOUT,1,73.0,RETRY,SUCCESS,3776.79,2026-08-04 10:56:33.043570
SIM-TXN-04594,CUST-0362,Priya Patil,54.77,429.55,CARD,AUTH_FAILED,2,17.0,STOP,NOT_ATTEMPTED,0.0,2026-08-23 22:44:33.043570
SIM-TXN-04595,CUST-0416,Neha Shah,66.82,2424.81,UPI,BANK_ERROR,2,45.0,STOP,NOT_ATTEMPTED,0.0,2026-08-07 15:16:33.043570
SIM-TXN-04596,CUST-0303,Amit Joshi,49.03,2769.64,CARD,INSUFFICIENT_FUNDS,2,13.0,STOP,NOT_ATTEMPTED,0.0,2026-08-20 05:24:33.043570
SIM-TXN-04597,CUST-0148,Pooja Jadhav,94.46,1954.65,CARD,AUTH_FAILED,0,52.0,NOTIFY,FAILED,0.0,2026-08-03 02:17:33.043570
SIM-TXN-04598,CUST-0416,Neha Shah,66.82,6856.96,NETBANKING,BANK_TIMEOUT,2,58.0,STOP,NOT_ATTEMPTED,0.0,2026-08-03 03:15:33.043570
SIM-TXN-04599,CUST-0295,Rohan Deshmukh,69.65,3420.1,WALLET,INSUFFICIENT_FUNDS,2,18.0,STOP,NOT_ATTEMPTED,0.0,2026-08-10 07:24:33.043570
SIM-TXN-04600,CUST-0060,Ananya Kulkarni,81.13,6961.52,CARD,AUTH_FAILED,1,47.0,ESCALATE,SUCCESS,6961.52,2026-08-22 17:03:33.043570
SIM-TXN-04601,CUST-0064,Sneha Kulkarni,95.55,2053.36,WALLET,AUTH_FAILED,1,47.0,ESCALATE,SUCCESS,2053.36,2026-08-05 08:07:33.043570
SIM-TXN-04602,CUST-0001,Rahul Sharma,50.9,5166.66,NETBANKING,BANK_TIMEOUT,2,53.0,STOP,NOT_ATTEMPTED,0.0,2026-08-19 17:29:33.043570
SIM-TXN-04603,CUST-0469,Kunal Patil,66.73,9027.7,CARD,BANK_TIMEOUT,0,83.0,RETRY,SUCCESS,9027.7,2026-08-07 14:46:33.043570
SIM-TXN-04604,CUST-0069,Kunal Patil,77.28,6969.89,CARD,INSUFFICIENT_FUNDS,1,38.0,ESCALATE,FAILED,0.0,2026-08-26 13:23:33.043570
SIM-TXN-04605,CUST-0021,Rahul Sharma,88.96,1018.7,CARD,BANK_TIMEOUT,2,63.0,STOP,NOT_ATTEMPTED,0.0,2026-08-21 17:04:33.043570
SIM-TXN-04606,CUST-0498,Pooja Jadhav,53.37,1992.33,CARD,BANK_ERROR,1,60.0,NOTIFY,SUCCESS,1992.33,2026-08-29 21:06:33.043570
SIM-TXN-04607,CUST-0380,Ananya Kulkarni,80.0,1851.72,WALLET,BANK_TIMEOUT,1,83.0,RETRY,SUCCESS,1851.72,2026-08-16 16:34:33.043570
SIM-TXN-04608,CUST-0077,Aditya More,91.53,3609.79,NETBANKING,AUTH_FAILED,1,47.0,ESCALATE,SUCCESS,3609.79,2026-08-15 03:50:33.043570
SIM-TXN-04609,CUST-0014,Sneha Kulkarni,95.73,4226.3,CARD,AUTH_FAILED,0,52.0,NOTIFY,FAILED,0.0,2026-08-17 17:45:33.043570
SIM-TXN-04610,CUST-0033,Amit Joshi,73.31,1247.49,WALLET,BANK_ERROR,1,65.0,NOTIFY,SUCCESS,1247.49,2026-08-15 18:28:33.043570
SIM-TXN-04611,CUST-0072,Priya Patil,93.68,2576.72,WALLET,INSUFFICIENT_FUNDS,0,48.0,ESCALATE,SUCCESS,2576.72,2026-08-19 06:06:33.043570
SIM-TXN-04612,CUST-0127,Aditya More,48.23,484.96,CARD,BANK_ERROR,1,60.0,NOTIFY,SUCCESS,484.96,2026-08-27 14:56:33.043570
SIM-TXN-04613,CUST-0300,Ananya Kulkarni,75.67,7735.35,NETBANKING,INSUFFICIENT_FUNDS,2,18.0,STOP,NOT_ATTEMPTED,0.0,2026-08-31 01:07:33.043570
SIM-TXN-04614,CUST-0196,Neha Shah,62.55,1619.87,NETBANKING,UNKNOWN,1,30.0,ESCALATE,FAILED,0.0,2026-08-08 23:29:33.043570
SIM-TXN-04615,CUST-0328,Pooja Jadhav,87.29,2552.15,WALLET,BANK_TIMEOUT,1,83.0,RETRY,SUCCESS,2552.15,2026-08-13 17:54:33.043570
SIM-TXN-04616,CUST-0416,Neha Shah,66.82,1905.08,UPI,BANK_TIMEOUT,0,83.0,RETRY,SUCCESS,1905.08,2026-08-26 17:03:33.043570
SIM-TXN-04617,CUST-0166,Neha Shah,78.77,6104.75,CARD,BANK_TIMEOUT,2,58.0,STOP,NOT_ATTEMPTED,0.0,2026-08-17 00:21:33.043570
SIM-TXN-04618,CUST-0176,Neha Shah,81.15,252.14,CARD,BANK_TIMEOUT,1,83.0,RETRY,SUCCESS,252.14,2026-08-13 10:23:33.043570
SIM-TXN-04619,CUST-0449,Kunal Patil,59.16,2408.39,WALLET,AUTH_FAILED,0,42.0,ESCALATE,SUCCESS,2408.39,2026-08-26 04:21:33.043570
SIM-TXN-04620,CUST-0118,Pooja Jadhav,70.51,2242.5,NETBANKING,AUTH_FAILED,1,42.0,ESCALATE,FAILED,0.0,2026-08-12 09:55:33.043570
SIM-TXN-04621,CUST-0034,Sneha Kulkarni,53.66,1697.8,NETBANKING,BANK_TIMEOUT,1,73.0,RETRY,SUCCESS,1697.8,2026-08-05 14:22:33.043570
SIM-TXN-04622,CUST-0192,Priya Patil,66.12,9710.68,NETBANKING,INSUFFICIENT_FUNDS,2,18.0,STOP,NOT_ATTEMPTED,0.0,2026-08-10 19:12:33.043570
SIM-TXN-04623,CUST-0077,Aditya More,91.53,1200.07,UPI,BANK_ERROR,1,70.0,RETRY,SUCCESS,1200.07,2026-08-28 13:36:33.043570
SIM-TXN-04624,CUST-0235,Rohan Deshmukh,71.2,4525.29,WALLET,AUTH_FAILED,2,22.0,STOP,NOT_ATTEMPTED,0.0,2026-08-16 05:00:33.043570
SIM-TXN-04625,CUST-0110,Ananya Kulkarni,73.42,3245.43,UPI,BANK_TIMEOUT,1,78.0,RETRY,SUCCESS,3245.43,2026-08-16 10:55:33.043570
SIM-TXN-04626,CUST-0147,Aditya More,71.81,6695.66,WALLET,BANK_TIMEOUT,2,58.0,STOP,NOT_ATTEMPTED,0.0,2026-08-21 14:35:33.043570
SIM-TXN-04627,CUST-0218,Pooja Jadhav,61.11,1431.17,CARD,BANK_TIMEOUT,0,83.0,RETRY,SUCCESS,1431.17,2026-08-18 19:26:33.043570
SIM-TXN-04628,CUST-0258,Pooja Jadhav,65.3,1357.81,UPI,BANK_TIMEOUT,2,58.0,STOP,NOT_ATTEMPTED,0.0,2026-08-26 04:19:33.043570
SIM-TXN-04629,CUST-0246,Neha Shah,67.62,5865.58,UPI,UNKNOWN,1,30.0,ESCALATE,SUCCESS,5865.58,2026-08-05 15:03:33.043570
SIM-TXN-04630,CUST-0167,Aditya More,53.56,3429.8,UPI,BANK_TIMEOUT,1,73.0,RETRY,SUCCESS,3429.8,2026-08-23 16:45:33.043570
SIM-TXN-04631,CUST-0274,Sneha Kulkarni,83.38,709.14,UPI,BANK_ERROR,0,75.0,RETRY,SUCCESS,709.14,2026-08-26 18:04:33.043570
SIM-TXN-04632,CUST-0040,Ananya Kulkarni,59.19,1585.34,UPI,AUTH_FAILED,0,42.0,ESCALATE,FAILED,0.0,2026-08-20 05:45:33.043570
SIM-TXN-04633,CUST-0324,Sneha Kulkarni,75.2,3324.6,WALLET,AUTH_FAILED,1,42.0,ESCALATE,SUCCESS,3324.6,2026-08-22 11:00:33.043570
SIM-TXN-04634,CUST-0430,Ananya Kulkarni,68.22,4770.52,UPI,BANK_TIMEOUT,0,83.0,RETRY,FAILED,0.0,2026-08-28 02:30:33.043570
SIM-TXN-04635,CUST-0337,Aditya More,49.93,1417.45,UPI,BANK_TIMEOUT,1,73.0,RETRY,FAILED,0.0,2026-08-09 22:42:33.043570
SIM-TXN-04636,CUST-0362,Priya Patil,54.77,237.13,UPI,INSUFFICIENT_FUNDS,1,33.0,ESCALATE,SUCCESS,237.13,2026-08-10 04:41:33.043570
SIM-TXN-04637,CUST-0100,Ananya Kulkarni,75.54,3709.23,WALLET,BANK_TIMEOUT,1,78.0,RETRY,FAILED,0.0,2026-08-17 01:01:33.043570
SIM-TXN-04638,CUST-0466,Neha Shah,91.33,919.42,NETBANKING,INSUFFICIENT_FUNDS,0,48.0,ESCALATE,SUCCESS,919.42,2026-08-06 03:21:33.043570
SIM-TXN-04639,CUST-0050,Ananya Kulkarni,97.86,485.96,CARD,BANK_TIMEOUT,0,88.0,RETRY,SUCCESS,485.96,2026-08-23 15:41:33.043570
SIM-TXN-04640,CUST-0019,Kunal Patil,51.62,253.19,UPI,BANK_TIMEOUT,1,73.0,RETRY,SUCCESS,253.19,2026-08-28 14:07:33.043570
SIM-TXN-04641,CUST-0290,Ananya Kulkarni,84.97,4680.61,UPI,BANK_TIMEOUT,1,83.0,RETRY,SUCCESS,4680.61,2026-08-13 03:52:33.043570
SIM-TXN-04642,CUST-0106,Neha Shah,80.69,2705.1,CARD,INSUFFICIENT_FUNDS,0,48.0,ESCALATE,SUCCESS,2705.1,2026-08-08 00:12:33.043570
SIM-TXN-04643,CUST-0143,Amit Joshi,69.23,2037.49,NETBANKING,BANK_TIMEOUT,0,83.0,RETRY,FAILED,0.0,2026-08-28 12:14:33.043570
SIM-TXN-04644,CUST-0067,Aditya More,91.14,7414.7,CARD,BANK_TIMEOUT,0,88.0,RETRY,SUCCESS,7414.7,2026-08-08 03:42:33.043570
SIM-TXN-04645,CUST-0336,Neha Shah,68.75,4063.74,UPI,BANK_TIMEOUT,0,83.0,RETRY,SUCCESS,4063.74,2026-08-11 05:52:33.043570
SIM-TXN-04646,CUST-0132,Priya Patil,48.63,8893.18,CARD,AUTH_FAILED,0,42.0,ESCALATE,FAILED,0.0,2026-08-10 13:09:33.043570
SIM-TXN-04647,CUST-0117,Aditya More,53.81,800.96,NETBANKING,AUTH_FAILED,0,42.0,ESCALATE,FAILED,0.0,2026-08-07 02:28:33.043570
SIM-TXN-04648,CUST-0408,Pooja Jadhav,69.94,2374.07,CARD,BANK_TIMEOUT,2,58.0,STOP,NOT_ATTEMPTED,0.0,2026-08-28 23:49:33.043570
SIM-TXN-04649,CUST-0131,Rahul Sharma,49.25,669.57,WALLET,BANK_ERROR,2,40.0,STOP,NOT_ATTEMPTED,0.0,2026-08-14 16:24:33.043570
SIM-TXN-04650,CUST-0171,Rahul Sharma,73.92,2031.43,NETBANKING,BANK_TIMEOUT,0,83.0,RETRY,SUCCESS,2031.43,2026-08-15 08:54:33.043570
SIM-TXN-04651,CUST-0396,Neha Shah,93.82,2000.41,WALLET,INSUFFICIENT_FUNDS,1,43.0,ESCALATE,FAILED,0.0,2026-08-09 16:12:33.043570
SIM-TXN-04652,CUST-0136,Neha Shah,47.11,4029.07,WALLET,AUTH_FAILED,1,37.0,ESCALATE,SUCCESS,4029.07,2026-08-09 16:52:33.043570
SIM-TXN-04653,CUST-0382,Priya Patil,48.98,2531.21,NETBANKING,BANK_TIMEOUT,0,78.0,RETRY,SUCCESS,2531.21,2026-08-22 10:39:33.043570
SIM-TXN-04654,CUST-0326,Neha Shah,90.1,4018.75,CARD,AUTH_FAILED,1,47.0,ESCALATE,FAILED,0.0,2026-08-26 19:52:33.043570
SIM-TXN-04655,CUST-0327,Aditya More,70.84,4284.47,CARD,AUTH_FAILED,2,22.0,STOP,NOT_ATTEMPTED,0.0,2026-08-23 06:24:33.043570
SIM-TXN-04656,CUST-0426,Neha Shah,78.0,13683.46,WALLET,BANK_TIMEOUT,0,83.0,RETRY,SUCCESS,13683.46,2026-08-09 20:54:33.043570
SIM-TXN-04657,CUST-0197,Aditya More,51.11,1896.49,WALLET,UNKNOWN,1,25.0,ESCALATE,FAILED,0.0,2026-08-27 09:36:33.043570
SIM-TXN-04658,CUST-0434,Sneha Kulkarni,74.19,1149.61,WALLET,BANK_TIMEOUT,1,78.0,RETRY,FAILED,0.0,2026-08-18 14:48:33.043570
SIM-TXN-04659,CUST-0404,Sneha Kulkarni,57.13,2971.63,UPI,BANK_TIMEOUT,2,53.0,STOP,NOT_ATTEMPTED,0.0,2026-08-20 17:57:33.043570
SIM-TXN-04660,CUST-0214,Sneha Kulkarni,67.28,1284.57,NETBANKING,BANK_ERROR,1,65.0,NOTIFY,FAILED,0.0,2026-08-18 14:31:33.043570
SIM-TXN-04661,CUST-0113,Amit Joshi,68.49,7986.98,NETBANKING,BANK_TIMEOUT,0,83.0,RETRY,SUCCESS,7986.98,2026-08-21 21:14:33.043570
SIM-TXN-04662,CUST-0399,Kunal Patil,71.53,1945.79,NETBANKING,UNKNOWN,1,30.0,ESCALATE,FAILED,0.0,2026-08-16 06:04:33.043570
SIM-TXN-04663,CUST-0342,Priya Patil,97.82,1552.37,CARD,BANK_TIMEOUT,2,63.0,STOP,NOT_ATTEMPTED,0.0,2026-08-28 05:05:33.043570
SIM-TXN-04664,CUST-0358,Pooja Jadhav,78.81,1673.96,WALLET,INSUFFICIENT_FUNDS,0,43.0,ESCALATE,FAILED,0.0,2026-08-28 00:45:33.043570
SIM-TXN-04665,CUST-0283,Amit Joshi,85.35,4336.11,CARD,UNKNOWN,0,40.0,ESCALATE,SUCCESS,4336.11,2026-08-19 11:02:33.043570
SIM-TXN-04666,CUST-0253,Amit Joshi,59.55,2151.25,CARD,UNKNOWN,1,25.0,ESCALATE,SUCCESS,2151.25,2026-08-23 09:35:33.043570
SIM-TXN-04667,CUST-0042,Priya Patil,91.45,1460.69,WALLET,BANK_TIMEOUT,2,63.0,STOP,NOT_ATTEMPTED,0.0,2026-08-20 19:54:33.043570
SIM-TXN-04668,CUST-0487,Aditya More,73.15,9249.1,CARD,BANK_TIMEOUT,1,78.0,RETRY,SUCCESS,9249.1,2026-08-14 20:01:33.043570
SIM-TXN-04669,CUST-0211,Rahul Sharma,71.88,1230.36,WALLET,AUTH_FAILED,0,47.0,ESCALATE,FAILED,0.0,2026-08-02 23:30:33.043570
SIM-TXN-04670,CUST-0212,Priya Patil,62.29,2511.04,WALLET,INSUFFICIENT_FUNDS,2,18.0,STOP,NOT_ATTEMPTED,0.0,2026-08-26 07:02:33.043570
SIM-TXN-04671,CUST-0076,Neha Shah,57.69,4112.74,WALLET,BANK_TIMEOUT,2,53.0,STOP,NOT_ATTEMPTED,0.0,2026-08-30 20:49:33.043570
SIM-TXN-04672,CUST-0122,Priya Patil,60.12,661.78,UPI,AUTH_FAILED,1,42.0,ESCALATE,SUCCESS,661.78,2026-08-12 00:17:33.043570
SIM-TXN-04673,CUST-0345,Rohan Deshmukh,57.22,3583.91,UPI,UNKNOWN,0,30.0,ESCALATE,FAILED,0.0,2026-08-25 05:46:33.043570
SIM-TXN-04674,CUST-0336,Neha Shah,68.75,1049.34,WALLET,BANK_TIMEOUT,0,83.0,RETRY,SUCCESS,1049.34,2026-08-02 20:13:33.043570
SIM-TXN-04675,CUST-0255,Rohan Deshmukh,59.4,4713.69,WALLET,INSUFFICIENT_FUNDS,0,38.0,ESCALATE,SUCCESS,4713.69,2026-08-23 06:00:33.043570
SIM-TXN-04676,CUST-0354,Sneha Kulkarni,61.02,1129.89,UPI,BANK_TIMEOUT,0,83.0,RETRY,SUCCESS,1129.89,2026-08-29 17:07:33.043570
SIM-TXN-04677,CUST-0217,Aditya More,66.52,4248.05,UPI,INSUFFICIENT_FUNDS,2,18.0,STOP,NOT_ATTEMPTED,0.0,2026-08-08 03:48:33.043570
SIM-TXN-04678,CUST-0198,Pooja Jadhav,54.46,5911.57,CARD,INSUFFICIENT_FUNDS,0,38.0,ESCALATE,SUCCESS,5911.57,2026-08-07 08:45:33.043570
SIM-TXN-04679,CUST-0147,Aditya More,71.81,4861.73,CARD,BANK_ERROR,2,45.0,STOP,NOT_ATTEMPTED,0.0,2026-08-15 08:17:33.043570
SIM-TXN-04680,CUST-0401,Rahul Sharma,47.11,2984.1,WALLET,INSUFFICIENT_FUNDS,0,38.0,ESCALATE,SUCCESS,2984.1,2026-08-14 10:35:33.043570
SIM-TXN-04681,CUST-0430,Ananya Kulkarni,68.22,2028.31,CARD,BANK_TIMEOUT,1,78.0,RETRY,SUCCESS,2028.31,2026-08-15 06:51:33.043570
SIM-TXN-04682,CUST-0177,Aditya More,63.74,1538.96,CARD,INSUFFICIENT_FUNDS,0,43.0,ESCALATE,FAILED,0.0,2026-08-22 17:25:33.043570
SIM-TXN-04683,CUST-0072,Priya Patil,93.68,7917.48,NETBANKING,INSUFFICIENT_FUNDS,0,48.0,ESCALATE,SUCCESS,7917.48,2026-08-27 20:27:33.043570
SIM-TXN-04684,CUST-0135,Rohan Deshmukh,58.05,1394.66,UPI,AUTH_FAILED,2,17.0,STOP,NOT_ATTEMPTED,0.0,2026-08-06 18:56:33.043570
SIM-TXN-04685,CUST-0093,Amit Joshi,45.38,1064.59,WALLET,AUTH_FAILED,2,17.0,STOP,NOT_ATTEMPTED,0.0,2026-08-15 02:03:33.043570
SIM-TXN-04686,CUST-0291,Rahul Sharma,55.57,4155.95,WALLET,BANK_ERROR,1,60.0,NOTIFY,FAILED,0.0,2026-08-02 22:54:33.043570
SIM-TXN-04687,CUST-0211,Rahul Sharma,71.88,1290.89,CARD,INSUFFICIENT_FUNDS,0,43.0,ESCALATE,SUCCESS,1290.89,2026-08-29 02:24:33.043570
SIM-TXN-04688,CUST-0057,Aditya More,73.04,1141.33,WALLET,BANK_TIMEOUT,0,83.0,RETRY,SUCCESS,1141.33,2026-08-27 18:53:33.043570
SIM-TXN-04689,CUST-0015,Rohan Deshmukh,50.42,769.02,CARD,BANK_TIMEOUT,2,53.0,STOP,NOT_ATTEMPTED,0.0,2026-08-29 04:06:33.043570
SIM-TXN-04690,CUST-0140,Ananya Kulkarni,80.5,1658.51,UPI,INSUFFICIENT_FUNDS,0,48.0,ESCALATE,SUCCESS,1658.51,2026-08-12 07:57:33.043570
SIM-TXN-04691,CUST-0140,Ananya Kulkarni,80.5,2284.33,CARD,UNKNOWN,1,35.0,ESCALATE,FAILED,0.0,2026-08-20 20:54:33.043570
SIM-TXN-04692,CUST-0427,Aditya More,78.15,2964.53,CARD,BANK_ERROR,2,45.0,STOP,NOT_ATTEMPTED,0.0,2026-08-14 05:50:33.043570
SIM-TXN-04693,CUST-0274,Sneha Kulkarni,83.38,5224.14,NETBANKING,INSUFFICIENT_FUNDS,0,48.0,ESCALATE,FAILED,0.0,2026-08-26 14:47:33.043570
SIM-TXN-04694,CUST-0409,Kunal Patil,93.55,3720.15,UPI,INSUFFICIENT_FUNDS,2,23.0,STOP,NOT_ATTEMPTED,0.0,2026-08-04 14:46:33.043570
SIM-TXN-04695,CUST-0489,Kunal Patil,54.01,2094.99,WALLET,BANK_TIMEOUT,1,73.0,RETRY,SUCCESS,2094.99,2026-08-03 12:08:33.043570
SIM-TXN-04696,CUST-0038,Pooja Jadhav,57.14,2082.75,UPI,UNKNOWN,0,30.0,ESCALATE,FAILED,0.0,2026-08-14 15:59:33.043570
SIM-TXN-04697,CUST-0297,Aditya More,77.11,3670.66,UPI,AUTH_FAILED,0,47.0,ESCALATE,SUCCESS,3670.66,2026-08-15 23:15:33.043570
SIM-TXN-04698,CUST-0336,Neha Shah,68.75,6755.12,CARD,UNKNOWN,0,35.0,ESCALATE,SUCCESS,6755.12,2026-08-27 08:37:33.043570
SIM-TXN-04699,CUST-0426,Neha Shah,78.0,2700.12,WALLET,UNKNOWN,0,35.0,ESCALATE,FAILED,0.0,2026-08-26 13:28:33.043570
SIM-TXN-04700,CUST-0017,Aditya More,77.0,1676.89,UPI,INSUFFICIENT_FUNDS,2,18.0,STOP,NOT_ATTEMPTED,0.0,2026-08-29 04:45:33.043570
SIM-TXN-04701,CUST-0021,Rahul Sharma,88.96,1102.91,CARD,BANK_TIMEOUT,0,88.0,RETRY,FAILED,0.0,2026-08-10 22:02:33.043570
SIM-TXN-04702,CUST-0133,Amit Joshi,80.79,768.04,NETBANKING,AUTH_FAILED,1,47.0,ESCALATE,FAILED,0.0,2026-08-08 21:17:33.043570
SIM-TXN-04703,CUST-0031,Rahul Sharma,82.2,4158.94,CARD,BANK_TIMEOUT,0,88.0,RETRY,SUCCESS,4158.94,2026-08-23 13:07:33.043570
SIM-TXN-04704,CUST-0290,Ananya Kulkarni,84.97,3875.32,UPI,UNKNOWN,1,35.0,ESCALATE,FAILED,0.0,2026-08-28 17:14:33.043570
SIM-TXN-04705,CUST-0052,Priya Patil,85.06,3873.41,WALLET,BANK_TIMEOUT,0,88.0,RETRY,SUCCESS,3873.41,2026-08-23 15:51:33.043570
SIM-TXN-04706,CUST-0051,Rahul Sharma,72.0,2201.89,UPI,INSUFFICIENT_FUNDS,1,38.0,ESCALATE,SUCCESS,2201.89,2026-08-07 22:40:33.043570
SIM-TXN-04707,CUST-0401,Rahul Sharma,47.11,7521.7,NETBANKING,INSUFFICIENT_FUNDS,0,38.0,ESCALATE,FAILED,0.0,2026-08-15 14:25:33.043570
SIM-TXN-04708,CUST-0464,Sneha Kulkarni,51.69,1656.9,UPI,BANK_ERROR,0,65.0,NOTIFY,FAILED,0.0,2026-08-25 11:46:33.043570
SIM-TXN-04709,CUST-0285,Rohan Deshmukh,58.37,5240.73,UPI,INSUFFICIENT_FUNDS,1,33.0,ESCALATE,SUCCESS,5240.73,2026-08-07 19:42:33.043570
SIM-TXN-04710,CUST-0431,Rahul Sharma,51.44,2366.12,NETBANKING,AUTH_FAILED,1,37.0,ESCALATE,SUCCESS,2366.12,2026-08-23 20:15:33.043570
SIM-TXN-04711,CUST-0479,Kunal Patil,97.86,1500.15,CARD,INSUFFICIENT_FUNDS,1,43.0,ESCALATE,FAILED,0.0,2026-08-25 00:06:33.043570
SIM-TXN-04712,CUST-0189,Kunal Patil,55.58,3920.7,NETBANKING,BANK_ERROR,1,60.0,NOTIFY,SUCCESS,3920.7,2026-08-05 01:20:33.043570
SIM-TXN-04713,CUST-0123,Amit Joshi,80.08,3387.03,UPI,AUTH_FAILED,0,52.0,NOTIFY,FAILED,0.0,2026-08-24 12:21:33.043570
SIM-TXN-04714,CUST-0155,Rohan Deshmukh,94.76,3247.3,UPI,AUTH_FAILED,2,27.0,STOP,NOT_ATTEMPTED,0.0,2026-08-19 00:52:33.043570
SIM-TXN-04715,CUST-0063,Amit Joshi,53.38,2604.57,NETBANKING,INSUFFICIENT_FUNDS,0,38.0,ESCALATE,SUCCESS,2604.57,2026-08-08 16:43:33.043570
SIM-TXN-04716,CUST-0061,Rahul Sharma,84.8,2367.73,UPI,BANK_ERROR,0,75.0,RETRY,SUCCESS,2367.73,2026-08-05 12:58:33.043570
SIM-TXN-04717,CUST-0472,Priya Patil,79.44,16493.1,NETBANKING,BANK_ERROR,0,70.0,RETRY,SUCCESS,16493.1,2026-08-21 12:17:33.043570
SIM-TXN-04718,CUST-0495,Rohan Deshmukh,58.53,6294.34,WALLET,AUTH_FAILED,0,42.0,ESCALATE,SUCCESS,6294.34,2026-08-13 07:36:33.043570
SIM-TXN-04719,CUST-0417,Aditya More,60.28,4351.44,CARD,BANK_ERROR,1,65.0,NOTIFY,SUCCESS,4351.44,2026-08-31 15:28:33.043570
SIM-TXN-04720,CUST-0255,Rohan Deshmukh,59.4,2668.95,UPI,INSUFFICIENT_FUNDS,0,38.0,ESCALATE,SUCCESS,2668.95,2026-08-18 07:46:33.043570
SIM-TXN-04721,CUST-0145,Rohan Deshmukh,97.92,5462.85,UPI,BANK_ERROR,2,50.0,STOP,NOT_ATTEMPTED,0.0,2026-08-23 00:33:33.043570
SIM-TXN-04722,CUST-0299,Kunal Patil,96.13,3693.74,NETBANKING,AUTH_FAILED,2,27.0,STOP,NOT_ATTEMPTED,0.0,2026-08-25 17:11:33.043570
SIM-TXN-04723,CUST-0469,Kunal Patil,66.73,2492.31,WALLET,UNKNOWN,1,30.0,ESCALATE,FAILED,0.0,2026-08-24 20:24:33.043570
SIM-TXN-04724,CUST-0292,Priya Patil,77.93,1914.38,CARD,UNKNOWN,0,35.0,ESCALATE,SUCCESS,1914.38,2026-08-06 14:42:33.043570
SIM-TXN-04725,CUST-0303,Amit Joshi,49.03,2287.62,NETBANKING,UNKNOWN,1,25.0,ESCALATE,FAILED,0.0,2026-08-20 01:56:33.043570
SIM-TXN-04726,CUST-0107,Aditya More,48.21,200.0,NETBANKING,BANK_ERROR,0,65.0,NOTIFY,FAILED,0.0,2026-08-10 04:11:33.043570
SIM-TXN-04727,CUST-0230,Ananya Kulkarni,46.29,2888.47,UPI,AUTH_FAILED,1,37.0,ESCALATE,SUCCESS,2888.47,2026-08-20 04:28:33.043570
SIM-TXN-04728,CUST-0069,Kunal Patil,77.28,1651.14,NETBANKING,INSUFFICIENT_FUNDS,1,38.0,ESCALATE,SUCCESS,1651.14,2026-08-13 13:51:33.043570
SIM-TXN-04729,CUST-0196,Neha Shah,62.55,8726.64,WALLET,INSUFFICIENT_FUNDS,0,43.0,ESCALATE,FAILED,0.0,2026-08-05 13:37:33.043570
SIM-TXN-04730,CUST-0151,Rahul Sharma,89.19,2478.66,NETBANKING,INSUFFICIENT_FUNDS,0,48.0,ESCALATE,FAILED,0.0,2026-08-02 00:31:33.043570
SIM-TXN-04731,CUST-0420,Ananya Kulkarni,61.67,942.78,WALLET,BANK_ERROR,0,70.0,RETRY,SUCCESS,942.78,2026-08-25 02:09:33.043570
SIM-TXN-04732,CUST-0228,Pooja Jadhav,80.66,2345.13,UPI,INSUFFICIENT_FUNDS,0,48.0,ESCALATE,SUCCESS,2345.13,2026-08-30 20:01:33.043570
SIM-TXN-04733,CUST-0417,Aditya More,60.28,1056.91,UPI,BANK_ERROR,2,45.0,STOP,NOT_ATTEMPTED,0.0,2026-08-14 04:00:33.043570
SIM-TXN-04734,CUST-0498,Pooja Jadhav,53.37,3564.31,UPI,INSUFFICIENT_FUNDS,1,33.0,ESCALATE,SUCCESS,3564.31,2026-08-08 04:40:33.043570
SIM-TXN-04735,CUST-0004,Sneha Kulkarni,49.61,3080.22,CARD,BANK_ERROR,0,65.0,NOTIFY,SUCCESS,3080.22,2026-08-06 20:33:33.043570
SIM-TXN-04736,CUST-0063,Amit Joshi,53.38,5251.51,CARD,BANK_ERROR,0,65.0,NOTIFY,SUCCESS,5251.51,2026-08-26 22:07:33.043570
SIM-TXN-04737,CUST-0076,Neha Shah,57.69,1296.33,CARD,BANK_TIMEOUT,1,73.0,RETRY,SUCCESS,1296.33,2026-08-14 10:18:33.043570
SIM-TXN-04738,CUST-0242,Priya Patil,69.19,2507.91,CARD,BANK_ERROR,2,45.0,STOP,NOT_ATTEMPTED,0.0,2026-08-10 13:20:33.043570
SIM-TXN-04739,CUST-0184,Sneha Kulkarni,86.47,818.92,NETBANKING,UNKNOWN,0,40.0,ESCALATE,SUCCESS,818.92,2026-08-05 23:44:33.043570
SIM-TXN-04740,CUST-0020,Ananya Kulkarni,49.18,4277.81,NETBANKING,INSUFFICIENT_FUNDS,1,33.0,ESCALATE,FAILED,0.0,2026-08-07 01:28:33.043570
SIM-TXN-04741,CUST-0117,Aditya More,53.81,3696.33,UPI,BANK_ERROR,2,40.0,STOP,NOT_ATTEMPTED,0.0,2026-08-07 01:04:33.043570
SIM-TXN-04742,CUST-0480,Ananya Kulkarni,68.0,3628.75,UPI,BANK_TIMEOUT,1,78.0,RETRY,SUCCESS,3628.75,2026-08-21 22:50:33.043570
SIM-TXN-04743,CUST-0475,Rohan Deshmukh,78.22,2443.77,CARD,BANK_TIMEOUT,0,83.0,RETRY,SUCCESS,2443.77,2026-08-21 15:56:33.043570
SIM-TXN-04744,CUST-0149,Kunal Patil,91.6,3400.98,NETBANKING,BANK_TIMEOUT,1,83.0,RETRY,SUCCESS,3400.98,2026-08-03 15:40:33.043570
SIM-TXN-04745,CUST-0307,Aditya More,86.48,8808.49,CARD,INSUFFICIENT_FUNDS,0,48.0,ESCALATE,SUCCESS,8808.49,2026-08-26 09:16:33.043570
SIM-TXN-04746,CUST-0009,Kunal Patil,67.23,1942.88,UPI,INSUFFICIENT_FUNDS,1,38.0,ESCALATE,SUCCESS,1942.88,2026-08-14 21:12:33.043570
SIM-TXN-04747,CUST-0466,Neha Shah,91.33,2726.89,NETBANKING,INSUFFICIENT_FUNDS,0,48.0,ESCALATE,SUCCESS,2726.89,2026-08-29 16:48:33.043570
SIM-TXN-04748,CUST-0171,Rahul Sharma,73.92,1023.62,CARD,INSUFFICIENT_FUNDS,2,18.0,STOP,NOT_ATTEMPTED,0.0,2026-08-06 03:23:33.043570
SIM-TXN-04749,CUST-0477,Aditya More,77.73,1218.52,NETBANKING,AUTH_FAILED,1,42.0,ESCALATE,FAILED,0.0,2026-08-22 11:00:33.043570
SIM-TXN-04750,CUST-0148,Pooja Jadhav,94.46,2639.25,CARD,INSUFFICIENT_FUNDS,2,23.0,STOP,NOT_ATTEMPTED,0.0,2026-08-03 10:44:33.043570
SIM-TXN-04751,CUST-0090,Ananya Kulkarni,56.91,5902.59,CARD,BANK_TIMEOUT,0,78.0,RETRY,SUCCESS,5902.59,2026-08-17 11:05:33.043570
SIM-TXN-04752,CUST-0255,Rohan Deshmukh,59.4,1988.18,UPI,UNKNOWN,2,5.0,STOP,NOT_ATTEMPTED,0.0,2026-08-12 03:17:33.043570
SIM-TXN-04753,CUST-0238,Pooja Jadhav,86.26,2020.84,UPI,AUTH_FAILED,2,27.0,STOP,NOT_ATTEMPTED,0.0,2026-08-08 10:20:33.043570
SIM-TXN-04754,CUST-0050,Ananya Kulkarni,97.86,1762.51,WALLET,BANK_TIMEOUT,1,83.0,RETRY,FAILED,0.0,2026-08-12 16:37:33.043570
SIM-TXN-04755,CUST-0421,Rahul Sharma,51.14,1591.12,UPI,INSUFFICIENT_FUNDS,1,33.0,ESCALATE,FAILED,0.0,2026-08-26 22:29:33.043570
SIM-TXN-04756,CUST-0166,Neha Shah,78.77,3090.16,WALLET,UNKNOWN,1,30.0,ESCALATE,FAILED,0.0,2026-08-15 17:16:33.043570
SIM-TXN-04757,CUST-0358,Pooja Jadhav,78.81,736.71,NETBANKING,INSUFFICIENT_FUNDS,0,43.0,ESCALATE,FAILED,0.0,2026-08-01 19:41:33.043570
SIM-TXN-04758,CUST-0428,Pooja Jadhav,55.79,6800.5,WALLET,BANK_ERROR,2,40.0,STOP,NOT_ATTEMPTED,0.0,2026-08-30 19:25:33.043570
SIM-TXN-04759,CUST-0026,Neha Shah,90.33,1433.2,NETBANKING,INSUFFICIENT_FUNDS,0,48.0,ESCALATE,FAILED,0.0,2026-08-26 12:18:33.043570
SIM-TXN-04760,CUST-0220,Ananya Kulkarni,77.15,4348.22,UPI,BANK_TIMEOUT,2,58.0,STOP,NOT_ATTEMPTED,0.0,2026-08-03 23:54:33.043570
SIM-TXN-04761,CUST-0199,Kunal Patil,47.03,883.6,WALLET,BANK_ERROR,0,65.0,NOTIFY,SUCCESS,883.6,2026-08-14 05:33:33.043570
SIM-TXN-04762,CUST-0191,Rahul Sharma,56.81,4167.5,UPI,BANK_ERROR,0,65.0,NOTIFY,SUCCESS,4167.5,2026-08-08 08:08:33.043570
SIM-TXN-04763,CUST-0228,Pooja Jadhav,80.66,4177.87,CARD,BANK_ERROR,1,70.0,RETRY,SUCCESS,4177.87,2026-08-04 22:27:33.043570
SIM-TXN-04764,CUST-0154,Sneha Kulkarni,60.87,3318.81,UPI,AUTH_FAILED,0,47.0,ESCALATE,SUCCESS,3318.81,2026-08-30 16:34:33.043570
SIM-TXN-04765,CUST-0011,Rahul Sharma,85.22,1101.53,CARD,AUTH_FAILED,1,47.0,ESCALATE,FAILED,0.0,2026-08-29 19:45:33.043570
SIM-TXN-04766,CUST-0315,Rohan Deshmukh,54.34,2979.88,WALLET,BANK_TIMEOUT,1,73.0,RETRY,SUCCESS,2979.88,2026-08-22 17:13:33.043570
SIM-TXN-04767,CUST-0397,Aditya More,51.59,947.24,CARD,INSUFFICIENT_FUNDS,1,33.0,ESCALATE,FAILED,0.0,2026-08-02 04:57:33.043570
SIM-TXN-04768,CUST-0273,Amit Joshi,65.61,1993.78,CARD,BANK_TIMEOUT,0,83.0,RETRY,SUCCESS,1993.78,2026-08-13 04:36:33.043570
SIM-TXN-04769,CUST-0090,Ananya Kulkarni,56.91,5560.98,UPI,BANK_TIMEOUT,0,78.0,RETRY,SUCCESS,5560.98,2026-08-22 11:15:33.043570
SIM-TXN-04770,CUST-0364,Sneha Kulkarni,51.05,4616.36,UPI,BANK_TIMEOUT,2,53.0,STOP,NOT_ATTEMPTED,0.0,2026-08-16 20:30:33.043570
SIM-TXN-04771,CUST-0176,Neha Shah,81.15,2470.43,WALLET,BANK_TIMEOUT,2,63.0,STOP,NOT_ATTEMPTED,0.0,2026-08-06 16:56:33.043570
SIM-TXN-04772,CUST-0168,Pooja Jadhav,74.24,1118.96,NETBANKING,AUTH_FAILED,1,42.0,ESCALATE,SUCCESS,1118.96,2026-08-28 09:53:33.043570
SIM-TXN-04773,CUST-0476,Neha Shah,91.24,4090.7,CARD,BANK_TIMEOUT,1,83.0,RETRY,SUCCESS,4090.7,2026-08-19 00:44:33.043570
SIM-TXN-04774,CUST-0008,Pooja Jadhav,55.54,2478.74,CARD,BANK_TIMEOUT,1,73.0,RETRY,SUCCESS,2478.74,2026-08-12 16:11:33.043570
SIM-TXN-04775,CUST-0391,Rahul Sharma,56.91,381.36,CARD,BANK_TIMEOUT,2,53.0,STOP,NOT_ATTEMPTED,0.0,2026-08-17 04:05:33.043570
SIM-TXN-04776,CUST-0346,Neha Shah,61.72,4564.68,NETBANKING,AUTH_FAILED,0,47.0,ESCALATE,FAILED,0.0,2026-08-05 13:09:33.043570
SIM-TXN-04777,CUST-0165,Rohan Deshmukh,45.19,2393.74,CARD,AUTH_FAILED,2,17.0,STOP,NOT_ATTEMPTED,0.0,2026-08-19 09:32:33.043570
SIM-TXN-04778,CUST-0116,Neha Shah,94.1,6386.62,UPI,BANK_TIMEOUT,0,88.0,RETRY,SUCCESS,6386.62,2026-08-19 15:28:33.043570
SIM-TXN-04779,CUST-0095,Rohan Deshmukh,92.99,1016.16,UPI,UNKNOWN,1,35.0,ESCALATE,SUCCESS,1016.16,2026-08-23 21:07:33.043570
SIM-TXN-04780,CUST-0152,Priya Patil,77.42,200.0,CARD,UNKNOWN,0,35.0,ESCALATE,SUCCESS,200.0,2026-08-05 18:00:33.043570
SIM-TXN-04781,CUST-0209,Kunal Patil,78.03,3051.13,CARD,BANK_ERROR,0,70.0,RETRY,SUCCESS,3051.13,2026-08-12 17:55:33.043570
SIM-TXN-04782,CUST-0303,Amit Joshi,49.03,3081.74,WALLET,BANK_TIMEOUT,1,73.0,RETRY,SUCCESS,3081.74,2026-08-23 09:37:33.043570
SIM-TXN-04783,CUST-0440,Ananya Kulkarni,71.97,631.1,UPI,UNKNOWN,1,30.0,ESCALATE,SUCCESS,631.1,2026-08-07 12:48:33.043570
SIM-TXN-04784,CUST-0420,Ananya Kulkarni,61.67,1115.66,UPI,BANK_ERROR,0,70.0,RETRY,SUCCESS,1115.66,2026-08-12 06:52:33.043570
SIM-TXN-04785,CUST-0301,Rahul Sharma,75.52,22118.6,UPI,BANK_TIMEOUT,1,78.0,RETRY,SUCCESS,22118.6,2026-08-18 02:19:33.043570
SIM-TXN-04786,CUST-0004,Sneha Kulkarni,49.61,1911.25,UPI,BANK_TIMEOUT,1,73.0,RETRY,SUCCESS,1911.25,2026-08-28 09:59:33.043570
SIM-TXN-04787,CUST-0025,Rohan Deshmukh,85.97,4379.84,CARD,BANK_TIMEOUT,2,63.0,STOP,NOT_ATTEMPTED,0.0,2026-08-12 20:57:33.043570
SIM-TXN-04788,CUST-0109,Kunal Patil,58.18,1450.22,CARD,BANK_ERROR,1,60.0,NOTIFY,SUCCESS,1450.22,2026-08-05 15:32:33.043570
SIM-TXN-04789,CUST-0310,Ananya Kulkarni,45.67,458.41,UPI,BANK_TIMEOUT,2,53.0,STOP,NOT_ATTEMPTED,0.0,2026-08-02 18:38:33.043570
SIM-TXN-04790,CUST-0095,Rohan Deshmukh,92.99,2129.82,NETBANKING,INSUFFICIENT_FUNDS,1,43.0,ESCALATE,SUCCESS,2129.82,2026-08-08 10:40:33.043570
SIM-TXN-04791,CUST-0095,Rohan Deshmukh,92.99,1973.41,WALLET,INSUFFICIENT_FUNDS,2,23.0,STOP,NOT_ATTEMPTED,0.0,2026-08-14 13:38:33.043570
SIM-TXN-04792,CUST-0359,Kunal Patil,50.44,1772.41,NETBANKING,BANK_ERROR,1,60.0,NOTIFY,FAILED,0.0,2026-08-15 20:35:33.043570
SIM-TXN-04793,CUST-0002,Priya Patil,57.98,2226.73,CARD,INSUFFICIENT_FUNDS,0,38.0,ESCALATE,SUCCESS,2226.73,2026-08-17 10:50:33.043570
SIM-TXN-04794,CUST-0373,Amit Joshi,65.16,3015.18,CARD,INSUFFICIENT_FUNDS,0,43.0,ESCALATE,FAILED,0.0,2026-08-05 13:27:33.043570
SIM-TXN-04795,CUST-0493,Amit Joshi,52.59,2164.42,WALLET,BANK_ERROR,1,60.0,NOTIFY,FAILED,0.0,2026-08-26 02:45:33.043570
SIM-TXN-04796,CUST-0394,Sneha Kulkarni,87.01,887.84,NETBANKING,BANK_TIMEOUT,1,83.0,RETRY,SUCCESS,887.84,2026-08-14 21:28:33.043570
SIM-TXN-04797,CUST-0429,Kunal Patil,51.94,3600.93,UPI,BANK_TIMEOUT,2,53.0,STOP,NOT_ATTEMPTED,0.0,2026-08-07 04:08:33.043570
SIM-TXN-04798,CUST-0315,Rohan Deshmukh,54.34,513.12,NETBANKING,BANK_TIMEOUT,0,78.0,RETRY,SUCCESS,513.12,2026-08-06 13:00:33.043570
SIM-TXN-04799,CUST-0472,Priya Patil,79.44,473.29,WALLET,BANK_TIMEOUT,1,78.0,RETRY,SUCCESS,473.29,2026-08-20 22:30:33.043570
SIM-TXN-04800,CUST-0365,Rohan Deshmukh,66.24,4408.74,UPI,BANK_ERROR,1,65.0,NOTIFY,SUCCESS,4408.74,2026-08-23 05:20:33.043570
SIM-TXN-04801,CUST-0332,Priya Patil,95.25,3661.46,WALLET,UNKNOWN,0,40.0,ESCALATE,SUCCESS,3661.46,2026-08-27 23:33:33.043570
SIM-TXN-04802,CUST-0082,Priya Patil,53.75,2331.07,NETBANKING,AUTH_FAILED,1,37.0,ESCALATE,FAILED,0.0,2026-08-20 07:16:33.043570
SIM-TXN-04803,CUST-0340,Ananya Kulkarni,64.56,799.22,UPI,BANK_TIMEOUT,0,83.0,RETRY,SUCCESS,799.22,2026-08-04 22:36:33.043570
SIM-TXN-04804,CUST-0346,Neha Shah,61.72,1385.3,WALLET,BANK_TIMEOUT,2,58.0,STOP,NOT_ATTEMPTED,0.0,2026-08-26 16:32:33.043570
SIM-TXN-04805,CUST-0349,Kunal Patil,59.65,1977.92,UPI,UNKNOWN,1,25.0,ESCALATE,FAILED,0.0,2026-08-23 12:52:33.043570
SIM-TXN-04806,CUST-0324,Sneha Kulkarni,75.2,680.81,NETBANKING,BANK_ERROR,0,70.0,RETRY,SUCCESS,680.81,2026-08-10 19:41:33.043570
SIM-TXN-04807,CUST-0351,Rahul Sharma,76.63,1351.24,NETBANKING,BANK_ERROR,2,45.0,STOP,NOT_ATTEMPTED,0.0,2026-08-08 20:36:33.043570
SIM-TXN-04808,CUST-0037,Aditya More,81.28,4112.82,WALLET,INSUFFICIENT_FUNDS,2,23.0,STOP,NOT_ATTEMPTED,0.0,2026-08-25 07:28:33.043570
SIM-TXN-04809,CUST-0369,Kunal Patil,97.68,7645.28,NETBANKING,BANK_TIMEOUT,1,83.0,RETRY,SUCCESS,7645.28,2026-08-24 10:53:33.043570
SIM-TXN-04810,CUST-0043,Amit Joshi,56.27,1744.9,CARD,BANK_TIMEOUT,2,53.0,STOP,NOT_ATTEMPTED,0.0,2026-08-15 23:16:33.043570
SIM-TXN-04811,CUST-0099,Kunal Patil,83.34,4470.21,UPI,BANK_TIMEOUT,2,63.0,STOP,NOT_ATTEMPTED,0.0,2026-08-12 22:23:33.043570
SIM-TXN-04812,CUST-0233,Amit Joshi,69.14,527.82,CARD,INSUFFICIENT_FUNDS,2,18.0,STOP,NOT_ATTEMPTED,0.0,2026-08-26 06:28:33.043570
SIM-TXN-04813,CUST-0290,Ananya Kulkarni,84.97,4136.32,CARD,UNKNOWN,0,40.0,ESCALATE,FAILED,0.0,2026-08-05 02:51:33.043570
SIM-TXN-04814,CUST-0107,Aditya More,48.21,1282.85,WALLET,BANK_TIMEOUT,1,73.0,RETRY,SUCCESS,1282.85,2026-08-30 07:07:33.043570
SIM-TXN-04815,CUST-0258,Pooja Jadhav,65.3,3120.9,WALLET,INSUFFICIENT_FUNDS,2,18.0,STOP,NOT_ATTEMPTED,0.0,2026-08-11 06:54:33.043570
SIM-TXN-04816,CUST-0065,Rohan Deshmukh,96.51,2001.79,NETBANKING,UNKNOWN,0,40.0,ESCALATE,FAILED,0.0,2026-08-26 23:48:33.043570
SIM-TXN-04817,CUST-0104,Sneha Kulkarni,67.45,7018.69,WALLET,INSUFFICIENT_FUNDS,1,38.0,ESCALATE,SUCCESS,7018.69,2026-08-05 01:08:33.043570
SIM-TXN-04818,CUST-0452,Priya Patil,97.94,1212.51,CARD,UNKNOWN,2,15.0,STOP,NOT_ATTEMPTED,0.0,2026-08-08 03:17:33.043570
SIM-TXN-04819,CUST-0022,Priya Patil,91.93,4032.27,NETBANKING,BANK_TIMEOUT,2,63.0,STOP,NOT_ATTEMPTED,0.0,2026-08-03 04:05:33.043570
SIM-TXN-04820,CUST-0418,Pooja Jadhav,88.12,1951.58,NETBANKING,BANK_ERROR,0,75.0,RETRY,SUCCESS,1951.58,2026-08-19 16:08:33.043570
SIM-TXN-04821,CUST-0150,Ananya Kulkarni,60.1,2150.28,WALLET,BANK_TIMEOUT,0,83.0,RETRY,FAILED,0.0,2026-08-18 13:47:33.043570
SIM-TXN-04822,CUST-0033,Amit Joshi,73.31,2106.78,WALLET,INSUFFICIENT_FUNDS,0,43.0,ESCALATE,FAILED,0.0,2026-08-16 04:02:33.043570
SIM-TXN-04823,CUST-0483,Amit Joshi,92.88,1240.74,CARD,BANK_ERROR,1,70.0,RETRY,FAILED,0.0,2026-08-18 10:06:33.043570
SIM-TXN-04824,CUST-0345,Rohan Deshmukh,57.22,2413.23,WALLET,BANK_ERROR,2,40.0,STOP,NOT_ATTEMPTED,0.0,2026-08-23 03:31:33.043570
SIM-TXN-04825,CUST-0211,Rahul Sharma,71.88,2321.3,WALLET,BANK_TIMEOUT,2,58.0,STOP,NOT_ATTEMPTED,0.0,2026-08-15 03:33:33.043570
SIM-TXN-04826,CUST-0302,Priya Patil,66.02,2960.14,CARD,BANK_ERROR,1,65.0,NOTIFY,FAILED,0.0,2026-08-28 02:01:33.043570
SIM-TXN-04827,CUST-0148,Pooja Jadhav,94.46,2611.3,UPI,INSUFFICIENT_FUNDS,0,48.0,ESCALATE,SUCCESS,2611.3,2026-08-30 06:09:33.043570
SIM-TXN-04828,CUST-0071,Rahul Sharma,73.59,4621.14,WALLET,BANK_ERROR,2,45.0,STOP,NOT_ATTEMPTED,0.0,2026-08-07 16:32:33.043570
SIM-TXN-04829,CUST-0497,Aditya More,92.76,5109.24,NETBANKING,AUTH_FAILED,1,47.0,ESCALATE,FAILED,0.0,2026-08-16 23:34:33.043570
SIM-TXN-04830,CUST-0440,Ananya Kulkarni,71.97,1053.11,UPI,BANK_TIMEOUT,1,78.0,RETRY,SUCCESS,1053.11,2026-08-22 03:32:33.043570
SIM-TXN-04831,CUST-0449,Kunal Patil,59.16,4890.34,WALLET,BANK_ERROR,0,65.0,NOTIFY,SUCCESS,4890.34,2026-08-12 07:44:33.043570
SIM-TXN-04832,CUST-0379,Kunal Patil,78.15,944.76,UPI,BANK_ERROR,2,45.0,STOP,NOT_ATTEMPTED,0.0,2026-08-21 20:29:33.043570
SIM-TXN-04833,CUST-0300,Ananya Kulkarni,75.67,3906.06,NETBANKING,INSUFFICIENT_FUNDS,2,18.0,STOP,NOT_ATTEMPTED,0.0,2026-08-14 01:06:33.043570
SIM-TXN-04834,CUST-0444,Sneha Kulkarni,65.33,4006.97,CARD,BANK_TIMEOUT,2,58.0,STOP,NOT_ATTEMPTED,0.0,2026-08-06 19:23:33.043570
SIM-TXN-04835,CUST-0155,Rohan Deshmukh,94.76,528.98,NETBANKING,BANK_ERROR,0,75.0,RETRY,SUCCESS,528.98,2026-08-10 16:55:33.043570
SIM-TXN-04836,CUST-0150,Ananya Kulkarni,60.1,2629.06,WALLET,UNKNOWN,2,10.0,STOP,NOT_ATTEMPTED,0.0,2026-08-02 01:47:33.043570
SIM-TXN-04837,CUST-0147,Aditya More,71.81,1677.74,WALLET,UNKNOWN,2,10.0,STOP,NOT_ATTEMPTED,0.0,2026-08-27 14:32:33.043570
SIM-TXN-04838,CUST-0238,Pooja Jadhav,86.26,1330.07,CARD,INSUFFICIENT_FUNDS,1,43.0,ESCALATE,SUCCESS,1330.07,2026-08-25 10:40:33.043570
SIM-TXN-04839,CUST-0150,Ananya Kulkarni,60.1,7191.69,UPI,INSUFFICIENT_FUNDS,1,38.0,ESCALATE,SUCCESS,7191.69,2026-08-12 06:22:33.043570
SIM-TXN-04840,CUST-0333,Amit Joshi,57.79,1446.72,CARD,AUTH_FAILED,0,42.0,ESCALATE,SUCCESS,1446.72,2026-08-27 01:43:33.043570
SIM-TXN-04841,CUST-0349,Kunal Patil,59.65,1280.36,CARD,INSUFFICIENT_FUNDS,0,38.0,ESCALATE,SUCCESS,1280.36,2026-08-31 03:35:33.043570
SIM-TXN-04842,CUST-0375,Rohan Deshmukh,97.47,2592.96,UPI,UNKNOWN,2,15.0,STOP,NOT_ATTEMPTED,0.0,2026-08-14 01:34:33.043570
SIM-TXN-04843,CUST-0163,Amit Joshi,49.89,4223.72,WALLET,BANK_TIMEOUT,1,73.0,RETRY,SUCCESS,4223.72,2026-08-22 01:19:33.043570
SIM-TXN-04844,CUST-0007,Aditya More,76.91,2179.13,WALLET,BANK_ERROR,2,45.0,STOP,NOT_ATTEMPTED,0.0,2026-08-11 18:56:33.043570
SIM-TXN-04845,CUST-0344,Sneha Kulkarni,59.36,6204.91,WALLET,BANK_TIMEOUT,0,78.0,RETRY,SUCCESS,6204.91,2026-08-04 20:32:33.043570
SIM-TXN-04846,CUST-0071,Rahul Sharma,73.59,3732.3,CARD,UNKNOWN,0,35.0,ESCALATE,FAILED,0.0,2026-08-04 00:29:33.043570
SIM-TXN-04847,CUST-0457,Aditya More,91.09,427.28,NETBANKING,UNKNOWN,2,15.0,STOP,NOT_ATTEMPTED,0.0,2026-08-14 00:09:33.043570
SIM-TXN-04848,CUST-0065,Rohan Deshmukh,96.51,1597.87,NETBANKING,BANK_ERROR,2,50.0,STOP,NOT_ATTEMPTED,0.0,2026-08-11 01:17:33.043570
SIM-TXN-04849,CUST-0105,Rohan Deshmukh,90.78,1557.02,CARD,UNKNOWN,1,35.0,ESCALATE,FAILED,0.0,2026-08-28 00:23:33.043570
SIM-TXN-04850,CUST-0196,Neha Shah,62.55,3581.33,CARD,BANK_TIMEOUT,2,58.0,STOP,NOT_ATTEMPTED,0.0,2026-08-26 09:04:33.043570
SIM-TXN-04851,CUST-0310,Ananya Kulkarni,45.67,298.91,UPI,BANK_ERROR,2,40.0,STOP,NOT_ATTEMPTED,0.0,2026-08-11 04:53:33.043570
SIM-TXN-04852,CUST-0196,Neha Shah,62.55,18754.85,NETBANKING,BANK_TIMEOUT,2,58.0,STOP,NOT_ATTEMPTED,0.0,2026-08-13 07:31:33.043570
SIM-TXN-04853,CUST-0311,Rahul Sharma,88.58,3732.45,WALLET,UNKNOWN,2,15.0,STOP,NOT_ATTEMPTED,0.0,2026-08-07 20:19:33.043570
SIM-TXN-04854,CUST-0013,Amit Joshi,59.73,2749.3,NETBANKING,AUTH_FAILED,1,37.0,ESCALATE,SUCCESS,2749.3,2026-08-04 03:45:33.043570
SIM-TXN-04855,CUST-0059,Kunal Patil,81.06,6280.81,CARD,INSUFFICIENT_FUNDS,1,43.0,ESCALATE,FAILED,0.0,2026-08-06 01:10:33.043570
SIM-TXN-04856,CUST-0465,Rohan Deshmukh,62.6,15913.5,CARD,AUTH_FAILED,1,42.0,ESCALATE,SUCCESS,15913.5,2026-08-31 12:18:33.043570
SIM-TXN-04857,CUST-0497,Aditya More,92.76,4898.07,UPI,UNKNOWN,0,40.0,ESCALATE,SUCCESS,4898.07,2026-08-16 21:22:33.043570
SIM-TXN-04858,CUST-0150,Ananya Kulkarni,60.1,5213.73,WALLET,BANK_ERROR,1,65.0,NOTIFY,FAILED,0.0,2026-08-25 22:31:33.043570
SIM-TXN-04859,CUST-0367,Aditya More,53.04,2709.59,UPI,INSUFFICIENT_FUNDS,2,13.0,STOP,NOT_ATTEMPTED,0.0,2026-08-04 00:15:33.043570
SIM-TXN-04860,CUST-0111,Rahul Sharma,67.36,2179.34,UPI,UNKNOWN,1,30.0,ESCALATE,SUCCESS,2179.34,2026-08-04 21:23:33.043570
SIM-TXN-04861,CUST-0032,Priya Patil,77.28,1667.97,NETBANKING,BANK_TIMEOUT,0,83.0,RETRY,SUCCESS,1667.97,2026-08-20 06:03:33.043570
SIM-TXN-04862,CUST-0198,Pooja Jadhav,54.46,1260.31,NETBANKING,UNKNOWN,0,30.0,ESCALATE,FAILED,0.0,2026-08-16 19:36:33.043570
SIM-TXN-04863,CUST-0098,Pooja Jadhav,56.35,1408.65,UPI,AUTH_FAILED,1,37.0,ESCALATE,FAILED,0.0,2026-08-11 16:15:33.043570
SIM-TXN-04864,CUST-0245,Rohan Deshmukh,77.47,828.45,NETBANKING,BANK_ERROR,1,65.0,NOTIFY,SUCCESS,828.45,2026-08-10 18:14:33.043570
SIM-TXN-04865,CUST-0022,Priya Patil,91.93,2296.87,UPI,AUTH_FAILED,0,52.0,NOTIFY,FAILED,0.0,2026-08-25 06:55:33.043570
SIM-TXN-04866,CUST-0477,Aditya More,77.73,634.14,NETBANKING,BANK_ERROR,1,65.0,NOTIFY,SUCCESS,634.14,2026-08-22 07:21:33.043570
SIM-TXN-04867,CUST-0282,Priya Patil,69.1,2843.34,UPI,BANK_TIMEOUT,2,58.0,STOP,NOT_ATTEMPTED,0.0,2026-08-03 11:36:33.043570
SIM-TXN-04868,CUST-0080,Ananya Kulkarni,85.59,2370.69,UPI,UNKNOWN,1,35.0,ESCALATE,FAILED,0.0,2026-08-25 18:43:33.043570
SIM-TXN-04869,CUST-0356,Neha Shah,96.64,2745.03,CARD,AUTH_FAILED,1,47.0,ESCALATE,FAILED,0.0,2026-08-21 15:07:33.043570
SIM-TXN-04870,CUST-0048,Pooja Jadhav,67.71,1607.27,WALLET,BANK_TIMEOUT,1,78.0,RETRY,FAILED,0.0,2026-08-25 08:03:33.043570
SIM-TXN-04871,CUST-0217,Aditya More,66.52,28609.33,WALLET,BANK_TIMEOUT,1,78.0,RETRY,SUCCESS,28609.33,2026-08-28 03:32:33.043570
SIM-TXN-04872,CUST-0377,Aditya More,77.31,7245.19,CARD,INSUFFICIENT_FUNDS,2,18.0,STOP,NOT_ATTEMPTED,0.0,2026-08-10 20:33:33.043570
SIM-TXN-04873,CUST-0082,Priya Patil,53.75,901.78,WALLET,BANK_ERROR,0,65.0,NOTIFY,FAILED,0.0,2026-08-03 01:38:33.043570
SIM-TXN-04874,CUST-0171,Rahul Sharma,73.92,2940.38,CARD,UNKNOWN,1,30.0,ESCALATE,SUCCESS,2940.38,2026-08-18 00:24:33.043570
SIM-TXN-04875,CUST-0330,Ananya Kulkarni,82.16,1500.56,NETBANKING,AUTH_FAILED,1,47.0,ESCALATE,SUCCESS,1500.56,2026-08-08 14:45:33.043570
SIM-TXN-04876,CUST-0280,Ananya Kulkarni,54.63,1084.0,NETBANKING,BANK_ERROR,0,65.0,NOTIFY,FAILED,0.0,2026-08-28 02:50:33.043570
SIM-TXN-04877,CUST-0336,Neha Shah,68.75,835.43,CARD,AUTH_FAILED,1,42.0,ESCALATE,SUCCESS,835.43,2026-08-20 00:04:33.043570
SIM-TXN-04878,CUST-0338,Pooja Jadhav,66.43,3448.77,WALLET,BANK_TIMEOUT,2,58.0,STOP,NOT_ATTEMPTED,0.0,2026-08-23 17:24:33.043570
SIM-TXN-04879,CUST-0172,Priya Patil,75.87,1415.02,UPI,AUTH_FAILED,2,22.0,STOP,NOT_ATTEMPTED,0.0,2026-08-16 19:41:33.043570
SIM-TXN-04880,CUST-0277,Aditya More,76.37,5293.64,WALLET,INSUFFICIENT_FUNDS,1,38.0,ESCALATE,FAILED,0.0,2026-08-29 07:31:33.043570
SIM-TXN-04881,CUST-0445,Rohan Deshmukh,71.94,5404.71,CARD,BANK_TIMEOUT,0,83.0,RETRY,SUCCESS,5404.71,2026-08-25 05:57:33.043570
SIM-TXN-04882,CUST-0175,Rohan Deshmukh,92.64,7325.61,WALLET,BANK_TIMEOUT,0,88.0,RETRY,SUCCESS,7325.61,2026-08-19 06:40:33.043570
SIM-TXN-04883,CUST-0221,Rahul Sharma,69.64,1234.09,CARD,AUTH_FAILED,1,42.0,ESCALATE,SUCCESS,1234.09,2026-08-30 19:48:33.043570
SIM-TXN-04884,CUST-0190,Ananya Kulkarni,63.53,3569.9,UPI,INSUFFICIENT_FUNDS,0,43.0,ESCALATE,SUCCESS,3569.9,2026-08-25 08:36:33.043570
SIM-TXN-04885,CUST-0190,Ananya Kulkarni,63.53,4047.94,WALLET,UNKNOWN,0,35.0,ESCALATE,FAILED,0.0,2026-08-01 23:47:33.043570
SIM-TXN-04886,CUST-0412,Priya Patil,96.36,1670.13,CARD,AUTH_FAILED,0,52.0,NOTIFY,FAILED,0.0,2026-08-27 11:20:33.043570
SIM-TXN-04887,CUST-0474,Sneha Kulkarni,65.14,1316.3,UPI,BANK_ERROR,2,45.0,STOP,NOT_ATTEMPTED,0.0,2026-08-22 13:46:33.043570
SIM-TXN-04888,CUST-0392,Priya Patil,93.15,8845.08,CARD,INSUFFICIENT_FUNDS,1,43.0,ESCALATE,FAILED,0.0,2026-08-23 03:23:33.043570
SIM-TXN-04889,CUST-0234,Sneha Kulkarni,75.51,2927.77,UPI,UNKNOWN,0,35.0,ESCALATE,FAILED,0.0,2026-08-24 14:28:33.043570
SIM-TXN-04890,CUST-0150,Ananya Kulkarni,60.1,4059.33,CARD,BANK_TIMEOUT,2,58.0,STOP,NOT_ATTEMPTED,0.0,2026-08-23 16:03:33.043570
SIM-TXN-04891,CUST-0335,Rohan Deshmukh,81.6,1264.38,WALLET,AUTH_FAILED,0,52.0,NOTIFY,SUCCESS,1264.38,2026-08-29 05:06:33.043570
SIM-TXN-04892,CUST-0032,Priya Patil,77.28,920.18,UPI,BANK_TIMEOUT,0,83.0,RETRY,SUCCESS,920.18,2026-08-08 05:35:33.043570
SIM-TXN-04893,CUST-0367,Aditya More,53.04,1547.57,CARD,INSUFFICIENT_FUNDS,0,38.0,ESCALATE,SUCCESS,1547.57,2026-08-15 00:00:33.043570
SIM-TXN-04894,CUST-0251,Rahul Sharma,85.59,2210.08,UPI,BANK_TIMEOUT,1,83.0,RETRY,SUCCESS,2210.08,2026-08-23 18:59:33.043570
SIM-TXN-04895,CUST-0435,Rohan Deshmukh,66.62,1041.72,WALLET,INSUFFICIENT_FUNDS,1,38.0,ESCALATE,SUCCESS,1041.72,2026-08-29 23:07:33.043570
SIM-TXN-04896,CUST-0428,Pooja Jadhav,55.79,2421.46,WALLET,UNKNOWN,0,30.0,ESCALATE,FAILED,0.0,2026-08-28 07:16:33.043570
SIM-TXN-04897,CUST-0324,Sneha Kulkarni,75.2,632.19,WALLET,BANK_ERROR,1,65.0,NOTIFY,FAILED,0.0,2026-08-21 13:33:33.043570
SIM-TXN-04898,CUST-0180,Ananya Kulkarni,94.07,996.21,WALLET,INSUFFICIENT_FUNDS,1,43.0,ESCALATE,FAILED,0.0,2026-08-03 15:24:33.043570
SIM-TXN-04899,CUST-0311,Rahul Sharma,88.58,4174.41,WALLET,AUTH_FAILED,2,27.0,STOP,NOT_ATTEMPTED,0.0,2026-08-12 11:08:33.043570
SIM-TXN-04900,CUST-0100,Ananya Kulkarni,75.54,3956.17,NETBANKING,BANK_TIMEOUT,0,83.0,RETRY,SUCCESS,3956.17,2026-08-18 11:26:33.043570
SIM-TXN-04901,CUST-0078,Pooja Jadhav,49.54,1783.8,NETBANKING,BANK_TIMEOUT,0,78.0,RETRY,FAILED,0.0,2026-08-19 01:52:33.043570
SIM-TXN-04902,CUST-0350,Ananya Kulkarni,96.76,1081.16,CARD,INSUFFICIENT_FUNDS,1,43.0,ESCALATE,FAILED,0.0,2026-08-10 02:05:33.043570
SIM-TXN-04903,CUST-0066,Neha Shah,71.91,1072.85,UPI,INSUFFICIENT_FUNDS,1,38.0,ESCALATE,SUCCESS,1072.85,2026-08-30 04:17:33.043570
SIM-TXN-04904,CUST-0361,Rahul Sharma,70.37,1810.55,UPI,BANK_TIMEOUT,1,78.0,RETRY,SUCCESS,1810.55,2026-08-23 13:19:33.043570
SIM-TXN-04905,CUST-0344,Sneha Kulkarni,59.36,4087.2,UPI,BANK_TIMEOUT,0,78.0,RETRY,SUCCESS,4087.2,2026-08-30 22:36:33.043570
SIM-TXN-04906,CUST-0301,Rahul Sharma,75.52,5128.64,NETBANKING,BANK_TIMEOUT,0,83.0,RETRY,SUCCESS,5128.64,2026-08-06 04:01:33.043570
SIM-TXN-04907,CUST-0023,Amit Joshi,75.6,1640.53,CARD,BANK_TIMEOUT,1,78.0,RETRY,SUCCESS,1640.53,2026-08-24 17:22:33.043570
SIM-TXN-04908,CUST-0017,Aditya More,77.0,969.91,NETBANKING,BANK_TIMEOUT,2,58.0,STOP,NOT_ATTEMPTED,0.0,2026-08-27 19:32:33.043570
SIM-TXN-04909,CUST-0368,Pooja Jadhav,95.3,3023.82,NETBANKING,BANK_TIMEOUT,1,83.0,RETRY,FAILED,0.0,2026-08-29 00:00:33.043570
SIM-TXN-04910,CUST-0234,Sneha Kulkarni,75.51,1262.91,CARD,INSUFFICIENT_FUNDS,0,43.0,ESCALATE,SUCCESS,1262.91,2026-08-24 21:24:33.043570
SIM-TXN-04911,CUST-0257,Aditya More,52.33,1612.27,NETBANKING,INSUFFICIENT_FUNDS,1,33.0,ESCALATE,FAILED,0.0,2026-08-29 02:27:33.043570
SIM-TXN-04912,CUST-0096,Neha Shah,48.76,7046.04,WALLET,BANK_TIMEOUT,1,73.0,RETRY,SUCCESS,7046.04,2026-08-13 06:22:33.043570
SIM-TXN-04913,CUST-0197,Aditya More,51.11,4730.06,WALLET,BANK_TIMEOUT,2,53.0,STOP,NOT_ATTEMPTED,0.0,2026-08-19 10:02:33.043570
SIM-TXN-04914,CUST-0437,Aditya More,69.46,2769.38,CARD,BANK_TIMEOUT,0,83.0,RETRY,SUCCESS,2769.38,2026-08-11 05:47:33.043570
SIM-TXN-04915,CUST-0047,Aditya More,73.57,882.24,WALLET,UNKNOWN,2,10.0,STOP,NOT_ATTEMPTED,0.0,2026-08-08 02:28:33.043570
SIM-TXN-04916,CUST-0419,Kunal Patil,46.94,2890.3,WALLET,AUTH_FAILED,1,37.0,ESCALATE,SUCCESS,2890.3,2026-08-25 09:14:33.043570
SIM-TXN-04917,CUST-0073,Amit Joshi,62.18,5710.87,NETBANKING,BANK_ERROR,1,65.0,NOTIFY,FAILED,0.0,2026-08-28 17:51:33.043570
SIM-TXN-04918,CUST-0462,Priya Patil,65.46,1807.13,WALLET,BANK_TIMEOUT,2,58.0,STOP,NOT_ATTEMPTED,0.0,2026-08-07 15:21:33.043570
SIM-TXN-04919,CUST-0149,Kunal Patil,91.6,7193.2,UPI,BANK_TIMEOUT,2,63.0,STOP,NOT_ATTEMPTED,0.0,2026-08-31 17:29:33.043570
SIM-TXN-04920,CUST-0073,Amit Joshi,62.18,6865.03,WALLET,BANK_TIMEOUT,2,58.0,STOP,NOT_ATTEMPTED,0.0,2026-08-04 01:10:33.043570
SIM-TXN-04921,CUST-0045,Rohan Deshmukh,52.57,9237.13,WALLET,BANK_ERROR,0,65.0,NOTIFY,SUCCESS,9237.13,2026-08-28 14:33:33.043570
SIM-TXN-04922,CUST-0013,Amit Joshi,59.73,3115.65,NETBANKING,AUTH_FAILED,1,37.0,ESCALATE,SUCCESS,3115.65,2026-08-08 07:25:33.043570
SIM-TXN-04923,CUST-0254,Sneha Kulkarni,82.82,3904.61,WALLET,INSUFFICIENT_FUNDS,2,23.0,STOP,NOT_ATTEMPTED,0.0,2026-08-11 00:36:33.043570
SIM-TXN-04924,CUST-0374,Sneha Kulkarni,60.76,7565.47,CARD,BANK_TIMEOUT,0,83.0,RETRY,SUCCESS,7565.47,2026-08-20 22:36:33.043570
SIM-TXN-04925,CUST-0433,Amit Joshi,82.62,3490.9,CARD,AUTH_FAILED,1,47.0,ESCALATE,FAILED,0.0,2026-08-10 22:15:33.043570
SIM-TXN-04926,CUST-0416,Neha Shah,66.82,1634.37,UPI,BANK_TIMEOUT,0,83.0,RETRY,SUCCESS,1634.37,2026-08-28 14:40:33.043570
SIM-TXN-04927,CUST-0027,Aditya More,65.15,1704.74,CARD,AUTH_FAILED,0,47.0,ESCALATE,FAILED,0.0,2026-08-25 12:04:33.043570
SIM-TXN-04928,CUST-0059,Kunal Patil,81.06,2953.79,NETBANKING,INSUFFICIENT_FUNDS,2,23.0,STOP,NOT_ATTEMPTED,0.0,2026-08-03 19:57:33.043570
SIM-TXN-04929,CUST-0089,Kunal Patil,68.93,869.18,CARD,AUTH_FAILED,1,42.0,ESCALATE,FAILED,0.0,2026-08-14 11:21:33.043570
SIM-TXN-04930,CUST-0034,Sneha Kulkarni,53.66,2176.32,CARD,BANK_ERROR,2,40.0,STOP,NOT_ATTEMPTED,0.0,2026-08-04 02:12:33.043570
SIM-TXN-04931,CUST-0319,Kunal Patil,68.09,5867.82,UPI,INSUFFICIENT_FUNDS,1,38.0,ESCALATE,FAILED,0.0,2026-08-30 14:45:33.043570
SIM-TXN-04932,CUST-0228,Pooja Jadhav,80.66,422.84,UPI,BANK_ERROR,0,75.0,RETRY,FAILED,0.0,2026-08-19 17:13:33.043570
SIM-TXN-04933,CUST-0088,Pooja Jadhav,68.22,8329.72,UPI,AUTH_FAILED,2,22.0,STOP,NOT_ATTEMPTED,0.0,2026-08-05 12:54:33.043570
SIM-TXN-04934,CUST-0072,Priya Patil,93.68,5990.32,WALLET,UNKNOWN,2,15.0,STOP,NOT_ATTEMPTED,0.0,2026-08-04 19:54:33.043570
SIM-TXN-04935,CUST-0179,Kunal Patil,96.61,1689.5,NETBANKING,INSUFFICIENT_FUNDS,1,43.0,ESCALATE,FAILED,0.0,2026-08-13 11:03:33.043570
SIM-TXN-04936,CUST-0394,Sneha Kulkarni,87.01,3769.56,UPI,BANK_ERROR,1,70.0,RETRY,FAILED,0.0,2026-08-11 19:34:33.043570
SIM-TXN-04937,CUST-0038,Pooja Jadhav,57.14,2446.76,UPI,UNKNOWN,0,30.0,ESCALATE,FAILED,0.0,2026-08-26 18:03:33.043570
SIM-TXN-04938,CUST-0485,Rohan Deshmukh,60.55,6528.89,CARD,BANK_TIMEOUT,0,83.0,RETRY,FAILED,0.0,2026-08-21 11:32:33.043570
SIM-TXN-04939,CUST-0255,Rohan Deshmukh,59.4,5356.93,WALLET,UNKNOWN,2,5.0,STOP,NOT_ATTEMPTED,0.0,2026-08-24 17:17:33.043570
SIM-TXN-04940,CUST-0149,Kunal Patil,91.6,796.27,UPI,UNKNOWN,2,15.0,STOP,NOT_ATTEMPTED,0.0,2026-08-28 09:25:33.043570
SIM-TXN-04941,CUST-0064,Sneha Kulkarni,95.55,3904.21,CARD,INSUFFICIENT_FUNDS,2,23.0,STOP,NOT_ATTEMPTED,0.0,2026-08-21 00:06:33.043570
SIM-TXN-04942,CUST-0311,Rahul Sharma,88.58,2070.4,WALLET,BANK_TIMEOUT,2,63.0,STOP,NOT_ATTEMPTED,0.0,2026-08-17 23:47:33.043570
SIM-TXN-04943,CUST-0332,Priya Patil,95.25,2607.81,UPI,BANK_TIMEOUT,1,83.0,RETRY,SUCCESS,2607.81,2026-08-21 05:31:33.043570
SIM-TXN-04944,CUST-0246,Neha Shah,67.62,1363.03,UPI,INSUFFICIENT_FUNDS,2,18.0,STOP,NOT_ATTEMPTED,0.0,2026-08-24 07:54:33.043570
SIM-TXN-04945,CUST-0246,Neha Shah,67.62,9882.39,CARD,BANK_ERROR,2,45.0,STOP,NOT_ATTEMPTED,0.0,2026-08-25 22:42:33.043570
SIM-TXN-04946,CUST-0278,Pooja Jadhav,49.45,5608.56,CARD,INSUFFICIENT_FUNDS,1,33.0,ESCALATE,FAILED,0.0,2026-08-21 11:18:33.043570
SIM-TXN-04947,CUST-0279,Kunal Patil,52.19,1350.44,NETBANKING,AUTH_FAILED,0,42.0,ESCALATE,SUCCESS,1350.44,2026-08-31 14:07:33.043570
SIM-TXN-04948,CUST-0204,Sneha Kulkarni,82.57,839.08,CARD,INSUFFICIENT_FUNDS,1,43.0,ESCALATE,FAILED,0.0,2026-08-09 14:43:33.043570
SIM-TXN-04949,CUST-0304,Sneha Kulkarni,57.87,1792.67,WALLET,BANK_TIMEOUT,1,73.0,RETRY,SUCCESS,1792.67,2026-08-25 05:10:33.043570
SIM-TXN-04950,CUST-0426,Neha Shah,78.0,3455.08,UPI,INSUFFICIENT_FUNDS,2,18.0,STOP,NOT_ATTEMPTED,0.0,2026-08-10 15:38:33.043570
SIM-TXN-04951,CUST-0230,Ananya Kulkarni,46.29,2957.69,UPI,AUTH_FAILED,1,37.0,ESCALATE,FAILED,0.0,2026-08-16 13:48:33.043570
SIM-TXN-04952,CUST-0087,Aditya More,97.74,6650.89,UPI,BANK_TIMEOUT,1,83.0,RETRY,SUCCESS,6650.89,2026-08-28 08:33:33.043570
SIM-TXN-04953,CUST-0124,Sneha Kulkarni,53.2,4591.38,UPI,INSUFFICIENT_FUNDS,0,38.0,ESCALATE,SUCCESS,4591.38,2026-08-30 02:53:33.043570
SIM-TXN-04954,CUST-0245,Rohan Deshmukh,77.47,5301.02,CARD,BANK_ERROR,1,65.0,NOTIFY,SUCCESS,5301.02,2026-08-29 05:53:33.043570
SIM-TXN-04955,CUST-0429,Kunal Patil,51.94,3169.99,NETBANKING,BANK_ERROR,0,65.0,NOTIFY,SUCCESS,3169.99,2026-08-10 08:16:33.043570
SIM-TXN-04956,CUST-0468,Pooja Jadhav,45.81,803.17,UPI,AUTH_FAILED,1,37.0,ESCALATE,SUCCESS,803.17,2026-08-05 02:05:33.043570
SIM-TXN-04957,CUST-0471,Rahul Sharma,62.94,2086.91,NETBANKING,INSUFFICIENT_FUNDS,0,43.0,ESCALATE,FAILED,0.0,2026-08-06 18:25:33.043570
SIM-TXN-04958,CUST-0457,Aditya More,91.09,5699.15,WALLET,UNKNOWN,1,35.0,ESCALATE,FAILED,0.0,2026-08-28 07:26:33.043570
SIM-TXN-04959,CUST-0097,Aditya More,59.76,2342.05,CARD,AUTH_FAILED,2,17.0,STOP,NOT_ATTEMPTED,0.0,2026-08-17 19:58:33.043570
SIM-TXN-04960,CUST-0445,Rohan Deshmukh,71.94,3649.96,UPI,BANK_ERROR,2,45.0,STOP,NOT_ATTEMPTED,0.0,2026-08-26 01:00:33.043570
SIM-TXN-04961,CUST-0226,Neha Shah,77.82,1891.27,UPI,BANK_TIMEOUT,1,78.0,RETRY,SUCCESS,1891.27,2026-08-03 13:58:33.043570
SIM-TXN-04962,CUST-0029,Kunal Patil,53.62,1070.79,NETBANKING,INSUFFICIENT_FUNDS,0,38.0,ESCALATE,SUCCESS,1070.79,2026-08-29 06:06:33.043570
SIM-TXN-04963,CUST-0095,Rohan Deshmukh,92.99,2211.28,CARD,BANK_TIMEOUT,2,63.0,STOP,NOT_ATTEMPTED,0.0,2026-08-22 03:26:33.043570
SIM-TXN-04964,CUST-0288,Pooja Jadhav,56.88,3125.15,WALLET,INSUFFICIENT_FUNDS,1,33.0,ESCALATE,FAILED,0.0,2026-08-04 01:21:33.043570
SIM-TXN-04965,CUST-0321,Rahul Sharma,89.03,1444.4,UPI,BANK_TIMEOUT,0,88.0,RETRY,SUCCESS,1444.4,2026-08-02 14:38:33.043570
SIM-TXN-04966,CUST-0064,Sneha Kulkarni,95.55,2021.17,CARD,BANK_TIMEOUT,1,83.0,RETRY,SUCCESS,2021.17,2026-08-04 16:39:33.043570
SIM-TXN-04967,CUST-0330,Ananya Kulkarni,82.16,1151.05,UPI,AUTH_FAILED,1,47.0,ESCALATE,SUCCESS,1151.05,2026-08-27 19:19:33.043570
SIM-TXN-04968,CUST-0387,Aditya More,48.77,5975.34,WALLET,UNKNOWN,2,5.0,STOP,NOT_ATTEMPTED,0.0,2026-08-31 01:26:33.043570
SIM-TXN-04969,CUST-0308,Pooja Jadhav,73.24,1928.38,CARD,BANK_ERROR,0,70.0,RETRY,SUCCESS,1928.38,2026-08-10 09:26:33.043570
SIM-TXN-04970,CUST-0209,Kunal Patil,78.03,7802.54,UPI,AUTH_FAILED,2,22.0,STOP,NOT_ATTEMPTED,0.0,2026-08-27 07:30:33.043570
SIM-TXN-04971,CUST-0009,Kunal Patil,67.23,8291.6,UPI,BANK_ERROR,0,70.0,RETRY,FAILED,0.0,2026-08-24 11:26:33.043570
SIM-TXN-04972,CUST-0328,Pooja Jadhav,87.29,2287.38,CARD,BANK_TIMEOUT,1,83.0,RETRY,SUCCESS,2287.38,2026-08-19 07:22:33.043570
SIM-TXN-04973,CUST-0334,Sneha Kulkarni,70.89,1089.25,CARD,INSUFFICIENT_FUNDS,1,38.0,ESCALATE,FAILED,0.0,2026-08-27 22:09:33.043570
SIM-TXN-04974,CUST-0232,Priya Patil,90.04,460.03,WALLET,BANK_ERROR,2,50.0,STOP,NOT_ATTEMPTED,0.0,2026-08-30 16:37:33.043570
SIM-TXN-04975,CUST-0148,Pooja Jadhav,94.46,751.72,NETBANKING,UNKNOWN,1,35.0,ESCALATE,FAILED,0.0,2026-08-05 23:28:33.043570
SIM-TXN-04976,CUST-0414,Sneha Kulkarni,62.02,813.16,NETBANKING,AUTH_FAILED,1,42.0,ESCALATE,SUCCESS,813.16,2026-08-28 23:39:33.043570
SIM-TXN-04977,CUST-0189,Kunal Patil,55.58,7352.35,WALLET,UNKNOWN,1,25.0,ESCALATE,SUCCESS,7352.35,2026-08-19 02:29:33.043570
SIM-TXN-04978,CUST-0278,Pooja Jadhav,49.45,2677.56,CARD,UNKNOWN,1,25.0,ESCALATE,FAILED,0.0,2026-08-13 07:28:33.043570
SIM-TXN-04979,CUST-0482,Priya Patil,68.51,3333.19,NETBANKING,BANK_ERROR,1,65.0,NOTIFY,FAILED,0.0,2026-08-14 13:33:33.043570
SIM-TXN-04980,CUST-0195,Rohan Deshmukh,66.18,413.09,WALLET,AUTH_FAILED,1,42.0,ESCALATE,FAILED,0.0,2026-08-25 04:30:33.043570
SIM-TXN-04981,CUST-0102,Priya Patil,55.09,936.01,NETBANKING,AUTH_FAILED,2,17.0,STOP,NOT_ATTEMPTED,0.0,2026-08-10 19:33:33.043570
SIM-TXN-04982,CUST-0403,Amit Joshi,58.27,4962.49,CARD,BANK_TIMEOUT,2,53.0,STOP,NOT_ATTEMPTED,0.0,2026-08-17 20:43:33.043570
SIM-TXN-04983,CUST-0336,Neha Shah,68.75,3069.96,WALLET,AUTH_FAILED,2,22.0,STOP,NOT_ATTEMPTED,0.0,2026-08-09 01:45:33.043570
SIM-TXN-04984,CUST-0438,Pooja Jadhav,79.33,2169.46,WALLET,BANK_ERROR,0,70.0,RETRY,SUCCESS,2169.46,2026-08-19 14:44:33.043570
SIM-TXN-04985,CUST-0425,Rohan Deshmukh,54.94,3834.81,NETBANKING,BANK_TIMEOUT,0,78.0,RETRY,SUCCESS,3834.81,2026-08-22 18:11:33.043570
SIM-TXN-04986,CUST-0243,Amit Joshi,80.38,9032.99,WALLET,BANK_ERROR,0,75.0,RETRY,FAILED,0.0,2026-08-29 12:06:33.043570
SIM-TXN-04987,CUST-0149,Kunal Patil,91.6,2045.03,WALLET,BANK_TIMEOUT,2,63.0,STOP,NOT_ATTEMPTED,0.0,2026-08-27 07:34:33.043570
SIM-TXN-04988,CUST-0112,Priya Patil,69.52,2579.87,NETBANKING,AUTH_FAILED,1,42.0,ESCALATE,SUCCESS,2579.87,2026-08-21 09:19:33.043570
SIM-TXN-04989,CUST-0306,Neha Shah,87.69,2847.16,UPI,INSUFFICIENT_FUNDS,1,43.0,ESCALATE,SUCCESS,2847.16,2026-08-15 16:45:33.043570
SIM-TXN-04990,CUST-0164,Sneha Kulkarni,88.96,16542.49,NETBANKING,INSUFFICIENT_FUNDS,2,23.0,STOP,NOT_ATTEMPTED,0.0,2026-08-03 05:47:33.043570
SIM-TXN-04991,CUST-0306,Neha Shah,87.69,455.1,NETBANKING,BANK_TIMEOUT,1,83.0,RETRY,SUCCESS,455.1,2026-08-02 03:54:33.043570
SIM-TXN-04992,CUST-0027,Aditya More,65.15,4215.73,NETBANKING,BANK_ERROR,0,70.0,RETRY,FAILED,0.0,2026-08-29 06:09:33.043570
SIM-TXN-04993,CUST-0389,Kunal Patil,76.26,2226.44,UPI,BANK_TIMEOUT,2,58.0,STOP,NOT_ATTEMPTED,0.0,2026-08-23 01:32:33.043570
SIM-TXN-04994,CUST-0229,Kunal Patil,87.75,3840.73,WALLET,BANK_TIMEOUT,0,88.0,RETRY,SUCCESS,3840.73,2026-08-28 15:43:33.043570
SIM-TXN-04995,CUST-0162,Priya Patil,70.89,1442.46,NETBANKING,BANK_TIMEOUT,2,58.0,STOP,NOT_ATTEMPTED,0.0,2026-08-30 09:52:33.043570
SIM-TXN-04996,CUST-0497,Aditya More,92.76,2346.85,CARD,INSUFFICIENT_FUNDS,2,23.0,STOP,NOT_ATTEMPTED,0.0,2026-08-03 02:10:33.043570
SIM-TXN-04997,CUST-0033,Amit Joshi,73.31,4311.88,NETBANKING,BANK_ERROR,2,45.0,STOP,NOT_ATTEMPTED,0.0,2026-08-17 18:31:33.043570
SIM-TXN-04998,CUST-0057,Aditya More,73.04,29446.44,CARD,BANK_ERROR,2,45.0,STOP,NOT_ATTEMPTED,0.0,2026-08-30 17:40:33.043570
SIM-TXN-04999,CUST-0003,Amit Joshi,84.03,4658.41,NETBANKING,BANK_TIMEOUT,0,88.0,RETRY,SUCCESS,4658.41,2026-08-27 09:10:33.043570
SIM-TXN-05000,CUST-0049,Kunal Patil,66.17,1238.37,NETBANKING,BANK_ERROR,0,70.0,RETRY,FAILED,0.0,2026-08-08 03:05:33.043570
